accident_id,date,time,city,latitude,longitude,weather,severity,vehicle_type,cause,casualties,reported_by
A300000,2022-06-16,18:28,Pune,13.847645,70.254967,Hazy,Minor,Truck,Distracted,0,Police
A300001,2022-10-21,13:25,Lucknow,23.169405,69.839047,Hazy,Severe,Car,Unknown,0,Insurance
A300002,2023-02-20,09:00,Bengaluru,9.500948,71.478841,Clear,Moderate,Car,Weather,2,Citizen
A300003,2023-10-18,06:12,Delhi,20.659165,76.30934,Rain,Minor,Bus,Unknown,0,Citizen
A300004,2022-08-15,21:04,Chennai,14.593009,68.297978,Clear,Minor,Motorcycle,Speeding,1,Police
A300005,2021-01-04,22:31,Chennai,13.534593,76.054824,Rain,Minor,Bus,Distracted,1,Police
A300006,2025-05-14,00:02,Mumbai,8.04701,69.610019,Clear,Fatal,Bus,Drunk Driving,0,Insurance
A300007,2025-03-04,14:27,Bengaluru,24.722369,70.111564,Clear,Minor,Motorcycle,Speeding,0,Police
A300008,2025-09-26,18:19,Chennai,22.192525,75.551767,Rain,Moderate,Bus,Speeding,1,Police
A300009,2025-09-29,22:15,Delhi,16.300485,75.549709,Fog,Minor,Car,Weather,0,Police
A300010,2024-02-10,21:13,Delhi,23.603603,74.271247,Rain,Minor,Motorcycle,Drunk Driving,0,Police
A300011,2024-09-30,14:54,Jaipur,23.040864,72.813536,Clear,Moderate,Motorcycle,Speeding,0,Police
A300012,2023-05-16,00:07,Bengaluru,17.865819,72.148314,Snow (rare),Minor,Car,Drunk Driving,1,Citizen
A300013,2022-02-10,14:10,Chennai,15.884824,70.655469,Fog,Minor,Car,Drunk Driving,0,Police
A300014,2025-03-31,04:49,Mumbai,9.785941,69.857037,Clear,Minor,Car,Weather,1,Police
A300015,2024-05-09,11:25,Mumbai,11.549965,70.612558,Clear,Minor,Bus,Drunk Driving,0,Police
A300016,2024-05-01,03:34,Lucknow,15.732317,73.8398,Clear,Minor,Car,Speeding,0,Citizen
A300017,2021-01-28,21:26,Chennai,9.533136,77.099871,Clear,Moderate,Car,Distracted,0,Police
A300018,2021-05-16,11:08,Delhi,13.945034,77.627232,Clear,Severe,Bicycle,Speeding,0,Police
A300019,2021-10-04,07:31,Surat,22.276362,72.505926,Rain,Minor,Motorcycle,Distracted,0,Police
A300020,2021-12-12,02:32,Delhi,25.241434,75.897172,Hazy,Minor,Motorcycle,Bad Road,0,Police
A300021,2021-07-05,15:57,Pune,19.592562,77.087709,Fog,Minor,Car,Drunk Driving,0,Police
A300022,2023-09-27,13:20,Kolkata,10.948244,69.291779,Clear,Minor,Bus,Speeding,1,Police
A300023,2023-10-25,08:42,Jaipur,23.535272,69.861399,Rain,Moderate,Car,Unknown,1,Police
A300024,2022-03-03,06:36,Surat,25.812687,72.427845,Storm,Minor,Motorcycle,Weather,0,Police
A300025,2022-07-23,01:09,Hyderabad,20.495475,72.451235,Clear,Severe,Motorcycle,Unknown,1,Citizen
A300026,2024-09-09,07:25,Mumbai,20.029421,75.540074,Rain,Minor,Truck,Mechanical Failure,0,Police
A300027,2021-02-20,08:05,Mumbai,25.50166,73.176357,Clear,Minor,Motorcycle,Bad Road,0,Citizen
A300028,2023-10-31,13:07,Bengaluru,22.859368,77.531553,Rain,Minor,Motorcycle,Distracted,0,Police
A300029,2022-03-08,20:38,Hyderabad,8.827138,68.880949,Clear,Minor,Car,Unknown,0,Police
A300030,2021-01-14,04:52,Lucknow,24.679304,75.704078,Clear,Severe,Bus,Distracted,2,Police
A300031,2025-03-28,11:14,Lucknow,14.161638,70.027551,Clear,Minor,Motorcycle,Distracted,0,Police
A300032,2022-02-01,10:29,Mumbai,13.099155,75.882313,Clear,Minor,Bus,Bad Road,0,Police
A300033,2021-03-04,04:34,Kolkata,20.352482,71.186523,Fog,Minor,Bus,Bad Road,0,Police
A300034,2024-11-08,20:10,Chennai,18.288066,76.033923,Clear,Moderate,Bus,Unknown,0,Citizen
A300035,2022-05-02,16:29,Surat,17.689959,71.589748,Clear,Moderate,Bus,Distracted,0,Citizen
A300036,2023-03-06,19:03,Surat,10.184086,69.631647,Clear,Minor,Bicycle,Drunk Driving,0,Citizen
A300037,2021-05-21,14:03,Lucknow,17.992106,71.894666,Fog,Moderate,Car,Drunk Driving,1,Insurance
A300038,2024-12-19,04:18,Chennai,16.745573,74.809779,Clear,Minor,Motorcycle,Bad Road,0,Citizen
A300039,2024-04-10,22:34,Bengaluru,8.793212,68.685376,Clear,Minor,Bus,Drunk Driving,0,Police
A300040,2021-02-01,15:29,Pune,24.567496,70.781246,Clear,Minor,Bicycle,Speeding,0,Citizen
A300041,2021-09-02,03:58,Pune,8.975405,77.675066,Hazy,Minor,Motorcycle,Unknown,0,Police
A300042,2025-06-28,03:13,Pune,13.254791,77.101981,Clear,Minor,Bus,Distracted,0,Police
A300043,2023-12-30,00:25,Pune,24.57764,71.373718,Clear,Severe,Pedestrian,Distracted,0,Police
A300044,2021-11-03,20:14,Lucknow,21.268229,68.518056,Clear,Minor,Motorcycle,Mechanical Failure,0,Police
A300045,2023-04-15,12:01,Hyderabad,25.587427,75.068995,Hazy,Fatal,Car,Bad Road,1,Police
A300046,2022-09-19,19:39,Pune,22.677351,74.848384,Storm,Minor,Truck,Unknown,0,Police
A300047,2021-08-12,03:26,Kolkata,25.753371,70.514999,Rain,Minor,Pedestrian,Distracted,0,Police
A300048,2022-07-20,14:42,Jaipur,28.119735,70.527764,Clear,Moderate,Motorcycle,Drunk Driving,0,Citizen
A300049,2022-03-17,09:54,Jaipur,27.959961,76.021574,Rain,Minor,Motorcycle,Mechanical Failure,0,Police
A300050,2025-03-22,11:23,Mumbai,13.405242,77.072928,Clear,Moderate,Motorcycle,Weather,0,Police
A300051,2022-01-30,15:21,Chennai,28.128504,73.148884,Rain,Moderate,Bus,Weather,1,Police
A300052,2021-01-23,00:45,Surat,21.699429,73.361855,Clear,Moderate,Motorcycle,Unknown,0,Police
A300053,2023-06-22,20:44,Pune,9.596914,70.95432,Clear,Minor,Car,Speeding,0,Police
A300054,2021-08-22,17:24,Lucknow,19.227702,73.404836,Clear,Severe,Truck,Unknown,0,Police
A300055,2021-12-28,18:37,Surat,18.401668,71.494628,Fog,Minor,Motorcycle,Drunk Driving,0,Police
A300056,2025-05-07,14:55,Delhi,19.914044,77.001768,Clear,Minor,Motorcycle,Unknown,0,Citizen
A300057,2021-07-16,19:28,Bengaluru,11.495423,70.155697,Clear,Moderate,Car,Bad Road,0,Police
A300058,2024-12-03,06:35,Mumbai,17.130768,74.367695,Rain,Minor,Motorcycle,Weather,0,Police
A300059,2023-03-31,03:34,Kolkata,21.027618,75.495994,Clear,Minor,Car,Drunk Driving,0,Police
A300060,2023-02-28,15:49,Chennai,28.136669,68.846329,Clear,Moderate,Car,Unknown,0,Police
A300061,2024-09-06,21:09,Mumbai,17.381486,74.343054,Clear,Minor,Motorcycle,Drunk Driving,0,Police
A300062,2025-09-15,17:17,Hyderabad,18.756615,70.899304,Fog,Minor,Motorcycle,Weather,1,Insurance
A300063,2024-01-22,02:14,Delhi,15.759416,74.152785,Fog,Minor,Car,Mechanical Failure,0,Citizen
A300064,2023-05-02,22:13,Pune,10.672876,75.962565,Clear,Minor,Motorcycle,Distracted,0,Police
A300065,2025-02-14,10:02,,14.361356,70.247853,Rain,Moderate,Pedestrian,Unknown,1,Citizen
A300066,2022-12-20,19:07,Mumbai,12.961327,68.489652,Clear,Moderate,Truck,Drunk Driving,0,Police
A300067,2024-04-29,20:07,Delhi,21.43087,70.270463,Clear,Moderate,Car,Weather,0,Citizen
A300068,2021-07-30,08:14,Lucknow,19.042329,75.984029,Clear,Minor,Truck,Unknown,1,Hospital
A300069,2024-04-17,13:18,Chennai,20.971922,73.46126,Clear,Minor,Car,Weather,0,Insurance
A300070,2022-08-28,06:44,Kolkata,19.555729,71.080877,Rain,Minor,Bicycle,Bad Road,0,Citizen
A300071,2025-01-12,09:07,Jaipur,19.147682,75.443116,Clear,Moderate,Car,Distracted,0,Police
A300072,2025-04-18,01:16,Hyderabad,23.640779,72.290176,Hazy,Minor,Motorcycle,Weather,0,Police
A300073,2021-08-15,06:19,Chennai,24.538505,74.24216,Rain,Severe,Truck,Unknown,0,Police
A300074,2023-04-05,01:17,Delhi,27.917848,74.692602,Clear,Moderate,Car,Bad Road,0,Hospital
A300075,2022-12-04,01:06,Bengaluru,25.500599,75.750709,Rain,Minor,Car,Speeding,0,Police
A300076,2024-02-17,20:01,Lucknow,11.286444,71.276153,Clear,Minor,Motorcycle,Weather,1,Citizen
A300077,2024-04-27,19:05,Delhi,16.477397,72.390926,Clear,Minor,Truck,Drunk Driving,0,Police
A300078,2022-01-23,22:22,Bengaluru,24.164501,74.540976,Storm,Minor,Car,Speeding,0,Police
A300079,2025-07-12,07:35,Delhi,9.87388,73.360333,Clear,Minor,Car,Mechanical Failure,0,Police
A300080,2023-08-30,14:17,Bengaluru,21.146016,73.857078,Clear,Minor,Bicycle,Unknown,1,Hospital
A300081,2021-06-26,15:43,Pune,20.559375,68.322911,Clear,Minor,Bus,Unknown,0,Citizen
A300082,2023-09-22,08:13,Bengaluru,14.984631,74.927133,Hazy,Minor,Car,Distracted,0,Police
A300083,2023-06-04,08:16,Lucknow,28.047776,68.979069,Fog,Minor,Motorcycle,Mechanical Failure,0,Citizen
A300084,2025-04-11,12:19,Pune,14.398361,75.568124,Clear,Minor,Motorcycle,Bad Road,1,Citizen
A300085,2023-09-12,06:06,Jaipur,22.867396,77.616724,Clear,Moderate,Car,Drunk Driving,2,Police
A300086,2024-10-20,14:46,Jaipur,23.362722,73.638376,Fog,Moderate,Bicycle,Mechanical Failure,0,Police
A300087,2025-05-02,14:04,Lucknow,24.948078,74.476718,Storm,Minor,Motorcycle,Mechanical Failure,0,Police
A300088,2022-09-23,16:57,Bengaluru,8.863127,74.934906,Fog,Severe,Car,Mechanical Failure,0,Hospital
A300089,2021-05-25,19:14,Pune,14.980755,68.79232,Rain,Moderate,Car,Weather,0,Police
A300090,2025-08-11,08:31,Kolkata,8.371351,72.828402,Hazy,Fatal,Car,Weather,1,Police
A300091,2021-08-27,00:24,Hyderabad,20.75411,69.209107,Fog,Minor,Motorcycle,Distracted,0,Police
A300092,2024-05-17,01:18,Jaipur,24.437258,68.965568,Rain,Moderate,Bus,Drunk Driving,0,Police
A300093,2022-04-03,09:38,Surat,28.511625,75.802149,Clear,Moderate,Bus,Bad Road,0,Citizen
A300094,2022-11-21,03:00,Jaipur,23.749164,72.513565,Rain,Minor,Car,Bad Road,0,Police
A300095,2021-04-29,00:13,Hyderabad,13.055283,77.092492,Fog,Minor,Motorcycle,Weather,2,Citizen
A300096,2022-06-08,14:24,Delhi,13.078887,70.500359,Fog,Fatal,Bicycle,Unknown,0,Police
A300097,2022-10-02,09:01,Kolkata,25.999449,72.8121,Rain,Moderate,Truck,Drunk Driving,1,Police
A300098,2025-05-30,13:57,Delhi,25.61861,70.386797,Clear,Moderate,Truck,Distracted,0,Police
A300099,2022-12-16,05:50,Hyderabad,16.250954,75.311533,Clear,Minor,Motorcycle,Unknown,0,Hospital
A300100,2024-05-06,06:37,Bengaluru,28.250409,70.93751,Rain,Minor,Car,Bad Road,1,Police
A300101,2023-04-29,00:38,Delhi,18.916315,76.226474,Clear,Severe,Car,Drunk Driving,0,Insurance
A300102,2025-03-02,20:18,Bengaluru,25.234925,74.590809,Clear,Severe,Motorcycle,Drunk Driving,1,Insurance
A300103,2025-06-20,22:21,Pune,10.608951,75.874192,Clear,Moderate,Bus,Unknown,0,Police
A300104,2023-11-27,20:56,Kolkata,28.675288,74.187334,Rain,Moderate,Bus,Speeding,0,Citizen
A300105,2024-06-07,15:50,Lucknow,13.510741,76.589225,Storm,Minor,Motorcycle,Distracted,1,Police
A300106,2021-02-02,15:26,Lucknow,18.322397,71.913631,Fog,Minor,Car,Bad Road,0,Insurance
A300107,2023-08-14,22:13,Hyderabad,18.450671,68.301828,Rain,Minor,Motorcycle,Speeding,1,Hospital
A300108,2023-03-04,12:48,Kolkata,27.652191,70.509272,Rain,Minor,Pedestrian,Bad Road,0,Citizen
A300109,2024-09-09,20:22,Mumbai,23.461279,72.345209,Clear,Minor,Motorcycle,Drunk Driving,0,Citizen
A300110,2023-12-22,03:28,Pune,17.882361,70.561183,Clear,Minor,Bus,Drunk Driving,1,Citizen
A300111,2022-12-11,12:26,Kolkata,14.989671,73.232687,Clear,Minor,Motorcycle,Speeding,2,Police
A300112,2022-12-04,11:41,Hyderabad,13.86316,73.617722,Clear,Minor,Bus,Weather,0,Citizen
A300113,2025-03-23,18:16,Hyderabad,17.653266,71.016131,Rain,Minor,Car,Drunk Driving,0,Hospital
A300114,2021-06-26,11:09,Lucknow,28.371282,69.951146,Clear,Minor,Car,Distracted,0,Police
A300115,2021-10-12,18:10,Delhi,15.918597,76.292984,Clear,Severe,Pedestrian,Bad Road,0,Citizen
A300116,2025-06-03,09:48,Delhi,25.682355,69.239938,Clear,Moderate,Truck,Weather,0,Police
A300117,2025-06-02,14:30,Bengaluru,23.173276,76.786633,Clear,Minor,Bicycle,Unknown,1,Hospital
A300118,2022-05-29,15:40,Lucknow,13.103505,76.753469,Clear,Moderate,Car,Speeding,0,Police
A300119,2024-11-19,03:15,Surat,20.304266,75.19399,Clear,Minor,Car,Distracted,1,Police
A300120,2025-08-16,16:20,Surat,8.95367,72.894726,Clear,Minor,Bus,Mechanical Failure,0,Police
A300121,2021-07-16,11:29,Lucknow,18.919135,69.67484,Fog,Minor,Car,Distracted,1,Insurance
A300122,2024-12-06,20:19,Chennai,13.83779,72.61134,Hazy,Minor,Truck,Weather,1,Hospital
A300123,2022-12-10,20:08,Bengaluru,15.336012,70.483463,Clear,Minor,Bus,Unknown,1,Citizen
A300124,2021-08-28,10:49,Mumbai,24.884984,74.903005,Clear,Moderate,Motorcycle,Mechanical Failure,0,Police
A300125,2022-07-18,17:08,Mumbai,13.482405,68.520252,Clear,Moderate,Bicycle,Bad Road,1,Citizen
A300126,2022-01-05,13:54,Mumbai,28.07019,75.156002,Clear,Minor,Car,Weather,1,Citizen
A300127,2025-01-30,04:18,Delhi,22.774876,69.759378,Snow (rare),Minor,Car,Weather,0,Police
A300128,2025-09-27,20:35,Hyderabad,13.58696,70.266841,Clear,Fatal,Truck,Bad Road,0,Police
A300129,2023-09-27,12:43,Chennai,19.32408,68.062059,Clear,Minor,Car,Distracted,0,Hospital
A300130,2022-07-21,10:40,Pune,23.499765,69.444602,Storm,Moderate,Truck,Distracted,0,Citizen
A300131,2025-03-03,00:47,Lucknow,21.797564,76.488823,Rain,Fatal,Motorcycle,Speeding,0,Hospital
A300132,2024-03-12,18:47,Pune,23.678274,75.077304,Clear,Minor,Motorcycle,Drunk Driving,0,Police
A300133,2022-03-24,15:11,Lucknow,11.236591,72.102112,Fog,Fatal,Truck,Weather,0,Police
A300134,2021-01-08,20:25,Jaipur,17.34782,69.445573,Rain,Moderate,Bicycle,Speeding,1,Citizen
A300135,2021-05-02,11:04,Surat,17.62141,69.973656,Clear,Minor,Car,Drunk Driving,0,Police
A300136,2023-08-28,03:22,Mumbai,25.259261,73.234117,Clear,Minor,Car,Speeding,1,Police
A300137,2025-01-25,12:36,Bengaluru,14.589357,68.872274,Rain,Moderate,Pedestrian,Drunk Driving,0,Citizen
A300138,2023-02-01,13:10,Hyderabad,8.943803,75.876675,Rain,Minor,Car,Unknown,0,Citizen
A300139,2023-03-08,08:43,Lucknow,21.148582,70.392355,Rain,Moderate,Motorcycle,Mechanical Failure,0,Police
A300140,2021-10-01,03:03,Kolkata,22.453038,75.428797,Clear,Minor,Motorcycle,Speeding,2,Police
A300141,2021-04-26,13:38,Lucknow,22.633938,73.918041,Clear,Severe,Bicycle,Drunk Driving,0,Hospital
A300142,2023-03-23,00:16,Delhi,8.092642,70.205048,Clear,Minor,Car,Drunk Driving,0,Citizen
A300143,2022-03-10,21:58,Jaipur,18.751032,70.93654,Rain,Moderate,Car,Drunk Driving,1,Insurance
A300144,2021-05-05,21:04,Hyderabad,8.962982,69.622605,Clear,Moderate,Bus,Distracted,1,Hospital
A300145,2022-09-11,03:45,Mumbai,10.724782,68.429771,Clear,Minor,Car,Unknown,0,Police
A300146,2025-09-08,22:18,Surat,22.830197,76.842298,Clear,Minor,Car,Drunk Driving,0,Police
A300147,2024-08-19,16:21,Jaipur,18.861474,76.477675,Rain,Minor,Car,Unknown,0,Police
A300148,2021-10-29,13:12,Bengaluru,10.17002,73.385663,Clear,Minor,Car,Weather,0,Citizen
A300149,2024-05-24,15:25,Surat,20.713704,70.893359,Rain,Moderate,Motorcycle,Distracted,0,Police
A300150,2022-03-29,14:39,Pune,23.945471,76.483496,Fog,Moderate,Bus,Weather,0,Police
A300151,2021-01-30,05:55,Surat,8.451909,69.719495,Fog,Moderate,Pedestrian,Bad Road,2,Citizen
A300152,2021-09-28,21:10,Delhi,8.87465,71.684757,Clear,Moderate,Motorcycle,Speeding,1,Hospital
A300153,2024-11-11,22:08,Delhi,25.625099,74.909553,Hazy,Minor,Car,Bad Road,0,Police
A300154,2024-09-21,04:49,Lucknow,27.14324,74.098701,Fog,Minor,Car,Distracted,1,Police
A300155,2022-07-27,02:23,Surat,15.789832,68.806479,Storm,Minor,Bus,Weather,0,Citizen
A300156,2025-08-16,06:42,Delhi,19.722687,74.027688,Rain,Fatal,Truck,Distracted,1,Hospital
A300157,2021-04-01,08:39,Chennai,12.473354,73.225954,Hazy,Minor,Car,Speeding,0,Citizen
A300158,2023-12-20,08:58,Surat,19.475997,72.305418,Clear,Minor,Motorcycle,Drunk Driving,0,Citizen
A300159,2025-02-03,19:16,Kolkata,9.554499,77.099808,Fog,Moderate,Truck,Weather,0,Police
A300160,2023-02-20,09:06,Jaipur,23.869361,74.616632,Clear,Fatal,Truck,Drunk Driving,0,Police
A300161,2021-02-19,20:16,Bengaluru,12.570123,70.471974,Clear,Minor,Car,Bad Road,0,Police
A300162,2022-06-20,14:53,Kolkata,27.002583,70.204562,Clear,Severe,Car,Weather,1,Police
A300163,2024-05-30,03:34,Mumbai,13.260107,76.250178,Clear,Minor,Motorcycle,Weather,1,Police
A300164,2023-03-23,19:56,Bengaluru,17.046756,69.499259,Clear,Minor,Car,Bad Road,1,Police
A300165,2023-10-17,06:19,Mumbai,28.320207,68.178016,Clear,Minor,Motorcycle,Weather,0,Police
A300166,2022-03-04,07:34,Bengaluru,11.642738,74.771325,Hazy,Moderate,Car,Weather,2,Insurance
A300167,2024-01-19,08:47,Delhi,20.280678,77.461691,Rain,Minor,Car,Unknown,0,Police
A300168,2023-01-14,03:11,Delhi,11.371205,72.339973,Clear,Minor,Bicycle,Speeding,0,Citizen
A300169,2021-10-26,06:56,Hyderabad,23.99467,71.220315,Clear,Fatal,Bus,Unknown,0,Police
A300170,2021-11-19,14:20,Mumbai,25.004408,74.665177,Rain,Moderate,Car,Weather,0,Citizen
A300171,2021-08-22,20:48,Mumbai,16.809166,77.088526,Clear,Minor,Car,Mechanical Failure,1,Police
A300172,2024-11-23,21:45,Hyderabad,25.824654,73.78924,Clear,Moderate,Motorcycle,Bad Road,0,Police
A300173,2025-01-23,07:18,Chennai,11.803613,68.150469,Rain,Minor,Car,Unknown,0,Citizen
A300174,2024-12-14,21:32,Hyderabad,8.712139,74.287298,Clear,Moderate,Motorcycle,Bad Road,0,Citizen
A300175,2025-03-12,02:42,Surat,14.928059,69.15708,Rain,Moderate,Car,Drunk Driving,0,Police
A300176,2022-07-25,20:34,Surat,13.058013,75.524353,Clear,Moderate,Motorcycle,Distracted,0,Police
A300177,2025-08-09,21:53,Pune,27.132203,69.464277,Clear,Severe,Car,Drunk Driving,0,Citizen
A300178,2025-03-08,08:10,Surat,14.087467,77.108461,Clear,Minor,Bus,Weather,0,Citizen
A300179,2021-08-02,04:19,Delhi,16.930839,73.518901,Rain,Minor,Motorcycle,Speeding,0,Police
A300180,2023-05-21,01:24,Pune,25.131882,68.428235,Clear,Minor,Truck,Bad Road,0,Citizen
A300181,2023-04-04,08:00,Chennai,8.036854,72.593775,Hazy,Minor,Car,Drunk Driving,0,Police
A300182,2025-02-21,01:01,Chennai,20.283799,74.214581,Rain,Minor,Car,Speeding,0,Hospital
A300183,2021-11-16,20:16,Delhi,28.455126,70.548733,Clear,Moderate,Truck,Bad Road,1,Police
A300184,2023-03-03,07:37,Kolkata,10.891616,69.533154,Snow (rare),Minor,Car,Bad Road,0,Hospital
A300185,2021-10-18,04:43,Pune,26.96157,68.513937,Hazy,Minor,Car,Mechanical Failure,0,Hospital
A300186,2021-05-01,13:13,Mumbai,20.378853,68.58639,Rain,Severe,Car,Mechanical Failure,0,Police
A300187,2024-08-29,07:31,Lucknow,24.395053,75.804222,Clear,Minor,Motorcycle,Bad Road,1,Police
A300188,2021-07-05,19:04,Mumbai,26.32275,69.743209,Clear,Minor,Pedestrian,Weather,0,Citizen
A300189,2023-06-09,22:14,Mumbai,22.125417,68.568368,Hazy,Minor,Bicycle,Speeding,0,Police
A300190,2024-07-03,10:17,Pune,13.522235,75.086618,Storm,Minor,Bus,Unknown,0,Police
A300191,2025-02-20,08:53,Jaipur,8.980254,76.800929,Clear,Minor,Car,Unknown,1,Police
A300192,2024-04-03,20:56,Jaipur,15.329068,71.139461,Clear,Moderate,Motorcycle,Mechanical Failure,0,Citizen
A300193,2022-06-13,07:56,Mumbai,26.441325,73.63949,Rain,Moderate,Pedestrian,Weather,1,Insurance
A300194,2021-10-20,22:39,Jaipur,19.291857,70.173838,Clear,Minor,Motorcycle,Weather,0,Police
A300195,2022-12-06,14:21,Pune,28.509039,72.798431,Fog,Minor,Pedestrian,Speeding,0,Police
A300196,2023-11-20,20:57,Chennai,21.74306,73.954514,Hazy,Moderate,Car,Mechanical Failure,0,Police
A300197,2023-01-30,08:35,Pune,11.897545,70.857656,Clear,Minor,Car,Mechanical Failure,0,Citizen
A300198,2023-12-16,08:46,Delhi,25.054783,71.880064,Fog,Minor,Bus,Weather,1,Police
A300199,2023-07-19,01:01,Hyderabad,15.06488,71.285896,Clear,Minor,Car,Unknown,0,Hospital
A300200,2025-06-27,17:12,Delhi,26.060119,71.994741,Clear,Moderate,Truck,Speeding,0,Police
A300201,2023-05-13,09:40,Lucknow,8.167577,68.361182,Clear,Severe,Car,Speeding,1,Hospital
A300202,2023-01-22,09:31,Lucknow,19.606726,75.384725,Clear,Minor,Bicycle,Drunk Driving,0,Citizen
A300203,2025-08-11,09:33,Pune,22.106973,75.408112,Fog,Minor,Car,Speeding,0,Police
A300204,2024-03-25,05:39,Jaipur,28.669419,73.458033,Rain,Moderate,Motorcycle,Speeding,0,Citizen
A300205,2024-09-13,18:28,Pune,19.47737,69.971032,Rain,Minor,Car,Drunk Driving,0,Hospital
A300206,2022-10-04,16:04,Surat,20.618516,73.465146,Clear,Severe,Pedestrian,Mechanical Failure,1,Police
A300207,2021-10-19,12:46,Jaipur,26.933771,69.670935,Clear,Minor,Car,Unknown,0,Police
A300208,2022-10-20,07:15,Bengaluru,9.692929,74.753904,Storm,Minor,Truck,Bad Road,0,Citizen
A300209,2022-08-07,15:15,Bengaluru,26.089042,71.865306,Storm,Minor,Pedestrian,Mechanical Failure,1,Police
A300210,2021-08-08,22:50,Pune,13.892656,74.102692,Hazy,Minor,Car,Bad Road,0,Citizen
A300211,2023-03-16,08:01,Hyderabad,18.793024,72.095658,Storm,Moderate,Car,Drunk Driving,2,Police
A300212,2025-04-26,05:48,Chennai,15.383551,68.308142,Rain,Minor,Motorcycle,Speeding,0,Citizen
A300213,2023-01-08,16:23,Surat,16.331931,72.030092,Clear,Minor,Car,Unknown,1,Police
A300214,2023-01-11,13:23,Pune,26.776318,74.253645,Clear,Minor,Truck,Speeding,2,Police
A300215,2021-05-23,13:53,Jaipur,8.361132,69.705672,Clear,Moderate,Truck,Bad Road,0,Police
A300216,2023-03-27,20:17,Surat,23.397077,73.21923,Clear,Moderate,Motorcycle,Speeding,0,Insurance
A300217,2025-06-20,09:30,Surat,23.802805,73.845127,Clear,Moderate,Bus,Weather,0,Police
A300218,2024-07-17,04:39,Kolkata,23.134526,70.903172,Clear,Moderate,Bicycle,Weather,0,Police
A300219,2021-08-26,21:25,Lucknow,27.871108,76.498351,Clear,Minor,Bus,Mechanical Failure,1,Police
A300220,2025-09-26,20:44,Chennai,24.737544,69.787844,Rain,Minor,Bus,Drunk Driving,0,Police
A300221,2025-04-15,06:21,Chennai,13.684289,73.735756,Hazy,Severe,Truck,Unknown,0,Police
A300222,2021-03-10,18:20,Jaipur,26.635703,73.543728,Rain,Moderate,Car,Distracted,0,Hospital
A300223,2025-08-30,15:35,Bengaluru,17.68497,69.975751,Rain,Minor,Motorcycle,Bad Road,0,Insurance
A300224,2022-12-30,20:21,Kolkata,20.51846,75.338625,Rain,Minor,Bus,Speeding,1,Citizen
A300225,2021-10-30,07:00,Lucknow,19.871792,73.26221,Clear,Severe,Car,Speeding,0,Police
A300226,2022-02-16,20:57,Hyderabad,23.525136,70.366901,Storm,Minor,Car,Speeding,0,Insurance
A300227,2021-07-21,07:31,Hyderabad,22.928991,70.925694,Clear,Minor,Bus,Drunk Driving,1,Police
A300228,2024-08-15,14:22,Bengaluru,16.503232,72.75361,Clear,Minor,Car,Distracted,0,Police
A300229,2022-08-20,02:55,Kolkata,16.486686,69.173523,Clear,Minor,Motorcycle,Speeding,0,Police
A300230,2021-06-19,04:37,Lucknow,9.932739,72.859673,Fog,Minor,Bus,Distracted,0,Police
A300231,2024-09-20,04:45,Mumbai,27.382829,74.300223,Rain,Moderate,Car,Drunk Driving,0,Citizen
A300232,2022-09-08,22:26,Delhi,27.067943,68.975955,Rain,Minor,Car,Weather,1,Police
A300233,2023-09-17,10:14,Surat,22.453909,73.758838,Clear,Minor,Bicycle,Speeding,0,Police
A300234,2023-02-28,13:14,Delhi,9.101582,75.394326,Clear,Severe,Bus,Speeding,0,Police
A300235,2025-08-19,03:43,Surat,25.556873,72.209762,Rain,Minor,Car,Weather,0,Citizen
A300236,2023-02-20,19:32,Bengaluru,14.362066,72.302876,Clear,Moderate,Car,Unknown,0,Citizen
A300237,2021-06-18,02:34,Mumbai,27.955156,74.21249,Fog,Moderate,Car,Drunk Driving,0,Police
A300238,2023-09-08,13:31,Lucknow,27.52411,71.049314,Rain,Minor,Motorcycle,Distracted,0,Police
A300239,2025-06-28,11:44,Lucknow,26.613085,69.99162,Clear,Moderate,Truck,Unknown,0,Citizen
A300240,2025-09-21,20:50,Kolkata,9.724631,71.790599,Rain,Minor,Motorcycle,Drunk Driving,0,Police
A300241,2021-08-19,02:47,Kolkata,8.523629,68.216463,Storm,Minor,Bicycle,Drunk Driving,2,Police
A300242,2024-10-05,00:30,Lucknow,22.860186,73.281169,Clear,Moderate,Motorcycle,Drunk Driving,0,Police
A300243,2022-09-23,03:35,Bengaluru,22.974577,74.929159,Clear,Severe,Motorcycle,Bad Road,1,Police
A300244,2025-03-27,00:58,Mumbai,16.073658,72.307135,Fog,Fatal,Motorcycle,Drunk Driving,0,Police
A300245,2021-09-12,09:53,Lucknow,27.317868,70.031632,Fog,Fatal,Truck,Unknown,0,Hospital
A300246,2021-03-30,11:08,Jaipur,9.608148,69.639449,Fog,Minor,Car,Distracted,0,Police
A300247,2022-12-08,16:00,Mumbai,18.600689,70.033227,Snow (rare),Moderate,Motorcycle,Drunk Driving,0,Police
A300248,2023-01-12,16:00,Lucknow,16.544568,75.48075,Clear,Minor,Pedestrian,Distracted,0,Citizen
A300249,2023-04-18,01:14,Jaipur,18.498874,70.007681,Clear,Moderate,Motorcycle,Weather,0,Police
A300250,2024-12-30,18:57,Mumbai,20.487389,73.195216,Hazy,Minor,Bicycle,Mechanical Failure,1,Citizen
A300251,2023-03-05,15:34,Mumbai,15.248204,70.972807,Clear,Minor,Motorcycle,Weather,0,Police
A300252,2021-01-09,07:12,Pune,27.171489,72.536761,Clear,Severe,Motorcycle,Weather,1,Police
A300253,2025-08-04,02:33,Surat,18.652147,71.763681,Fog,Minor,Bicycle,Unknown,0,Police
A300254,2024-10-08,13:52,Surat,9.716957,70.398037,Rain,Minor,Car,Distracted,0,Police
A300255,2022-05-15,03:53,Hyderabad,14.033877,71.522617,Rain,Severe,Motorcycle,Speeding,0,Police
A300256,2024-03-17,10:49,Mumbai,21.614393,68.510639,Hazy,Minor,Truck,Distracted,0,Hospital
A300257,2021-11-18,11:21,Jaipur,15.238665,68.179921,Clear,Fatal,Motorcycle,Speeding,0,Citizen
A300258,2023-09-08,15:30,Delhi,14.185072,76.527946,Fog,Moderate,Car,Speeding,0,Police
A300259,2025-06-16,04:38,Delhi,17.573055,74.21762,Clear,Minor,Car,Mechanical Failure,0,Police
A300260,2021-07-16,08:00,Mumbai,13.577552,69.312874,Clear,Minor,Motorcycle,Bad Road,0,Hospital
A300261,2021-12-14,12:29,Surat,13.702831,69.592884,Clear,Minor,Car,Distracted,0,Police
A300262,2021-04-10,13:08,Hyderabad,26.156181,71.1753,Fog,Minor,Truck,Unknown,0,Citizen
A300263,2024-04-21,16:49,Mumbai,21.744713,75.311993,Clear,Minor,Car,Weather,1,Police
A300264,2021-11-03,18:09,Pune,25.003601,69.688995,Clear,Moderate,Car,Mechanical Failure,1,Police
A300265,2024-08-13,22:18,Mumbai,8.981805,68.245357,Clear,Minor,Car,Distracted,1,Police
A300266,2021-11-24,19:01,Jaipur,20.539531,70.499577,Rain,Minor,Motorcycle,Bad Road,0,Police
A300267,2022-11-30,19:02,Jaipur,20.01792,68.153166,Clear,Minor,Motorcycle,Unknown,0,Citizen
A300268,2021-08-19,02:08,Kolkata,28.419209,71.648531,Clear,Moderate,Motorcycle,Mechanical Failure,0,Police
A300269,2023-01-22,10:40,Hyderabad,13.930652,70.185384,Clear,Minor,Bus,Distracted,1,Police
A300270,2021-10-25,19:57,Surat,18.31855,70.502243,Rain,Minor,Motorcycle,Speeding,0,Police
A300271,2022-07-31,16:05,Pune,13.454278,75.259295,Clear,Minor,Car,Bad Road,0,Police
A300272,2021-08-15,08:47,Surat,17.113702,71.136337,Clear,Minor,Car,Distracted,0,Police
A300273,2025-01-28,14:48,Chennai,8.756499,70.949912,Rain,Moderate,Motorcycle,Unknown,0,Hospital
A300274,2021-12-17,07:38,Bengaluru,13.529401,71.61016,Rain,Minor,Truck,Drunk Driving,0,Police
A300275,2022-02-02,17:39,Mumbai,10.069841,73.654849,Rain,Minor,Bus,Weather,0,Police
A300276,2025-05-01,03:23,Kolkata,24.191068,75.228381,Storm,Minor,Car,Unknown,0,Hospital
A300277,2023-12-19,22:54,Chennai,14.153091,73.885972,Hazy,Minor,Bus,Bad Road,0,Police
A300278,2021-01-03,09:54,Mumbai,16.250035,74.186688,Fog,Minor,Car,Distracted,0,Police
A300279,2024-11-06,08:21,Hyderabad,13.904634,74.697136,Storm,Minor,Motorcycle,Weather,0,Citizen
A300280,2024-11-04,09:37,Bengaluru,28.597592,76.593692,Rain,Minor,Motorcycle,Bad Road,0,Police
A300281,2021-08-21,11:49,Jaipur,25.630147,69.187409,Clear,Minor,Bicycle,Drunk Driving,0,Citizen
A300282,2022-09-13,01:34,Delhi,28.589046,68.52666,Snow (rare),Fatal,Car,Unknown,1,Police
A300283,2021-04-22,07:16,Bengaluru,28.225467,72.228233,Clear,Minor,Motorcycle,Distracted,0,Police
A300284,2021-09-05,17:50,Chennai,13.190301,68.471144,Clear,Minor,Bicycle,Weather,0,Police
A300285,2024-12-23,14:44,Lucknow,18.069361,74.154469,Clear,Severe,Car,Drunk Driving,0,Police
A300286,2021-05-26,14:31,Kolkata,22.775307,74.914521,Clear,Minor,Bus,Bad Road,0,Police
A300287,2025-03-14,01:28,Hyderabad,18.231994,68.950522,Rain,Moderate,Car,Drunk Driving,1,Police
A300288,2025-03-17,13:36,Pune,16.611139,76.711821,Clear,Minor,Motorcycle,Speeding,0,Hospital
A300289,2021-09-02,16:12,Delhi,20.861725,73.582098,Clear,Minor,Car,Drunk Driving,1,Police
A300290,2021-03-15,03:00,Lucknow,27.874454,69.560811,Storm,Minor,Truck,Bad Road,1,Police
A300291,2024-05-25,09:09,Hyderabad,17.260227,68.80157,Hazy,Minor,Bus,Mechanical Failure,0,Citizen
A300292,2024-01-30,03:34,Bengaluru,10.461414,69.359624,Clear,Fatal,Bus,Distracted,0,Police
A300293,2021-12-04,22:27,Mumbai,9.526386,70.521974,Rain,Moderate,Truck,Bad Road,0,Police
A300294,2023-10-09,10:22,Surat,13.287332,71.898492,Rain,Minor,Car,Drunk Driving,0,Police
A300295,2023-12-27,19:56,Pune,12.440062,70.221487,Clear,Minor,Motorcycle,Weather,1,Police
A300296,2022-05-26,11:55,Chennai,21.566578,75.131301,Clear,Minor,Truck,Unknown,1,Citizen
A300297,2024-09-21,08:30,Lucknow,23.994774,76.083101,Clear,Minor,Motorcycle,Bad Road,0,Citizen
A300298,2021-04-04,12:04,Mumbai,15.300992,73.423346,Fog,Minor,Car,Distracted,0,Citizen
A300299,2021-02-04,15:54,Jaipur,9.466123,71.582468,Rain,Minor,Car,Drunk Driving,0,Citizen
A300300,2025-07-20,01:51,Delhi,18.894529,69.623484,Storm,Moderate,Motorcycle,Weather,0,Citizen
A300301,2021-11-25,03:02,Mumbai,9.226794,70.942739,Clear,Minor,Car,Speeding,1,Police
A300302,2022-08-09,05:16,Delhi,26.757647,70.669142,Fog,Minor,Bus,Weather,0,Citizen
A300303,2021-06-30,20:32,Mumbai,20.842499,75.788409,Rain,Moderate,Truck,Speeding,0,Insurance
A300304,2022-10-04,02:34,Hyderabad,15.498271,76.213462,Clear,Fatal,Bicycle,Speeding,0,Citizen
A300305,2024-11-15,07:14,Delhi,15.349482,76.886094,Clear,Moderate,Car,Mechanical Failure,0,Police
A300306,2025-05-11,14:08,Mumbai,26.163511,75.200227,Rain,Minor,Car,Distracted,0,Police
A300307,2021-06-08,05:09,Mumbai,26.544726,73.836303,Clear,Moderate,Motorcycle,Bad Road,0,Citizen
A300308,2022-06-15,18:27,Pune,16.163279,69.157557,Fog,Moderate,Bus,Mechanical Failure,0,Citizen
A300309,2024-04-27,00:03,Lucknow,24.76365,68.448635,Snow (rare),Severe,Motorcycle,Weather,0,Citizen
A300310,2023-07-19,21:21,Hyderabad,23.346353,71.028306,Clear,Minor,Car,Distracted,0,Police
A300311,2025-02-06,08:25,Kolkata,13.291429,74.10454,Storm,Minor,Motorcycle,Distracted,0,Police
A300312,2024-10-11,16:50,Kolkata,8.731225,72.72999,Clear,Moderate,Motorcycle,Mechanical Failure,1,Police
A300313,2022-10-12,05:18,Bengaluru,23.007221,69.592908,Hazy,Minor,Motorcycle,Mechanical Failure,0,Police
A300314,2025-05-07,04:22,Jaipur,12.978623,76.875426,Hazy,Moderate,Motorcycle,Speeding,0,Police
A300315,2022-10-03,20:53,Delhi,17.599024,74.480349,Clear,Minor,Car,Bad Road,0,Hospital
A300316,2024-07-30,07:45,Pune,19.042191,69.044552,Clear,Moderate,Bus,Speeding,0,Police
A300317,2024-04-20,05:06,Surat,25.466533,72.538147,Clear,Moderate,Bus,Drunk Driving,0,Insurance
A300318,2024-07-28,07:56,Bengaluru,25.481327,68.274348,Rain,Minor,Car,Speeding,0,Police
A300319,2022-04-07,00:26,Surat,21.259086,72.788956,Rain,Minor,Car,Distracted,0,Police
A300320,2023-09-28,10:24,Delhi,23.556004,75.301194,Rain,Severe,Bus,Weather,0,Police
A300321,2024-11-22,20:42,Hyderabad,21.603474,69.621288,Rain,Moderate,Motorcycle,Distracted,0,Police
A300322,2021-12-26,13:43,Hyderabad,14.273109,73.865427,Fog,Moderate,Car,Mechanical Failure,0,Police
A300323,2024-10-27,12:32,Lucknow,23.12391,74.010367,Clear,Minor,Motorcycle,Distracted,0,Police
A300324,2023-11-28,11:29,Jaipur,27.159429,72.975264,Clear,Moderate,Bus,Weather,1,Citizen
A300325,2021-01-10,21:10,Pune,23.43516,71.931481,Clear,Minor,Car,Speeding,1,Police
A300326,2021-01-18,06:53,Hyderabad,9.732274,73.262505,Rain,Minor,Car,Bad Road,2,Police
A300327,2025-04-21,20:58,Bengaluru,15.995895,76.106502,Snow (rare),Minor,Motorcycle,Distracted,0,Police
A300328,2024-03-24,13:31,Delhi,22.860436,72.904905,Rain,Minor,Truck,Mechanical Failure,1,Police
A300329,2023-11-19,16:33,Bengaluru,28.066648,69.028524,Rain,Minor,Car,Drunk Driving,0,Police
A300330,2023-11-04,06:11,Chennai,19.98431,73.234523,Clear,Minor,Motorcycle,Weather,0,Police
A300331,2022-03-27,14:10,Bengaluru,20.713216,70.756612,Clear,Moderate,Car,Bad Road,0,Police
A300332,2021-07-06,19:17,Delhi,25.380106,74.240661,Clear,Minor,Bicycle,Mechanical Failure,0,Police
A300333,2023-06-28,19:22,Surat,10.761689,73.872822,Clear,Minor,Truck,Speeding,1,Hospital
A300334,2023-01-07,21:10,Delhi,16.099201,71.983808,Clear,Severe,Bus,Bad Road,0,Citizen
A300335,2025-01-11,00:24,Lucknow,12.550835,75.217382,Clear,Fatal,Car,Bad Road,0,Citizen
A300336,2023-08-20,01:39,Chennai,15.665327,69.936642,Snow (rare),Severe,Bicycle,Speeding,1,Hospital
A300337,2021-06-27,19:52,Bengaluru,19.549512,75.882823,Storm,Moderate,Bus,Speeding,1,Police
A300338,2024-08-03,08:52,Chennai,13.358125,69.607698,Clear,Minor,Bus,Mechanical Failure,0,Police
A300339,2023-02-04,04:32,Chennai,26.28066,68.937182,Clear,Moderate,Motorcycle,Drunk Driving,1,Police
A300340,2025-01-26,15:18,Mumbai,16.737996,76.69797,Clear,Severe,Motorcycle,Weather,1,Citizen
A300341,2023-03-06,18:32,Chennai,15.627494,73.903157,Clear,Moderate,Motorcycle,Mechanical Failure,1,Police
A300342,2023-02-13,18:42,Bengaluru,12.259383,74.818419,Clear,Minor,Motorcycle,Drunk Driving,1,Police
A300343,2022-03-20,11:46,Hyderabad,8.568089,76.635561,Rain,Minor,Pedestrian,Bad Road,0,Police
A300344,2023-08-07,01:07,Bengaluru,28.063115,73.280386,Clear,Moderate,Car,Mechanical Failure,0,Police
A300345,2021-09-20,18:47,Jaipur,9.895313,70.232414,Hazy,Minor,Car,Drunk Driving,1,Police
A300346,2023-01-29,04:36,Surat,26.047783,75.429778,Clear,Minor,Car,Distracted,0,Police
A300347,2022-06-05,10:49,Kolkata,23.223319,71.696669,Storm,Minor,Motorcycle,Unknown,0,Police
A300348,2024-07-13,15:17,Pune,27.086199,75.684338,Hazy,Minor,Bus,Mechanical Failure,0,Police
A300349,2022-07-30,10:15,Kolkata,10.33376,74.938428,Hazy,Minor,Truck,Drunk Driving,0,Citizen
A300350,2021-05-08,03:45,Bengaluru,26.575296,77.545386,Clear,Minor,Car,Bad Road,1,Citizen
A300351,2022-09-27,01:26,Hyderabad,10.23698,74.552895,Hazy,Minor,Car,Weather,2,Citizen
A300352,2021-02-11,19:40,Surat,10.179062,70.97489,Snow (rare),Minor,Car,Speeding,0,Insurance
A300353,2025-03-04,15:38,Chennai,10.590297,68.807348,Clear,Minor,Car,Distracted,1,Police
A300354,2021-06-10,22:58,Jaipur,23.440271,75.292226,Clear,Minor,Pedestrian,Distracted,0,Citizen
A300355,2021-12-23,16:43,Surat,12.862272,71.669916,Clear,Moderate,Car,Speeding,0,Police
A300356,2024-10-28,18:10,Pune,19.070763,70.020041,Storm,Minor,Car,Unknown,0,Police
A300357,2025-03-16,16:32,Bengaluru,10.697905,68.959374,Rain,Minor,Motorcycle,Distracted,0,Citizen
A300358,2023-01-22,10:31,Bengaluru,27.35734,73.641164,Rain,Minor,Motorcycle,Unknown,0,Police
A300359,2024-03-09,01:38,Chennai,22.034273,74.451937,Rain,Minor,Car,Unknown,0,Citizen
A300360,2021-12-17,11:48,Jaipur,10.451342,76.639833,Rain,Minor,Bus,Weather,0,Police
A300361,2023-03-13,01:58,Lucknow,21.351211,77.133221,Rain,Fatal,Motorcycle,Distracted,1,Hospital
A300362,2022-08-02,09:56,Mumbai,27.812922,75.887064,Clear,Minor,Bus,Mechanical Failure,1,Citizen
A300363,2024-10-11,12:09,Hyderabad,28.137899,72.250789,Rain,Minor,Motorcycle,Unknown,0,Police
A300364,2021-04-06,11:44,Lucknow,27.303064,71.067478,Clear,Minor,Bus,Mechanical Failure,0,Citizen
A300365,2025-02-01,00:46,Delhi,10.773014,68.999216,Clear,Minor,Car,Distracted,0,Citizen
A300366,2024-01-29,19:55,Bengaluru,24.074987,75.537808,Fog,Minor,Motorcycle,Speeding,1,Hospital
A300367,2023-06-30,08:00,Mumbai,10.469307,76.14691,Rain,Severe,Motorcycle,Speeding,0,Police
A300368,2023-12-06,02:03,Mumbai,17.086402,71.010817,Clear,Severe,Bicycle,Weather,1,Citizen
A300369,2022-07-31,22:11,Bengaluru,24.252575,68.377519,Clear,Minor,Car,Speeding,0,Police
A300370,2024-11-24,10:24,Surat,24.492855,76.734684,Rain,Minor,Car,Unknown,0,Police
A300371,2025-07-19,01:48,Mumbai,28.508677,75.304066,Clear,Fatal,Car,Weather,0,Insurance
A300372,2022-10-07,13:07,Delhi,18.857001,68.75585,Hazy,Minor,Motorcycle,Unknown,0,Hospital
A300373,2023-09-25,17:30,Chennai,14.427627,70.527618,Clear,Minor,Truck,Weather,0,Hospital
A300374,2025-06-16,06:46,Delhi,17.830462,72.655565,Rain,Minor,Bus,Distracted,0,Insurance
A300375,2023-01-09,00:03,Mumbai,9.897713,73.950706,Clear,Fatal,Car,Speeding,0,Police
A300376,2025-08-02,03:45,Jaipur,28.15175,77.674151,Clear,Minor,Motorcycle,Mechanical Failure,0,Police
A300377,2023-06-07,08:51,Pune,10.161883,68.563817,Rain,Minor,Pedestrian,Mechanical Failure,1,Police
A300378,2024-01-14,19:17,Bengaluru,10.041467,69.108153,Clear,Minor,Bicycle,Bad Road,1,Insurance
A300379,2022-01-28,01:20,Lucknow,19.224283,68.747744,Clear,Minor,Car,Weather,0,Citizen
A300380,2021-12-31,13:06,Lucknow,22.241486,75.009984,Rain,Moderate,Pedestrian,Weather,0,Police
A300381,2023-10-17,02:07,Bengaluru,21.967871,73.942945,Fog,Minor,Pedestrian,Mechanical Failure,0,Citizen
A300382,2025-09-29,03:15,Jaipur,26.734234,77.245564,Clear,Minor,Truck,Unknown,0,Police
A300383,2021-10-31,06:37,Hyderabad,10.888115,74.400765,Rain,Severe,Truck,Weather,1,Citizen
A300384,2021-11-23,04:01,Jaipur,21.250615,68.972651,Clear,Minor,Car,Weather,0,Citizen
A300385,2023-04-13,18:12,Lucknow,20.242549,72.406152,Rain,Minor,Car,Distracted,0,Citizen
A300386,2022-06-29,02:26,Kolkata,17.679773,76.086848,Hazy,Minor,Car,Weather,0,Police
A300387,2024-08-18,16:44,Hyderabad,28.332857,75.053749,Clear,Moderate,Car,Weather,0,Police
A300388,2023-08-26,11:04,Kolkata,19.443593,70.176796,Clear,Minor,Car,Mechanical Failure,0,Citizen
A300389,2024-09-03,00:46,Bengaluru,10.965915,74.837887,Clear,Minor,Car,Distracted,1,Citizen
A300390,2024-06-10,11:35,Surat,27.749499,71.814561,Clear,Moderate,Motorcycle,Mechanical Failure,1,Citizen
A300391,2023-03-03,04:16,Kolkata,28.19394,75.036507,Clear,Severe,Car,Mechanical Failure,1,Police
A300392,2025-07-21,02:16,Chennai,10.997925,71.621899,Hazy,Minor,Car,Speeding,0,Police
A300393,2022-04-26,09:10,Hyderabad,8.329288,72.012648,Rain,Moderate,Car,Speeding,0,Police
A300394,2023-05-04,13:42,Surat,19.961338,70.279669,Rain,Minor,Motorcycle,Mechanical Failure,0,Police
A300395,2021-07-15,05:04,Lucknow,18.164713,69.295404,Clear,Minor,Car,Weather,0,Citizen
A300396,2021-01-13,11:49,Jaipur,23.213143,69.376067,Clear,Moderate,Car,Weather,0,Police
A300397,2023-08-27,21:24,Lucknow,12.897934,77.004564,Clear,Minor,Motorcycle,Weather,0,Police
A300398,2023-09-01,13:27,Jaipur,17.856572,71.752033,Clear,Severe,Car,Drunk Driving,1,Police
A300399,2024-01-15,09:10,Hyderabad,17.482381,77.310956,Fog,Minor,Truck,Speeding,0,Police
A300400,2023-12-08,11:09,Surat,23.498599,71.462011,Fog,Moderate,Car,Mechanical Failure,0,Police
A300401,2024-04-29,07:52,Delhi,14.149664,72.685188,Clear,Moderate,Car,Unknown,0,Citizen
A300402,2024-10-20,13:58,Chennai,15.824229,68.542689,Fog,Moderate,Bus,Unknown,0,Hospital
A300403,2021-08-19,05:16,Jaipur,17.818768,70.292775,Storm,Minor,Bus,Bad Road,0,Police
A300404,2022-12-25,06:48,Jaipur,14.772728,73.808206,Fog,Minor,Car,Drunk Driving,2,Police
A300405,2021-07-02,04:33,Jaipur,11.623506,69.3481,Clear,Minor,Motorcycle,Speeding,0,Citizen
A300406,2023-06-24,02:28,Lucknow,10.370467,76.249744,Fog,Minor,Bicycle,Distracted,0,Police
A300407,2021-09-02,14:08,Jaipur,24.586773,70.295412,Clear,Moderate,Pedestrian,Weather,0,Police
A300408,2021-11-14,11:20,Chennai,15.78084,75.239259,Rain,Minor,Car,Bad Road,0,Citizen
A300409,2024-03-21,02:16,Kolkata,10.546754,75.03219,Clear,Minor,Car,Mechanical Failure,0,Citizen
A300410,2023-11-14,07:18,Delhi,20.489467,69.142858,Hazy,Fatal,Car,Speeding,1,Police
A300411,2021-02-25,15:38,Chennai,25.498897,75.355166,Clear,Minor,Bus,Weather,0,Police
A300412,2024-09-09,01:22,Lucknow,19.06875,69.482287,Clear,Minor,Car,Speeding,0,Police
A300413,2022-05-09,04:53,Surat,24.293012,72.52017,Clear,Minor,Truck,Unknown,1,Citizen
A300414,2022-08-11,00:54,Mumbai,8.847829,70.182829,Clear,Fatal,Bicycle,Distracted,0,Police
A300415,2023-12-25,01:03,Delhi,19.048959,71.728562,Clear,Moderate,Bus,Distracted,1,Police
A300416,2024-02-12,05:32,Kolkata,22.01337,68.304191,Clear,Severe,Car,Drunk Driving,0,Police
A300417,2024-07-04,19:12,Hyderabad,24.185021,72.515764,Clear,Minor,Car,Weather,0,Police
A300418,2025-04-29,04:40,Kolkata,10.825207,76.969799,Storm,Severe,Car,Mechanical Failure,0,Police
A300419,2023-08-03,16:41,Surat,15.400834,74.41416,Clear,Minor,Pedestrian,Unknown,0,Police
A300420,2021-10-20,17:46,Kolkata,18.597615,70.136735,Clear,Minor,Truck,Unknown,1,Citizen
A300421,2022-05-04,18:26,Pune,11.492254,77.344864,Clear,Moderate,Motorcycle,Distracted,1,Police
A300422,2024-05-20,11:53,Mumbai,18.511659,70.46518,Fog,Minor,Motorcycle,Bad Road,0,Hospital
A300423,2021-04-15,00:53,Bengaluru,20.584556,75.588602,Fog,Minor,Motorcycle,Drunk Driving,1,Police
A300424,2024-08-29,04:17,Hyderabad,8.840687,74.753472,Fog,Minor,Bicycle,Speeding,0,Police
A300425,2025-07-23,21:11,Kolkata,9.184024,72.573948,Clear,Minor,Car,Bad Road,0,Citizen
A300426,2022-06-22,18:08,Jaipur,22.271149,69.80809,Clear,Minor,Motorcycle,Weather,0,Hospital
A300427,2024-09-28,08:24,Kolkata,9.132254,68.558145,Rain,Severe,Car,Drunk Driving,1,Citizen
A300428,2023-10-18,09:12,Kolkata,25.672942,74.639258,Rain,Moderate,Pedestrian,Mechanical Failure,0,Police
A300429,2024-07-05,09:31,Bengaluru,16.347266,77.599919,Rain,Minor,Motorcycle,Speeding,0,Police
A300430,2021-07-25,16:35,Bengaluru,16.165075,76.831757,Clear,Fatal,Truck,Distracted,0,Police
A300431,2021-07-28,03:09,Chennai,9.899653,69.967287,Clear,Minor,Truck,Bad Road,1,Insurance
A300432,2022-08-21,02:08,Lucknow,19.143041,69.102261,Hazy,Minor,Bicycle,Bad Road,0,Police
A300433,2024-09-10,11:01,Bengaluru,12.819438,68.607228,Clear,Minor,Bus,Mechanical Failure,1,Police
A300434,2023-02-27,02:21,Bengaluru,12.055294,75.624326,Clear,Minor,Motorcycle,Weather,0,Citizen
A300435,2021-05-16,02:02,Delhi,23.644112,73.30207,Clear,Minor,Motorcycle,Bad Road,0,Police
A300436,2025-02-07,15:10,Pune,21.601238,73.64015,Clear,Moderate,Truck,Unknown,1,Citizen
A300437,2023-12-21,06:00,Pune,28.035024,75.984574,Clear,Moderate,Car,Weather,0,Police
A300438,2021-02-18,20:26,Delhi,26.787073,73.010916,Rain,Minor,Bus,Mechanical Failure,0,Police
A300439,2023-10-04,03:22,Hyderabad,22.323404,69.322062,Clear,Minor,Motorcycle,Distracted,0,Citizen
A300440,2024-09-30,10:04,Lucknow,21.881243,68.059371,Rain,None,Motorcycle,Drunk Driving,0,Police
A300441,2024-07-08,22:00,Jaipur,27.129202,73.512891,Clear,Minor,Truck,Unknown,0,Police
A300442,2022-11-27,14:00,Chennai,18.095478,75.818388,Rain,Moderate,Motorcycle,Unknown,3,Police
A300443,2021-09-20,11:30,Bengaluru,17.05793,76.72797,Snow (rare),Minor,Car,Distracted,1,Police
A300444,2024-09-13,04:12,Jaipur,12.119623,75.980889,Clear,Minor,Car,Drunk Driving,0,Police
A300445,2022-01-12,18:19,Hyderabad,8.450695,71.833448,Clear,Moderate,Motorcycle,Unknown,1,Police
A300446,2022-12-14,14:38,Hyderabad,23.989889,68.414457,Clear,Minor,Motorcycle,Unknown,0,Police
A300447,2022-12-13,22:37,Mumbai,10.965674,70.627489,Clear,Minor,Motorcycle,Weather,0,Police
A300448,2025-05-26,22:18,Delhi,16.783559,69.538856,Rain,Severe,Motorcycle,Bad Road,0,Citizen
A300449,2023-01-30,16:20,Kolkata,24.320207,73.712995,Rain,Minor,Motorcycle,Speeding,0,Citizen
A300450,2025-01-03,09:13,Hyderabad,9.899203,76.998993,Clear,Minor,Car,Distracted,0,Citizen
A300451,2022-09-06,08:11,Mumbai,24.851904,72.062743,Clear,Minor,Motorcycle,Unknown,0,Citizen
A300452,2023-03-18,11:24,Delhi,17.474564,75.30252,Rain,Minor,Bus,Mechanical Failure,0,Hospital
A300453,2021-10-03,05:24,Bengaluru,21.433301,70.467157,Hazy,Minor,Bus,Drunk Driving,1,Citizen
A300454,2021-03-14,18:06,Hyderabad,28.259615,68.400296,Clear,Moderate,Bus,Unknown,0,Citizen
A300455,2023-09-03,12:28,Kolkata,28.251375,71.724493,Clear,Minor,Motorcycle,Drunk Driving,0,Police
A300456,2024-11-05,01:13,Pune,23.97735,71.546961,Clear,Minor,Car,Drunk Driving,0,Hospital
A300457,2024-01-06,09:45,Chennai,18.454416,73.006863,Fog,Minor,Bus,Distracted,2,Insurance
A300458,2024-11-01,03:12,Jaipur,10.624784,69.832436,Clear,Minor,Truck,Distracted,0,Police
A300459,2023-07-16,10:40,Chennai,27.260476,69.181724,Clear,Moderate,Car,Drunk Driving,0,Citizen
A300460,2025-03-25,14:10,Surat,27.097876,74.430901,Clear,Moderate,Car,Mechanical Failure,0,Insurance
A300461,2021-01-19,21:40,Pune,21.05391,74.656734,Clear,Minor,Car,Weather,0,Citizen
A300462,2021-04-15,21:37,Chennai,27.37915,68.190052,Clear,Moderate,Motorcycle,Unknown,0,Police
A300463,2021-02-16,15:51,Lucknow,15.529989,77.263393,Rain,Minor,Car,Speeding,1,Citizen
A300464,2023-06-09,16:51,Chennai,17.329514,69.003008,Rain,Moderate,Car,Speeding,0,Citizen
A300465,2024-10-28,20:25,Surat,8.436957,77.357435,Fog,Minor,Car,Weather,0,Police
A300466,2023-05-30,09:33,Chennai,12.221527,72.811009,Clear,Severe,Car,Unknown,0,Police
A300467,2021-11-13,09:03,Chennai,21.014915,76.463254,Clear,Minor,Motorcycle,Drunk Driving,0,Police
A300468,2021-12-14,02:45,Jaipur,13.311696,68.656859,Storm,Minor,Truck,Unknown,0,Police
A300469,2025-02-22,18:53,Delhi,10.247826,72.058965,Clear,Moderate,Motorcycle,Drunk Driving,0,Police
A300470,2021-08-21,16:18,Chennai,20.954704,70.856423,Fog,Minor,Truck,Weather,0,Police
A300471,2024-07-20,10:36,Surat,22.711774,72.976449,Clear,Severe,Car,Unknown,0,Police
A300472,2024-02-03,21:41,Jaipur,8.183384,68.470002,Hazy,Severe,Motorcycle,Weather,1,Police
A300473,2024-03-30,08:46,Bengaluru,19.111488,77.449201,Rain,Fatal,Car,Unknown,0,Citizen
A300474,2021-08-28,13:44,Mumbai,23.005622,76.045006,Rain,Minor,Car,Distracted,0,Insurance
A300475,2021-08-16,09:36,Delhi,22.031654,70.929985,Rain,Minor,Pedestrian,Mechanical Failure,2,Hospital
A300476,2021-09-03,21:58,Kolkata,13.814369,69.861031,Clear,Minor,Truck,Weather,0,Police
A300477,2023-06-04,19:48,Lucknow,23.36362,69.872169,Rain,Minor,Car,Unknown,0,Police
A300478,2021-10-19,18:51,Jaipur,25.678168,72.004973,Fog,Minor,Car,Bad Road,0,Hospital
A300479,2021-11-01,12:41,Kolkata,25.132008,75.063679,Rain,Moderate,Motorcycle,Weather,0,Police
A300480,2025-06-10,00:56,Chennai,21.470342,72.909745,Clear,Severe,Bus,Distracted,1,Police
A300481,2022-03-19,18:56,Kolkata,14.591072,71.799688,Clear,Fatal,Car,Mechanical Failure,0,Citizen
A300482,2022-05-31,15:25,Delhi,12.385827,71.849649,Clear,Minor,Truck,Speeding,1,Police
A300483,2023-09-21,17:43,Delhi,27.965745,68.467639,Clear,Minor,Bus,Distracted,1,Insurance
A300484,2024-06-06,18:25,Chennai,8.179518,68.984195,Clear,Minor,Motorcycle,Unknown,1,Police
A300485,2021-04-29,10:02,Mumbai,26.75666,70.661197,Storm,Minor,Car,Unknown,0,Police
A300486,2022-05-21,18:55,Surat,14.569418,73.760374,Clear,Moderate,Car,Speeding,0,Hospital
A300487,2022-03-12,01:32,Kolkata,13.932541,70.071956,Clear,Minor,Car,Weather,0,Police
A300488,2022-03-27,18:25,Pune,9.950426,71.163163,Clear,Moderate,Motorcycle,Distracted,0,Police
A300489,2022-05-31,12:08,Lucknow,12.655924,72.224292,Clear,Severe,Motorcycle,Drunk Driving,0,Police
A300490,2023-05-11,04:02,Chennai,25.536181,72.214849,Rain,Moderate,Pedestrian,Weather,0,Police
A300491,2022-09-10,05:19,Pune,9.572347,77.588464,Rain,Minor,Car,Speeding,1,Police
A300492,2022-06-07,10:43,Surat,11.626426,70.439042,Rain,Minor,Bicycle,Drunk Driving,0,Police
A300493,2024-01-23,18:53,Hyderabad,11.572265,68.977411,Clear,Fatal,Car,Unknown,0,Insurance
A300494,2022-05-07,01:03,Bengaluru,28.122598,68.399202,Clear,Minor,Motorcycle,Weather,0,Police
A300495,2023-09-09,16:45,Mumbai,11.134926,75.002197,Clear,Minor,Car,Unknown,0,Citizen
A300496,2021-01-05,15:47,Chennai,9.264328,70.60413,Storm,Moderate,Bus,Unknown,1,Hospital
A300497,2021-07-31,21:47,Kolkata,12.278955,76.878036,Clear,Severe,Bicycle,Mechanical Failure,0,Police
A300498,2024-07-06,10:20,Hyderabad,22.50252,74.7009,Clear,Minor,Bus,Speeding,0,Citizen
A300499,2023-09-15,04:15,Lucknow,12.902827,69.753903,Rain,Moderate,Motorcycle,Drunk Driving,0,Citizen
A300500,2025-01-22,08:03,Surat,11.763036,73.522217,Rain,Minor,Motorcycle,Bad Road,1,Police
A300501,2025-01-29,15:01,Mumbai,22.61897,71.487717,Clear,Severe,Motorcycle,Drunk Driving,0,Police
A300502,2025-01-01,22:18,Bengaluru,15.888427,76.227595,Clear,Minor,Car,Unknown,0,Citizen
A300503,2023-08-26,10:58,Surat,24.602729,75.23747,Clear,Moderate,Car,Bad Road,1,Police
A300504,2021-03-09,18:35,Lucknow,13.550023,73.161029,Clear,Minor,Bus,Unknown,0,Police
A300505,2025-04-23,05:17,Surat,11.493057,74.581058,Rain,Severe,Car,Unknown,1,Hospital
A300506,2022-09-30,10:05,Surat,8.841414,77.263821,Clear,Moderate,Bicycle,Speeding,0,Police
A300507,2022-08-30,19:11,Delhi,17.223078,76.040173,Clear,Moderate,Car,Unknown,1,Citizen
A300508,2024-03-25,01:21,Lucknow,20.398221,77.515896,Clear,Severe,Motorcycle,Distracted,0,Citizen
A300509,2022-10-21,06:12,Bengaluru,23.468037,75.635744,Fog,Minor,Motorcycle,Drunk Driving,0,Hospital
A300510,2023-11-22,01:08,Surat,16.995625,73.436367,Rain,Moderate,Motorcycle,Speeding,0,Police
A300511,2023-12-07,17:14,Jaipur,18.75401,72.758088,Clear,Severe,Truck,Drunk Driving,0,Citizen
A300512,2025-01-28,16:47,Mumbai,17.436208,76.410564,Clear,Moderate,Bus,Speeding,0,Police
A300513,2022-06-30,18:58,Jaipur,9.240937,69.392862,Rain,Minor,Car,Drunk Driving,0,Police
A300514,2025-08-18,22:24,Kolkata,21.606098,74.342418,Clear,Minor,Car,Bad Road,0,Police
A300515,2025-09-02,20:34,Pune,27.309062,74.590915,Clear,Minor,Car,Drunk Driving,0,Police
A300516,2023-10-01,13:14,Bengaluru,15.586213,76.699908,Rain,Severe,Pedestrian,Bad Road,1,Police
A300517,2024-07-18,21:03,Chennai,11.073838,72.642558,Rain,Minor,Bus,Speeding,0,Police
A300518,2022-04-19,01:50,Mumbai,13.05905,74.473401,Clear,Minor,Car,Mechanical Failure,0,Police
A300519,2021-06-20,06:51,Mumbai,27.908348,70.100771,Clear,Fatal,Motorcycle,Mechanical Failure,1,Citizen
A300520,2025-03-20,20:53,Lucknow,13.870697,76.461454,Hazy,Minor,Car,Distracted,1,Police
A300521,2025-09-02,19:09,Pune,15.315796,77.310353,Rain,Severe,Car,Weather,0,Police
A300522,2022-07-23,08:33,Lucknow,13.350271,69.424752,Clear,Minor,Car,Unknown,0,Insurance
A300523,2023-02-02,16:00,Hyderabad,14.140329,68.811413,Rain,Moderate,Car,Unknown,0,Police
A300524,2022-12-16,08:34,Bengaluru,8.379605,71.91652,Clear,Severe,Car,Bad Road,1,Police
A300525,2024-08-14,11:32,Kolkata,11.166856,77.511454,Hazy,Severe,Car,Bad Road,1,Police
A300526,2022-10-23,07:38,Pune,13.83495,76.949398,Clear,Severe,Pedestrian,Mechanical Failure,0,Police
A300527,2022-07-18,02:35,Bengaluru,12.810274,70.93644,Clear,Minor,Motorcycle,Weather,0,Police
A300528,2023-09-02,01:52,Chennai,8.484732,75.299407,Clear,Moderate,Bus,Distracted,0,Police
A300529,2022-11-03,14:46,Mumbai,20.289952,75.892371,Clear,Minor,Car,Drunk Driving,0,Police
A300530,2022-06-05,07:31,Jaipur,19.610864,69.030236,Clear,Minor,Bus,Unknown,0,Police
A300531,2024-01-29,00:38,Pune,27.371487,68.520694,Storm,Minor,Car,Bad Road,0,Police
A300532,2022-06-04,06:01,Bengaluru,13.596182,74.3496,Clear,Minor,Motorcycle,Speeding,0,Police
A300533,2023-01-17,22:04,Chennai,17.322222,73.871253,Rain,Minor,Bus,Speeding,0,Police
A300534,2024-01-22,19:55,Surat,25.341829,77.100935,Clear,Minor,Pedestrian,Mechanical Failure,0,Insurance
A300535,2022-01-09,00:51,Kolkata,22.537839,72.585541,Clear,Minor,Car,Unknown,0,Citizen
A300536,2021-07-28,20:27,Chennai,20.63868,72.689157,Fog,Moderate,Car,Unknown,0,Police
A300537,2024-07-18,10:25,Bengaluru,26.403959,69.160305,Clear,Moderate,Pedestrian,Mechanical Failure,1,Hospital
A300538,2023-07-27,17:10,Bengaluru,12.433078,69.498293,Clear,Severe,Car,Drunk Driving,0,Police
A300539,2022-09-08,13:38,Mumbai,21.727901,71.463556,Rain,Minor,Motorcycle,Distracted,0,Police
A300540,2022-12-23,02:28,Hyderabad,19.024367,72.790072,Clear,Moderate,Bicycle,Speeding,0,Police
A300541,2024-04-26,13:22,Delhi,15.064164,70.898626,Rain,Moderate,Bus,Weather,1,Citizen
A300542,2025-02-03,19:20,Surat,12.149749,77.136392,Rain,Minor,Motorcycle,Bad Road,0,Police
A300543,2023-03-30,09:18,Bengaluru,14.363591,69.405235,Clear,Minor,Bus,Mechanical Failure,0,Citizen
A300544,2023-04-27,08:22,Lucknow,19.972871,75.536668,Clear,Minor,Motorcycle,Drunk Driving,2,Police
A300545,2023-10-23,03:35,Delhi,15.368555,76.459449,Clear,Severe,Motorcycle,Drunk Driving,0,Citizen
A300546,2021-11-26,16:30,Bengaluru,28.450891,71.652566,Clear,Minor,Truck,Mechanical Failure,1,Police
A300547,2024-11-09,02:21,Surat,26.437819,76.841364,Clear,Minor,Motorcycle,Drunk Driving,0,Hospital
A300548,2025-01-11,06:37,Surat,27.265642,75.803835,Clear,Minor,Car,Mechanical Failure,1,Police
A300549,2021-04-27,14:58,Bengaluru,12.104724,75.667951,Rain,Minor,Motorcycle,Drunk Driving,2,Citizen
A300550,2023-01-15,19:07,Surat,19.662069,74.555918,Clear,Fatal,Truck,Bad Road,0,Police
A300551,2024-01-11,02:39,Pune,21.789257,73.051813,Rain,Fatal,Motorcycle,Bad Road,0,Hospital
A300552,2025-02-17,01:47,Hyderabad,14.486953,69.230183,Hazy,Minor,Truck,Distracted,2,Hospital
A300553,2023-08-12,16:55,Lucknow,25.930162,76.290343,Fog,Minor,Truck,Weather,0,Police
A300554,2023-03-07,12:06,Hyderabad,21.560532,68.766129,Clear,Minor,Car,Mechanical Failure,1,Police
A300555,2021-08-20,18:50,Kolkata,17.204464,71.635856,Rain,Minor,Car,Bad Road,0,Citizen
A300556,2022-08-08,06:10,Jaipur,8.30175,76.741681,Fog,Moderate,Motorcycle,Bad Road,0,Citizen
A300557,2022-06-13,15:06,Jaipur,24.596015,77.559671,Rain,Minor,Motorcycle,Unknown,0,Citizen
A300558,2024-06-17,07:05,Delhi,14.033154,70.980203,Fog,Minor,Bicycle,Bad Road,0,Police
A300559,2023-07-25,11:01,Lucknow,20.620231,70.645544,Clear,Minor,Car,Bad Road,0,Police
A300560,2025-06-14,13:50,Bengaluru,9.577062,75.27298,Clear,Minor,Car,Weather,0,Police
A300561,2022-04-22,00:49,Chennai,20.803198,75.97735,Clear,Minor,Bus,Drunk Driving,0,Police
A300562,2025-04-19,14:44,Mumbai,22.17842,73.855551,Storm,Moderate,Motorcycle,Speeding,0,Citizen
A300563,2021-11-12,03:10,Chennai,26.724334,77.216088,Clear,Minor,Pedestrian,Speeding,0,Police
A300564,2023-01-01,04:00,Lucknow,15.014265,71.580256,Rain,Minor,Bus,Distracted,0,Citizen
A300565,2021-12-28,07:14,Mumbai,19.893314,77.311846,Clear,Minor,Motorcycle,Unknown,0,Police
A300566,2021-01-18,03:57,Pune,8.331535,72.757503,Clear,Minor,Bus,Mechanical Failure,0,Police
A300567,2024-08-25,18:36,Bengaluru,15.722195,69.249218,Clear,Minor,Truck,Weather,0,Citizen
A300568,2025-01-20,10:06,Chennai,8.612678,73.879846,Clear,Fatal,Motorcycle,Drunk Driving,0,Police
A300569,2023-06-09,17:24,Lucknow,17.679678,74.192038,Clear,Minor,Bicycle,Unknown,0,Police
A300570,2024-04-20,08:14,Jaipur,22.44743,72.667372,Clear,Moderate,Car,Distracted,0,Police
A300571,2022-06-09,13:00,Hyderabad,9.331017,76.539137,Clear,Minor,Car,Unknown,0,Hospital
A300572,2024-12-02,13:21,Surat,9.939953,72.361276,Clear,Minor,Pedestrian,Drunk Driving,1,Hospital
A300573,2021-04-01,02:29,Jaipur,12.102418,69.979326,Clear,Minor,Bus,Weather,0,Citizen
A300574,2022-07-13,14:48,Mumbai,23.568474,76.439932,Clear,Minor,Motorcycle,Weather,0,Citizen
A300575,2024-08-08,03:22,Pune,26.043204,73.631249,Clear,Minor,Truck,Speeding,2,Citizen
A300576,2024-06-13,15:58,Jaipur,20.762791,71.596879,Rain,Minor,Motorcycle,Bad Road,0,Citizen
A300577,2025-05-12,06:17,Mumbai,13.66137,75.336912,Rain,Moderate,Motorcycle,Unknown,2,Insurance
A300578,2024-02-25,05:27,Chennai,16.376704,68.780736,Clear,Moderate,Bus,Unknown,1,Police
A300579,2022-03-28,04:30,Mumbai,15.026615,74.155853,Clear,Minor,Motorcycle,Speeding,0,Police
A300580,2024-11-16,08:15,Delhi,26.687742,77.445945,Clear,Minor,Bus,Drunk Driving,0,Police
A300581,2021-02-12,17:46,Bengaluru,9.740788,69.239356,Clear,Minor,Bicycle,Bad Road,3,Police
A300582,2021-12-15,06:14,Jaipur,20.749231,72.121412,Rain,Severe,Car,Speeding,1,Police
A300583,2024-12-15,08:44,Jaipur,22.957376,72.849718,Clear,Minor,Bus,Unknown,1,Police
A300584,2023-08-21,16:20,Jaipur,10.838105,72.180915,Clear,Minor,Pedestrian,Bad Road,0,Police
A300585,2023-06-01,08:02,Jaipur,28.54646,75.016702,Clear,Minor,Motorcycle,Speeding,0,Police
A300586,2021-04-06,22:20,Delhi,28.612493,68.785262,Clear,Minor,Bus,Speeding,1,Citizen
A300587,2021-03-16,19:58,Chennai,18.706032,70.467334,Clear,Moderate,Car,Bad Road,0,Hospital
A300588,2024-03-04,14:14,Surat,21.755933,68.39757,Rain,Minor,Car,Drunk Driving,0,Police
A300589,2025-09-20,22:05,Delhi,20.694926,69.125022,Hazy,Moderate,Bus,Bad Road,1,Police
A300590,2023-06-03,19:13,Kolkata,16.19754,74.306334,Clear,Minor,Motorcycle,Unknown,0,Police
A300591,2025-03-16,13:25,Pune,16.502131,71.523805,Clear,Moderate,Car,Distracted,0,Police
A300592,2024-05-17,20:35,Kolkata,28.568912,70.243547,Clear,Minor,Bicycle,Unknown,0,Police
A300593,2022-07-03,22:01,Pune,25.564473,68.185915,Rain,Moderate,Motorcycle,Weather,0,Hospital
A300594,2023-11-25,19:50,Bengaluru,8.774177,74.202598,Fog,Minor,Truck,Distracted,0,Police
A300595,2021-12-13,10:47,Pune,15.545622,68.840454,Rain,Moderate,Motorcycle,Unknown,1,Insurance
A300596,2022-10-17,18:28,Lucknow,25.286176,71.417063,Clear,Minor,Bus,Weather,0,Police
A300597,2024-07-21,18:46,Jaipur,23.528119,73.885894,Clear,Minor,Car,Bad Road,0,Hospital
A300598,2023-07-17,21:15,Bengaluru,8.362398,73.938729,Clear,Minor,Motorcycle,Speeding,0,Citizen
A300599,2024-09-28,04:27,Pune,15.144921,73.402718,Rain,Minor,Car,Mechanical Failure,0,Insurance
A300600,2024-11-16,12:18,Lucknow,26.689226,70.357025,Clear,Minor,Car,Distracted,0,Police
A300601,2022-07-12,04:07,Pune,13.498929,76.187837,Fog,Minor,Car,Speeding,1,Insurance
A300602,2024-09-14,19:11,Mumbai,21.757727,77.554685,Clear,Minor,Car,Weather,0,Police
A300603,2023-06-19,05:29,Surat,19.618558,72.927901,Snow (rare),Minor,Motorcycle,Bad Road,0,Citizen
A300604,2021-03-01,06:43,Mumbai,8.178908,76.223874,Clear,Severe,Motorcycle,Drunk Driving,0,Citizen
A300605,2024-04-08,03:49,Lucknow,27.694922,75.785329,Fog,Minor,Motorcycle,Unknown,0,Police
A300606,2024-06-15,08:32,Bengaluru,8.329714,71.559667,Fog,Severe,Bus,Weather,0,Police
A300607,2022-04-06,05:46,Chennai,21.154913,70.333289,Rain,Severe,Car,Mechanical Failure,1,Police
A300608,2021-12-16,18:53,Delhi,8.813057,70.077977,Rain,Minor,Bus,Unknown,1,Police
A300609,2025-01-01,02:05,Kolkata,27.888798,71.73163,Rain,Moderate,Pedestrian,Bad Road,0,Police
A300610,2021-04-05,19:45,Hyderabad,20.110705,72.096916,Clear,Minor,Car,Unknown,0,Police
A300611,2023-03-13,08:09,Chennai,27.328191,68.109159,Clear,Minor,Car,Bad Road,0,Police
A300612,2024-01-26,19:50,Surat,20.37625,74.939368,Clear,Minor,Bicycle,Bad Road,1,Citizen
A300613,2023-05-29,04:41,Lucknow,19.969607,70.053351,Clear,Minor,Motorcycle,Unknown,0,Police
A300614,2021-03-10,11:30,Chennai,19.922915,74.549138,Storm,Minor,Motorcycle,Mechanical Failure,0,Police
A300615,2024-05-31,06:50,Jaipur,17.568949,77.188406,Clear,Minor,Bus,Weather,0,Police
A300616,2024-03-03,08:51,Kolkata,12.14006,72.093831,Fog,Severe,Motorcycle,Weather,0,Police
A300617,2024-04-08,06:41,Chennai,15.124597,69.250286,Rain,Severe,Motorcycle,Bad Road,0,Police
A300618,2024-06-11,19:14,Bengaluru,13.849395,70.264316,Rain,Minor,Bus,Distracted,1,Police
A300619,2024-03-16,14:27,Pune,11.231618,73.669058,Clear,Moderate,Car,Drunk Driving,0,Police
A300620,2021-02-18,01:38,Bengaluru,23.066092,75.497713,Clear,Moderate,Bus,Unknown,0,Citizen
A300621,2025-05-03,06:43,Surat,19.933441,68.423873,Clear,Severe,Truck,Weather,0,Police
A300622,2025-06-24,12:54,Lucknow,10.696371,68.054073,Hazy,Minor,Car,Drunk Driving,1,Police
A300623,2024-11-20,13:01,Hyderabad,9.402446,69.788753,Hazy,Minor,Car,Unknown,1,Police
A300624,2022-03-09,20:23,Kolkata,21.645875,76.315423,Clear,Fatal,Car,Mechanical Failure,0,Police
A300625,2023-03-17,01:24,Pune,22.595077,69.871603,Rain,Moderate,Motorcycle,Mechanical Failure,0,Citizen
A300626,2022-02-18,02:50,Pune,22.7584,75.878116,Clear,Moderate,Car,Drunk Driving,0,Police
A300627,2023-01-28,10:36,Jaipur,22.372192,69.556333,Clear,Minor,Car,Drunk Driving,0,Police
A300628,2024-08-10,00:05,Jaipur,26.361691,68.246189,Clear,Minor,Car,Mechanical Failure,1,Citizen
A300629,2021-01-05,16:49,Bengaluru,13.132388,76.985044,Fog,Severe,Truck,Bad Road,0,Police
A300630,2024-05-04,18:04,Jaipur,16.2448,75.371849,Clear,Minor,Bicycle,Weather,0,Police
A300631,2024-12-18,02:56,Surat,11.336924,73.460769,Clear,Minor,Bus,Bad Road,0,Police
A300632,2021-09-13,05:22,,19.086898,71.182099,Clear,Severe,Bus,Speeding,0,Police
A300633,2025-06-04,22:22,Hyderabad,13.256997,77.263176,Snow (rare),Minor,Car,Distracted,0,Police
A300634,2023-05-26,16:45,Delhi,18.268346,71.58105,Clear,Minor,Bicycle,Unknown,0,Police
A300635,2024-01-20,13:49,Chennai,23.680863,75.22202,Clear,Severe,Motorcycle,Distracted,0,Police
A300636,2022-04-05,20:07,Kolkata,20.5945,70.256991,Hazy,Minor,Bicycle,Speeding,0,Citizen
A300637,2024-12-24,15:13,Lucknow,22.284967,68.095141,Clear,Moderate,Motorcycle,Drunk Driving,0,Police
A300638,2021-03-19,12:38,Pune,8.000236,76.580445,Clear,Fatal,Car,Speeding,0,Police
A300639,2021-02-09,11:17,Delhi,18.832869,73.328736,Hazy,Fatal,Car,Weather,0,Police
A300640,2024-12-28,06:48,Lucknow,16.076726,73.123147,Clear,Severe,Car,Mechanical Failure,0,Police
A300641,2025-03-02,20:47,Pune,19.870371,71.567694,Hazy,Moderate,Car,Speeding,0,Police
A300642,2021-09-15,05:29,Mumbai,27.041699,71.059107,Clear,Severe,Motorcycle,Unknown,0,Police
A300643,2025-09-11,01:14,Surat,17.858866,70.898644,Clear,Minor,Bus,Weather,0,Police
A300644,2024-05-20,01:43,Delhi,16.102128,76.608788,Hazy,Severe,Bus,Speeding,0,Police
A300645,2025-08-19,08:29,Mumbai,21.466845,71.220645,Clear,Minor,Truck,Weather,1,Hospital
A300646,2021-08-02,14:56,Chennai,21.235959,72.840098,Clear,Minor,Motorcycle,Mechanical Failure,0,Police
A300647,2024-11-16,07:29,Delhi,21.063062,70.418683,Fog,Moderate,Car,Unknown,0,Police
A300648,2025-03-30,21:42,Mumbai,18.637346,77.446112,Clear,Moderate,Motorcycle,Bad Road,1,Citizen
A300649,2021-08-06,07:20,Kolkata,8.869999,70.732676,Clear,Moderate,Motorcycle,Mechanical Failure,0,Police
A300650,2023-06-24,08:39,Hyderabad,21.370707,69.043254,Rain,Minor,Motorcycle,Bad Road,0,Insurance
A300651,2023-08-10,05:19,Pune,20.108855,75.193458,Clear,Minor,Car,Drunk Driving,0,Hospital
A300652,2024-05-13,16:08,Delhi,24.488716,77.571955,Rain,Moderate,Car,Speeding,0,Police
A300653,2022-08-31,11:52,Delhi,18.529063,69.819749,Clear,Minor,Pedestrian,Unknown,1,Police
A300654,2024-11-27,03:41,Kolkata,13.165298,68.483715,Rain,Minor,Motorcycle,Mechanical Failure,1,Hospital
A300655,2024-06-04,22:20,Delhi,16.304914,70.024601,Hazy,Minor,Car,Drunk Driving,0,Police
A300656,2022-09-07,04:36,Hyderabad,26.525986,76.946888,Clear,Minor,Truck,Speeding,1,Police
A300657,2022-04-21,01:51,Jaipur,21.222734,68.754539,Rain,Minor,Car,Unknown,1,Police
A300658,2023-12-30,19:43,Pune,13.174377,69.313776,Hazy,Moderate,Truck,Distracted,0,Police
A300659,2021-06-25,07:08,Mumbai,20.01274,71.720473,Clear,Fatal,Bicycle,Mechanical Failure,0,Citizen
A300660,2021-02-01,19:03,Pune,21.044425,69.428715,Clear,Severe,Car,Distracted,1,Police
A300661,2022-11-19,15:49,Bengaluru,10.898633,76.233631,Rain,Minor,Car,Distracted,1,Police
A300662,2024-12-04,18:58,Surat,25.221788,76.685347,Snow (rare),Minor,Motorcycle,Distracted,0,Police
A300663,2024-03-02,00:40,Hyderabad,20.631068,68.347629,Clear,Minor,Car,Mechanical Failure,0,Police
A300664,2024-09-16,17:21,Chennai,8.418437,71.53316,Clear,Minor,Motorcycle,Weather,1,Police
A300665,2023-11-21,14:17,Bengaluru,9.04056,76.081376,Fog,Severe,Car,Speeding,0,Police
A300666,2021-03-21,16:15,Lucknow,10.743954,74.581194,Clear,Minor,Motorcycle,Distracted,0,Citizen
A300667,2023-03-31,06:53,Bengaluru,12.719178,68.347415,Rain,Minor,Car,Speeding,0,Citizen
A300668,2024-03-18,06:19,Jaipur,8.226734,68.421203,Clear,Fatal,Motorcycle,Speeding,0,Police
A300669,2023-10-28,16:28,Pune,19.853961,69.554933,Clear,Minor,Bus,Bad Road,0,Police
A300670,2022-09-27,12:20,Kolkata,20.234134,71.73627,Fog,Minor,Bus,Mechanical Failure,0,Police
A300671,2022-05-06,01:16,Kolkata,11.71798,72.339181,Clear,Minor,Bicycle,Unknown,0,Police
A300672,2021-03-19,02:20,Hyderabad,14.332373,74.254261,Clear,Moderate,Car,Drunk Driving,0,Police
A300673,2023-01-13,08:42,Jaipur,8.191813,75.60341,Rain,Moderate,Car,Bad Road,1,Insurance
A300674,2022-08-07,02:41,Bengaluru,17.517302,72.784033,Clear,Minor,Bus,Unknown,1,Police
A300675,2024-02-03,16:20,Jaipur,28.209873,77.195437,Rain,Minor,Car,Distracted,1,Insurance
A300676,2023-12-08,03:18,Mumbai,23.237878,71.065524,Clear,Moderate,Motorcycle,Speeding,0,Police
A300677,2021-10-10,02:20,Surat,21.259532,73.242183,Clear,Minor,Motorcycle,Drunk Driving,0,Police
A300678,2023-08-01,03:25,Mumbai,16.619018,72.343236,Storm,Minor,Car,Bad Road,0,Police
A300679,2021-01-14,21:15,Pune,21.986429,77.623602,Hazy,Moderate,Car,Distracted,0,Police
A300680,2025-07-12,20:42,Kolkata,24.159138,76.988713,Clear,Moderate,Motorcycle,Bad Road,0,Citizen
A300681,2021-12-01,06:46,Hyderabad,21.965618,73.75979,Clear,Moderate,Motorcycle,Unknown,2,Citizen
A300682,2025-05-30,10:05,Bengaluru,14.269058,72.655351,Clear,Minor,Car,Unknown,0,Hospital
A300683,2021-08-31,19:33,Pune,22.93379,75.977962,Clear,Moderate,Car,Speeding,0,Police
A300684,2024-04-26,18:04,Lucknow,9.023097,75.816736,Clear,Severe,Motorcycle,Bad Road,0,Insurance
A300685,2024-08-26,06:04,Bengaluru,13.35428,71.167979,Rain,Severe,Motorcycle,Speeding,0,Hospital
A300686,2024-02-26,22:02,Chennai,12.715467,71.148354,Clear,Moderate,Truck,Drunk Driving,0,Police
A300687,2021-05-03,16:24,Chennai,16.456547,72.81199,Storm,Minor,Car,Drunk Driving,0,Police
A300688,2025-08-14,22:18,Bengaluru,20.126128,70.784882,Clear,Minor,Car,Distracted,1,Citizen
A300689,2024-07-08,03:56,Mumbai,26.907758,70.57383,Clear,Moderate,Bus,Drunk Driving,0,Citizen
A300690,2024-01-08,04:12,Surat,13.536932,70.167268,Rain,Moderate,Car,Distracted,1,Police
A300691,2023-01-23,07:42,Delhi,14.052081,76.773697,Clear,Severe,Bus,Weather,1,Hospital
A300692,2024-07-18,19:21,Kolkata,13.241014,71.577979,Clear,Minor,Bus,Mechanical Failure,0,Police
A300693,2024-10-14,05:22,Hyderabad,15.533429,73.585499,Clear,Minor,Bus,Bad Road,0,Citizen
A300694,2024-03-01,11:12,Delhi,17.845459,72.396113,Clear,Moderate,Pedestrian,Speeding,0,Police
A300695,2025-02-17,22:39,Jaipur,27.62761,68.56185,Fog,Minor,Motorcycle,Mechanical Failure,0,Police
A300696,2024-01-22,09:44,Jaipur,17.528025,74.932882,Clear,Moderate,Pedestrian,Unknown,0,Citizen
A300697,2024-08-06,05:14,Delhi,14.423492,72.997822,Clear,Moderate,Car,Distracted,0,Police
A300698,2021-11-28,13:41,Chennai,11.052134,71.068319,Clear,Moderate,Motorcycle,Weather,0,Police
A300699,2025-04-09,20:15,Chennai,11.951033,71.990297,Hazy,Minor,Motorcycle,Distracted,0,Police
A300700,2024-06-20,04:10,Pune,10.851936,70.310956,Hazy,Severe,Motorcycle,Weather,0,Citizen
A300701,2023-03-27,13:35,Surat,8.987744,71.470211,Rain,Minor,Truck,Weather,1,Citizen
A300702,2021-11-30,02:16,Hyderabad,15.270741,75.09444,Hazy,Minor,Car,Unknown,0,Police
A300703,2022-01-19,08:50,Chennai,20.867733,75.472572,Rain,Moderate,Bicycle,Drunk Driving,1,Police
A300704,2024-06-13,20:45,Jaipur,8.300884,73.961,Clear,Minor,Bus,Distracted,1,Police
A300705,2021-07-11,12:08,Kolkata,16.133747,76.91571,Snow (rare),Minor,Motorcycle,Drunk Driving,0,Police
A300706,2022-11-23,20:07,Bengaluru,19.541679,69.696832,Rain,Minor,Car,Distracted,1,Citizen
A300707,2023-06-27,11:51,Hyderabad,15.664383,73.123151,Clear,Severe,Motorcycle,Drunk Driving,0,Hospital
A300708,2022-06-12,12:43,Jaipur,13.678964,74.728723,Fog,Minor,Motorcycle,Bad Road,0,Insurance
A300709,2024-11-23,17:19,,24.001254,68.7186,Fog,Minor,Truck,Speeding,0,Citizen
A300710,2021-08-06,04:42,Kolkata,12.767925,70.452188,Clear,Minor,Pedestrian,Drunk Driving,0,Police
A300711,2024-10-26,04:39,Kolkata,18.810849,74.509736,Clear,Minor,Car,Unknown,0,Police
A300712,2022-08-29,00:01,Hyderabad,24.896282,77.540177,Snow (rare),Moderate,Motorcycle,Speeding,1,Police
A300713,2024-03-15,01:56,Kolkata,13.204635,73.072671,Clear,Severe,Car,Bad Road,1,Citizen
A300714,2021-07-04,22:22,Chennai,9.171853,76.607167,Rain,Moderate,Bus,Speeding,0,Police
A300715,2025-06-16,07:02,Bengaluru,23.370456,70.472034,Storm,Severe,Motorcycle,Mechanical Failure,0,Police
A300716,2024-04-20,15:11,Jaipur,12.935468,72.87947,Clear,Minor,Motorcycle,Unknown,1,Police
A300717,2021-10-15,15:45,Delhi,22.585122,68.874421,Clear,Minor,Pedestrian,Drunk Driving,0,Police
A300718,2021-12-30,15:26,Mumbai,21.215087,72.41555,Rain,Severe,Motorcycle,Bad Road,0,Police
A300719,2024-01-11,14:28,Surat,12.663349,71.459748,Clear,Severe,Car,Weather,1,Police
A300720,2023-07-05,03:52,Lucknow,13.697038,75.900564,Clear,Moderate,Car,Drunk Driving,1,Citizen
A300721,2025-09-23,10:36,Delhi,18.132886,75.732589,Clear,Minor,Motorcycle,Mechanical Failure,0,Police
A300722,2023-12-31,00:53,Chennai,27.79784,75.196177,Clear,Minor,Motorcycle,Unknown,0,Hospital
A300723,2021-05-15,03:49,Jaipur,25.022641,73.874763,Clear,Minor,Car,Mechanical Failure,0,Police
A300724,2024-05-14,01:40,Pune,9.316372,71.324302,Fog,Moderate,Car,Weather,1,Police
A300725,2025-08-25,12:20,Surat,19.74308,74.060928,Hazy,None,Car,Unknown,1,Police
A300726,2023-03-25,02:04,Jaipur,20.2424,74.932094,Clear,Moderate,Car,Unknown,0,Citizen
A300727,2022-04-01,16:19,Chennai,15.783355,74.990183,Clear,Severe,Car,Unknown,1,Police
A300728,2022-12-31,12:15,Bengaluru,18.809317,72.755058,Clear,Minor,Car,Speeding,0,Police
A300729,2025-08-23,08:16,Kolkata,18.375342,76.903798,Rain,Minor,Bus,Bad Road,0,Citizen
A300730,2023-11-19,21:08,Surat,11.789593,68.393342,Clear,Minor,Motorcycle,Unknown,0,Hospital
A300731,2023-11-08,16:45,Mumbai,12.874988,69.920287,Clear,Moderate,Car,Drunk Driving,0,Police
A300732,2024-01-24,03:19,Jaipur,27.616079,68.927197,Clear,Moderate,Motorcycle,Weather,0,Citizen
A300733,2022-04-27,00:19,Hyderabad,9.314034,71.99393,Clear,Moderate,Car,Bad Road,0,Police
A300734,2024-01-15,11:24,Surat,10.123965,74.275458,Rain,Minor,Car,Mechanical Failure,0,Citizen
A300735,2023-08-06,11:27,Jaipur,8.133892,72.914758,Clear,Minor,Motorcycle,Bad Road,0,Citizen
A300736,2024-06-03,22:41,Surat,8.969167,73.015542,Fog,Moderate,Car,Bad Road,0,Police
A300737,2021-11-18,05:26,Kolkata,10.668439,75.068241,Clear,Minor,Car,Unknown,0,Police
A300738,2024-05-20,19:40,Chennai,19.177796,74.572812,Hazy,Moderate,Truck,Mechanical Failure,2,Police
A300739,2022-07-21,12:41,Jaipur,20.898195,69.240784,Rain,Minor,Bus,Speeding,0,Police
A300740,2024-06-14,00:51,Lucknow,28.501949,71.204696,Clear,Minor,Car,Weather,0,Police
A300741,2023-02-07,06:16,Surat,24.373989,68.841616,Hazy,Severe,Car,Mechanical Failure,0,Citizen
A300742,2025-01-07,02:03,Delhi,20.195428,76.643233,Fog,Fatal,Bicycle,Weather,0,Citizen
A300743,2025-05-04,22:52,Pune,12.179391,76.16022,Fog,Minor,Pedestrian,Drunk Driving,0,Hospital
A300744,2023-07-10,00:49,Jaipur,11.224766,77.241706,Rain,Moderate,Car,Mechanical Failure,0,Citizen
A300745,2022-09-01,09:00,Mumbai,23.399085,76.384984,Rain,Minor,Car,Weather,0,Citizen
A300746,2023-04-25,02:02,Hyderabad,24.547759,76.684789,Clear,Minor,Motorcycle,Speeding,1,Police
A300747,2022-08-06,08:11,Pune,26.788924,69.129397,Fog,Moderate,Motorcycle,Mechanical Failure,0,Citizen
A300748,2021-05-28,21:47,Kolkata,28.393091,72.833162,Storm,None,Car,Distracted,0,Citizen
A300749,2022-02-11,07:47,Mumbai,13.905315,76.908404,Rain,Fatal,Motorcycle,Weather,0,Police
A300750,2023-09-17,15:10,Mumbai,18.985437,75.954954,Fog,Minor,Truck,Weather,1,Insurance
A300751,2023-10-10,12:36,Surat,22.089961,76.498755,Clear,Minor,Car,Drunk Driving,1,Police
A300752,2021-02-21,17:07,Pune,23.731773,73.320669,Fog,Severe,Car,Drunk Driving,0,Hospital
A300753,2021-06-14,09:54,Delhi,28.635665,77.455483,Clear,Minor,Motorcycle,Drunk Driving,1,Police
A300754,2022-03-03,13:15,Mumbai,26.675605,76.30433,Clear,Moderate,Bus,Distracted,0,Police
A300755,2023-04-13,18:38,Hyderabad,18.071937,69.926059,Hazy,Moderate,Car,Drunk Driving,0,Police
A300756,2021-05-01,05:19,Pune,8.546255,76.862357,Clear,Minor,Car,Weather,1,Police
A300757,2024-12-12,07:18,Delhi,8.623056,75.006918,Hazy,Minor,Truck,Distracted,0,Hospital
A300758,2023-12-25,06:33,Bengaluru,22.074102,70.003436,Fog,Minor,Car,Speeding,0,Police
A300759,2021-12-27,04:18,Delhi,26.654107,69.019906,Storm,Minor,Motorcycle,Bad Road,1,Citizen
A300760,2025-05-01,10:01,Surat,10.5469,76.288574,Storm,Severe,Motorcycle,Unknown,0,Police
A300761,2022-03-05,17:58,Hyderabad,26.483662,69.176886,Clear,Minor,Bus,Mechanical Failure,0,Police
A300762,2023-03-01,17:32,Surat,23.466644,75.851327,Clear,Moderate,Car,Speeding,0,Police
A300763,2023-03-03,14:42,Bengaluru,11.614294,75.101261,Clear,Fatal,Motorcycle,Speeding,0,Police
A300764,2023-10-29,12:56,Mumbai,27.588415,69.07436,Rain,Minor,Motorcycle,Weather,1,Citizen
A300765,2025-08-28,22:27,Delhi,13.342515,69.368701,Clear,Minor,Truck,Drunk Driving,0,Citizen
A300766,2024-02-12,13:44,Chennai,19.222412,75.322317,Rain,Moderate,Truck,Mechanical Failure,1,Police
A300767,2022-12-23,15:05,Chennai,28.476988,68.476799,Clear,Moderate,Car,Mechanical Failure,0,Citizen
A300768,2021-02-28,15:40,Jaipur,22.086844,76.080543,Clear,Fatal,Motorcycle,Unknown,1,Police
A300769,2024-09-12,07:49,Chennai,19.630484,77.53042,Rain,Minor,Truck,Mechanical Failure,0,Police
A300770,2022-06-12,02:09,Surat,16.058324,75.247161,Clear,Moderate,Car,Unknown,0,Hospital
A300771,2023-09-12,01:49,Mumbai,24.357498,77.078643,Snow (rare),Minor,Bus,Unknown,1,Hospital
A300772,2022-08-25,12:11,Chennai,22.951794,77.564559,Hazy,Minor,Bus,Drunk Driving,0,Police
A300773,2021-02-15,04:10,Kolkata,25.200886,69.581696,Snow (rare),Minor,Motorcycle,Unknown,0,Police
A300774,2021-07-08,13:31,Chennai,26.257892,69.216673,Clear,Minor,Bus,Drunk Driving,0,Citizen
A300775,2021-01-19,10:14,Mumbai,18.282131,68.182612,Clear,Moderate,Pedestrian,Mechanical Failure,0,Police
A300776,2021-06-25,03:54,Lucknow,11.956389,69.48597,Rain,Moderate,Pedestrian,Weather,0,Citizen
A300777,2024-08-14,02:34,Chennai,9.833247,77.321329,Clear,Fatal,Bus,Mechanical Failure,1,Police
A300778,2021-05-05,18:04,Chennai,9.853332,68.503278,Fog,Moderate,Motorcycle,Drunk Driving,0,Police
A300779,2021-01-25,20:52,Chennai,11.140584,77.347398,Fog,Moderate,Motorcycle,Weather,0,Hospital
A300780,2022-09-27,08:14,Lucknow,27.907912,69.734291,Clear,Minor,Truck,Speeding,0,Police
A300781,2024-01-21,08:43,Kolkata,22.675016,75.055571,Fog,Moderate,Truck,Speeding,0,Police
A300782,2022-11-12,22:01,Pune,21.408205,76.416966,Rain,Moderate,Motorcycle,Speeding,0,Citizen
A300783,2021-03-04,10:30,Delhi,24.976104,74.653823,Hazy,Minor,Car,Drunk Driving,0,Police
A300784,2024-04-22,02:09,Pune,9.50206,72.028142,Storm,Fatal,Truck,Mechanical Failure,1,Police
A300785,2025-07-14,19:51,Mumbai,22.020458,75.386158,Clear,Moderate,Truck,Weather,0,Police
A300786,2023-06-28,21:30,Lucknow,23.450724,68.522432,Fog,Minor,Car,Drunk Driving,2,Police
A300787,2024-12-21,02:05,Lucknow,19.740775,72.173405,Storm,Moderate,Bus,Speeding,0,Police
A300788,2023-08-10,12:18,Pune,12.592036,75.231543,Rain,Minor,Motorcycle,Bad Road,0,Police
A300789,2021-11-03,15:09,Jaipur,9.183255,73.156051,Rain,Minor,Truck,Unknown,1,Citizen
A300790,2021-08-22,00:28,Bengaluru,22.725155,73.671302,Hazy,Minor,Car,Mechanical Failure,0,Citizen
A300791,2024-12-15,02:21,Chennai,19.467095,73.738963,Storm,Moderate,Motorcycle,Drunk Driving,0,Citizen
A300792,2024-11-24,00:06,Pune,23.060816,72.023695,Clear,Moderate,Motorcycle,Mechanical Failure,0,Hospital
A300793,2024-07-19,18:13,Delhi,10.663331,74.482666,Clear,Minor,Motorcycle,Distracted,1,Citizen
A300794,2022-01-17,13:50,Surat,20.530911,68.438396,Rain,Minor,Car,Mechanical Failure,0,Police
A300795,2022-07-29,04:00,Kolkata,19.395066,73.878242,Clear,Moderate,Motorcycle,Weather,0,Hospital
A300796,2024-01-14,14:34,Surat,12.229566,71.097661,Rain,Moderate,Bus,Distracted,0,Police
A300797,2022-10-16,22:33,Surat,23.482399,70.559237,Clear,Moderate,Bus,Bad Road,1,Citizen
A300798,2024-12-13,07:46,Mumbai,9.081874,68.375367,Clear,Minor,Bicycle,Unknown,0,Police
A300799,2021-09-14,13:17,Jaipur,19.326114,74.559869,Clear,Moderate,Motorcycle,Unknown,0,Citizen
A300800,2023-05-24,06:26,Surat,12.990531,69.32157,Rain,Minor,Car,Distracted,0,Hospital
A300801,2024-05-06,00:58,Pune,11.878626,68.803136,Hazy,Moderate,Motorcycle,Bad Road,0,Insurance
A300802,2021-04-22,15:19,Pune,25.074873,71.524408,Rain,Severe,Motorcycle,Drunk Driving,1,Insurance
A300803,2023-04-18,06:04,Bengaluru,16.919842,69.864428,Clear,Minor,Motorcycle,Weather,1,Police
A300804,2023-05-20,03:03,Mumbai,16.198138,72.862462,Clear,Moderate,Car,Mechanical Failure,0,Citizen
A300805,2024-03-12,04:05,Mumbai,18.821012,73.520146,Rain,Minor,Car,Speeding,0,Insurance
A300806,2024-11-21,01:38,Surat,15.909868,70.111166,Rain,Minor,Car,Bad Road,0,Citizen
A300807,2024-10-16,05:44,Delhi,27.619333,74.820609,Clear,Moderate,Pedestrian,Mechanical Failure,0,Citizen
A300808,2022-05-16,09:08,Mumbai,9.369982,76.624561,Clear,Minor,Bus,Distracted,1,Citizen
A300809,2022-08-29,00:07,Chennai,23.937947,74.185589,Fog,Minor,Truck,Weather,0,Police
A300810,2021-05-11,04:00,Chennai,9.281727,70.605745,Clear,Minor,Motorcycle,Distracted,0,Citizen
A300811,2021-06-27,06:08,Pune,21.15193,76.87176,Fog,Severe,Bus,Unknown,0,Citizen
A300812,2024-12-09,08:23,Hyderabad,23.084576,72.540024,Storm,Minor,Car,Unknown,1,Police
A300813,2021-09-09,02:47,Mumbai,27.267793,68.458853,Hazy,Minor,Bus,Drunk Driving,0,Police
A300814,2024-08-09,17:52,Delhi,11.382913,72.677973,Clear,Minor,Bus,Unknown,0,Police
A300815,2023-05-31,11:41,Surat,26.97844,73.786299,Rain,Moderate,Pedestrian,Weather,0,Hospital
A300816,2021-05-17,12:45,Delhi,17.249768,77.400185,Clear,Minor,Motorcycle,Distracted,0,Police
A300817,2022-12-12,04:29,Chennai,26.217466,73.97935,Rain,Minor,Truck,Weather,0,Hospital
A300818,2021-07-24,16:09,Chennai,24.727406,69.380698,Clear,Minor,Bus,Mechanical Failure,0,Police
A300819,2021-12-11,04:41,Chennai,21.577867,75.632922,Clear,Minor,Pedestrian,Weather,0,Citizen
A300820,2022-03-29,04:52,Surat,27.09586,77.323188,Clear,Moderate,Car,Distracted,0,Citizen
A300821,2023-09-22,11:52,Kolkata,18.247907,76.072245,Clear,Moderate,Motorcycle,Distracted,1,Police
A300822,2022-07-22,11:50,Chennai,16.577205,75.299897,Clear,Minor,Car,Drunk Driving,0,Police
A300823,2023-10-07,00:44,Mumbai,18.767747,74.667045,Rain,Minor,Motorcycle,Distracted,1,Police
A300824,2025-09-16,13:34,Delhi,21.386159,68.707997,Clear,Minor,Car,Drunk Driving,0,Citizen
A300825,2025-09-11,18:03,Hyderabad,21.530295,71.155981,Clear,Moderate,Motorcycle,Mechanical Failure,0,Police
A300826,2023-01-07,08:47,Delhi,17.075322,75.319708,Clear,Minor,Motorcycle,Unknown,0,Police
A300827,2022-01-07,17:35,Delhi,12.058527,74.65773,Hazy,Minor,Car,Drunk Driving,0,Police
A300828,2023-12-11,05:25,Lucknow,12.19932,74.410373,Clear,Moderate,Car,Drunk Driving,0,Police
A300829,2024-11-04,19:54,Hyderabad,27.978032,76.800423,Rain,Moderate,Motorcycle,Mechanical Failure,0,Police
A300830,2025-06-27,11:58,Mumbai,24.826163,77.426193,Fog,Minor,Bus,Bad Road,0,Police
A300831,2024-11-24,08:15,Chennai,18.221403,73.098449,Clear,Minor,Car,Weather,1,Police
A300832,2024-05-07,11:00,Chennai,23.773663,77.188066,Clear,Minor,Motorcycle,Mechanical Failure,0,Police
A300833,2021-03-31,09:02,Pune,8.67018,73.137427,Rain,Moderate,Truck,Bad Road,0,Police
A300834,2022-12-25,13:13,Pune,22.318711,75.292426,Hazy,Moderate,Motorcycle,Bad Road,0,Citizen
A300835,2022-01-28,13:42,Chennai,22.756524,68.459516,Rain,Minor,Motorcycle,Unknown,0,Police
A300836,2023-06-05,21:23,Hyderabad,18.633673,73.72831,Clear,Minor,Bus,Mechanical Failure,1,Police
A300837,2025-01-15,21:33,Chennai,13.376392,70.392384,Rain,Moderate,Car,Distracted,0,Police
A300838,2024-12-22,21:44,Bengaluru,8.20796,72.112872,Rain,Minor,Bus,Speeding,0,Police
A300839,2025-01-27,00:43,Mumbai,20.753647,77.600046,Rain,Minor,Motorcycle,Speeding,1,Police
A300840,2022-12-22,14:17,Mumbai,15.215185,72.804122,Fog,Minor,Motorcycle,Speeding,1,Citizen
A300841,2024-09-24,07:05,Delhi,17.089442,75.37208,Fog,Minor,Car,Mechanical Failure,2,Police
A300842,2024-01-05,05:35,Lucknow,10.390822,76.783499,Clear,Minor,Car,Weather,1,Police
A300843,2024-04-28,08:04,Bengaluru,15.218312,71.061419,Clear,Minor,Motorcycle,Distracted,0,Citizen
A300844,2025-03-12,13:44,Hyderabad,27.974404,72.221553,Hazy,Minor,Motorcycle,Drunk Driving,1,Police
A300845,2023-04-06,12:10,Jaipur,12.660227,68.154139,Clear,Severe,Car,Unknown,0,Police
A300846,2025-02-10,21:56,Delhi,22.444254,77.011232,Clear,Minor,Car,Unknown,0,Police
A300847,2022-11-22,16:29,Mumbai,26.275665,76.324693,Hazy,Moderate,Truck,Mechanical Failure,1,Police
A300848,2022-11-13,12:39,Mumbai,14.47765,71.8582,Rain,Moderate,Car,Mechanical Failure,3,Hospital
A300849,2022-07-12,11:23,Surat,21.806754,69.015883,Rain,Minor,Motorcycle,Unknown,0,Police
A300850,2023-11-06,14:17,Surat,24.696203,76.090401,Rain,Minor,Motorcycle,Speeding,0,Citizen
A300851,2025-09-25,13:20,Bengaluru,27.23052,69.419045,Clear,Fatal,Motorcycle,Distracted,1,Police
A300852,2025-06-27,21:40,Jaipur,26.568645,68.715279,Clear,Minor,Truck,Unknown,0,Police
A300853,2021-10-09,15:46,Surat,17.220607,72.724144,Fog,Minor,Bicycle,Mechanical Failure,0,Police
A300854,2024-01-22,04:21,Chennai,24.251509,76.971339,Clear,Minor,Bicycle,Weather,0,Police
A300855,2024-02-03,09:07,Delhi,27.08908,76.270089,Storm,Severe,Motorcycle,Bad Road,0,Police
A300856,2025-04-08,22:24,Chennai,24.75811,69.000063,Storm,Minor,Bus,Distracted,0,Citizen
A300857,2022-05-15,14:01,Delhi,10.937819,73.946546,Clear,Minor,Car,Drunk Driving,0,Police
A300858,2023-11-18,09:45,Chennai,27.360282,72.992441,Clear,Moderate,Truck,Drunk Driving,1,Insurance
A300859,2022-09-15,16:25,Jaipur,20.317236,76.692797,Clear,Minor,Bus,Mechanical Failure,0,Police
A300860,2022-04-29,22:43,Mumbai,16.155568,74.130538,Clear,Severe,Pedestrian,Distracted,0,Police
A300861,2024-08-08,20:14,Bengaluru,13.302982,72.552882,Rain,Minor,Truck,Unknown,0,Hospital
A300862,2024-02-17,17:39,Surat,15.808123,69.249851,Clear,Moderate,Car,Speeding,0,Police
A300863,2023-09-03,10:40,Delhi,20.877198,73.631385,Clear,Minor,Car,Bad Road,0,Police
A300864,2024-05-28,11:44,Surat,9.201065,73.461794,Fog,Minor,Pedestrian,Bad Road,0,Police
A300865,2024-02-28,12:57,Bengaluru,9.928683,71.139372,Clear,Minor,Car,Weather,0,Citizen
A300866,2024-07-19,21:18,Jaipur,19.57089,77.346471,Clear,Minor,Motorcycle,Unknown,0,Hospital
A300867,2024-08-10,05:07,Jaipur,26.292055,70.798801,Clear,Moderate,Car,Drunk Driving,0,Police
A300868,2024-07-01,14:31,Kolkata,13.144708,73.718072,Rain,Moderate,Motorcycle,Mechanical Failure,0,Police
A300869,2021-07-01,22:34,Delhi,18.531961,70.602517,Clear,Minor,Truck,Unknown,0,Police
A300870,2021-01-16,02:53,Mumbai,26.544625,70.901269,Rain,Minor,Car,Distracted,0,Hospital
A300871,2021-03-22,22:17,Lucknow,24.166337,69.869904,Clear,Minor,Motorcycle,Speeding,1,Police
A300872,2022-05-27,08:29,Pune,9.057266,73.994629,Clear,Moderate,Bus,Weather,0,Citizen
A300873,2025-02-21,13:01,Hyderabad,12.381948,68.01093,Hazy,Moderate,Car,Unknown,1,Police
A300874,2024-06-30,22:06,Bengaluru,12.074499,69.423164,Clear,Minor,Bus,Bad Road,0,Citizen
A300875,2021-08-31,15:06,Hyderabad,21.20869,68.748694,Clear,Minor,Car,Distracted,0,Hospital
A300876,2024-08-10,14:08,Mumbai,21.270477,69.165864,Fog,Minor,Car,Distracted,2,Citizen
A300877,2023-01-14,15:44,Surat,26.687008,73.44948,Clear,Moderate,Motorcycle,Distracted,1,Citizen
A300878,2021-09-03,16:33,Surat,16.399342,72.345006,Clear,Minor,Bus,Mechanical Failure,0,Hospital
A300879,2024-03-04,08:20,Surat,28.046919,70.17306,Fog,Moderate,Truck,Mechanical Failure,1,Police
A300880,2022-12-12,15:57,Hyderabad,17.885183,73.882014,Clear,Minor,Motorcycle,Mechanical Failure,0,Police
A300881,2022-09-14,08:51,Delhi,27.880915,74.32473,Clear,Severe,Car,Unknown,1,Insurance
A300882,2022-07-15,04:18,Mumbai,10.455957,68.150614,Hazy,Minor,Car,Speeding,0,Police
A300883,2021-05-04,07:28,Jaipur,10.471024,73.549882,Fog,Minor,Bus,Speeding,0,Hospital
A300884,2022-04-25,11:42,Jaipur,24.015002,73.292651,Rain,Severe,Motorcycle,Unknown,3,Citizen
A300885,2023-03-28,12:47,Lucknow,12.763203,69.910863,Clear,Minor,Motorcycle,Speeding,1,Police
A300886,2022-08-25,12:48,Surat,16.289806,71.858388,Clear,Minor,Car,Drunk Driving,0,Police
A300887,2021-05-30,10:03,Chennai,21.582186,69.669683,Fog,Moderate,Motorcycle,Bad Road,0,Police
A300888,2021-08-23,11:02,Mumbai,26.431818,71.053531,Rain,Moderate,Truck,Bad Road,1,Police
A300889,2023-08-20,16:51,Hyderabad,17.397495,75.94099,Rain,Minor,Car,Bad Road,0,Police
A300890,2021-09-17,01:41,Delhi,27.20233,76.294145,Clear,Moderate,Motorcycle,Distracted,0,Police
A300891,2021-08-19,01:46,Hyderabad,14.993082,77.540903,Snow (rare),Minor,Car,Distracted,1,Citizen
A300892,2024-01-26,14:57,Surat,21.528556,74.099368,Clear,Minor,Car,Unknown,0,Insurance
A300893,2022-07-30,06:48,Chennai,22.591542,72.133963,Clear,Severe,Truck,Weather,0,Hospital
A300894,2023-06-12,21:28,Hyderabad,25.564465,68.274833,Clear,Minor,Car,Weather,0,Police
A300895,2023-03-04,06:04,Lucknow,28.400122,70.71509,Hazy,Minor,Bus,Distracted,0,Police
A300896,2025-01-04,15:48,Jaipur,22.563807,74.320702,Snow (rare),Minor,Bus,Mechanical Failure,0,Citizen
A300897,2023-04-19,10:15,Mumbai,18.936593,68.355708,Rain,Minor,Car,Speeding,0,Police
A300898,2022-07-30,04:02,Bengaluru,9.16025,71.464795,Rain,Minor,Motorcycle,Drunk Driving,1,Police
A300899,2025-04-25,03:39,Mumbai,19.440931,69.065696,Rain,Fatal,Bus,Speeding,0,Police
A300900,2024-03-20,15:13,Chennai,11.029688,74.729775,Storm,Minor,Pedestrian,Unknown,2,Hospital
A300901,2021-12-09,10:41,Lucknow,21.567609,73.971276,Clear,Minor,Truck,Distracted,0,Police
A300902,2022-11-07,05:06,Chennai,23.619291,74.782184,Clear,Minor,Car,Distracted,1,Police
A300903,2021-04-22,11:20,Pune,11.673064,73.893309,Rain,Minor,Bus,Speeding,0,Insurance
A300904,2021-04-22,01:16,Kolkata,9.033652,69.172396,Clear,Moderate,Motorcycle,Weather,1,Hospital
A300905,2021-02-03,19:13,Mumbai,24.193731,74.000426,Clear,Minor,Motorcycle,Drunk Driving,0,Police
A300906,2023-07-25,22:03,Hyderabad,9.332013,70.092331,Clear,Minor,Car,Drunk Driving,0,Hospital
A300907,2023-05-05,02:12,Chennai,15.725821,72.185862,Clear,Minor,Bicycle,Bad Road,1,Police
A300908,2021-04-14,20:08,Pune,27.799891,73.671726,Clear,Moderate,Car,Drunk Driving,0,Police
A300909,2021-10-16,10:52,Delhi,20.358519,69.305622,Clear,Moderate,Truck,Mechanical Failure,0,Citizen
A300910,2023-10-22,22:16,Hyderabad,21.336878,72.907293,Rain,Minor,Bus,Distracted,0,Police
A300911,2021-09-08,00:33,Jaipur,15.707051,77.680444,Clear,Severe,Motorcycle,Distracted,0,Police
A300912,2021-01-30,14:52,Delhi,12.280529,72.582213,Rain,Minor,Pedestrian,Bad Road,0,Police
A300913,2024-04-28,00:32,Mumbai,9.461891,76.010518,Clear,Minor,Motorcycle,Weather,1,Police
A300914,2021-06-20,02:36,Hyderabad,10.987374,70.074633,Clear,Moderate,Car,Distracted,1,Citizen
A300915,2024-11-17,03:20,Hyderabad,27.389362,73.602197,Clear,Moderate,Car,Bad Road,1,Citizen
A300916,2025-01-12,22:00,Hyderabad,8.918841,69.183384,Clear,Severe,Bus,Distracted,0,Police
A300917,2024-10-31,01:23,Chennai,16.656128,74.01658,Clear,Minor,Car,Distracted,2,Police
A300918,2025-07-15,16:06,Hyderabad,10.491022,75.125652,Clear,Minor,Motorcycle,Bad Road,0,Police
A300919,2024-11-25,06:35,Hyderabad,8.376551,71.780557,Clear,Minor,Car,Weather,2,Hospital
A300920,2022-04-29,06:52,Bengaluru,9.343448,73.250599,Rain,Moderate,Bus,Drunk Driving,0,Police
A300921,2023-08-19,01:14,Chennai,14.180472,76.181598,Rain,Minor,Car,Weather,0,Citizen
A300922,2021-05-19,05:29,Lucknow,20.515041,72.533999,Clear,Moderate,Motorcycle,Distracted,0,Police
A300923,2025-06-15,00:54,Hyderabad,26.095362,69.676185,Clear,Minor,Motorcycle,Distracted,0,Citizen
A300924,2021-02-26,06:01,Chennai,9.416266,72.569358,Clear,Minor,Car,Mechanical Failure,0,Citizen
A300925,2024-12-22,02:27,Bengaluru,8.365511,71.978984,Clear,Moderate,Motorcycle,Weather,0,Police
A300926,2024-07-06,08:45,Chennai,9.300534,68.618933,Rain,Severe,Motorcycle,Speeding,0,Citizen
A300927,2025-03-10,01:02,Chennai,12.36766,68.281704,Fog,Minor,Car,Unknown,0,Police
A300928,2023-03-01,03:36,Kolkata,21.744216,68.934682,Rain,Minor,Bus,Unknown,0,Hospital
A300929,2023-01-19,19:34,Bengaluru,10.219748,77.548915,Clear,Minor,Motorcycle,Bad Road,0,Police
A300930,2024-07-16,12:47,,25.194779,74.456377,Hazy,Moderate,Car,Drunk Driving,0,Police
A300931,2025-07-20,08:32,Delhi,9.809458,69.266333,Clear,Moderate,Car,Weather,0,Citizen
A300932,2025-06-01,14:47,Jaipur,12.484757,68.446655,Rain,Minor,Bus,Weather,0,Citizen
A300933,2025-03-04,03:53,Delhi,25.590507,76.4045,Clear,Minor,Truck,Bad Road,0,Police
A300934,2022-10-25,14:46,Chennai,23.803297,72.937421,Rain,Minor,Bus,Unknown,2,Police
A300935,2021-06-18,19:24,Jaipur,15.100813,70.855574,Clear,Minor,Bus,Mechanical Failure,1,Police
A300936,2024-12-04,04:11,Lucknow,18.171937,74.063827,Clear,Minor,Motorcycle,Distracted,0,Citizen
A300937,2023-05-27,22:39,Jaipur,8.914697,69.464867,Rain,Minor,Car,Weather,1,Police
A300938,2021-05-04,04:34,Mumbai,25.596339,70.911848,Clear,Moderate,Car,Drunk Driving,2,Police
A300939,2025-05-03,20:52,Pune,16.377661,73.822229,Clear,Minor,Bicycle,Distracted,0,Citizen
A300940,2021-02-01,02:16,Jaipur,16.134555,75.364277,Clear,Minor,Motorcycle,Unknown,0,Police
A300941,2024-02-17,22:45,Delhi,11.209071,77.082192,Clear,Minor,Car,Drunk Driving,0,Insurance
A300942,2021-07-10,13:20,Surat,22.237713,73.877419,Clear,Minor,Motorcycle,Unknown,0,Police
A300943,2023-10-27,02:51,Bengaluru,12.466984,72.180265,Clear,Minor,Bus,Unknown,0,Police
A300944,2025-09-12,19:33,Jaipur,12.402692,73.050564,Clear,Severe,Motorcycle,Distracted,1,Hospital
A300945,2025-05-26,15:18,Surat,18.706583,68.612914,Clear,Minor,Bicycle,Speeding,2,Citizen
A300946,2022-08-19,05:26,Kolkata,17.77217,72.737726,Rain,Minor,Motorcycle,Bad Road,2,Police
A300947,2023-07-11,16:38,Lucknow,17.031028,70.789493,Fog,Fatal,Bus,Speeding,0,Police
A300948,2022-04-06,08:57,Surat,18.76025,71.285625,Clear,Severe,Bus,Unknown,0,Hospital
A300949,2021-05-24,06:14,Mumbai,12.752284,69.3197,Rain,Moderate,Car,Drunk Driving,2,Police
A300950,2023-01-16,01:00,Chennai,23.387645,77.301369,Clear,Minor,Truck,Bad Road,1,Police
A300951,2023-04-20,14:33,Chennai,10.665879,71.314589,Clear,Minor,Truck,Mechanical Failure,0,Police
A300952,2021-08-18,13:32,Chennai,13.539808,76.071658,Hazy,Minor,Bicycle,Drunk Driving,1,Police
A300953,2022-10-28,13:44,Jaipur,22.264766,71.229725,Fog,Minor,Car,Drunk Driving,0,Hospital
A300954,2021-12-05,18:53,Lucknow,12.665328,74.037877,Snow (rare),Minor,Bicycle,Weather,0,Police
A300955,2023-03-28,04:27,Surat,17.731317,74.21848,Snow (rare),Minor,Truck,Distracted,0,Citizen
A300956,2024-09-25,13:41,Surat,25.386103,73.42549,Clear,Moderate,Bus,Bad Road,0,Police
A300957,2022-06-12,01:14,Chennai,14.609507,72.254475,Clear,Minor,Car,Bad Road,0,Citizen
A300958,2022-05-10,05:58,Kolkata,11.966017,68.374784,Hazy,Minor,Truck,Bad Road,0,Police
A300959,2022-04-12,14:22,Surat,10.369757,74.775447,Storm,Severe,Motorcycle,Weather,1,Police
A300960,2022-09-03,01:04,Chennai,20.25192,70.952403,Clear,Moderate,Bus,Bad Road,1,Citizen
A300961,2025-01-16,04:42,Kolkata,14.598965,72.480626,Rain,Fatal,Bus,Unknown,0,Citizen
A300962,2024-12-30,03:11,Pune,10.460906,76.551538,Clear,Minor,Car,Drunk Driving,1,Citizen
A300963,2024-02-01,10:09,Surat,17.425181,75.37158,Clear,Minor,Pedestrian,Bad Road,0,Police
A300964,2022-06-24,18:43,Delhi,22.079262,76.29032,Clear,Minor,Motorcycle,Weather,0,Citizen
A300965,2024-11-23,03:38,Surat,17.018656,73.483239,Storm,Moderate,Car,Distracted,0,Citizen
A300966,2022-10-14,01:39,Chennai,16.18599,71.021379,Rain,Minor,Bus,Speeding,0,Police
A300967,2022-02-09,01:07,Hyderabad,23.029132,73.695895,Clear,Moderate,Bus,Speeding,0,Citizen
A300968,2025-03-26,07:43,Kolkata,15.535602,70.200396,Clear,Minor,Motorcycle,Speeding,1,Police
A300969,2025-04-30,12:18,Pune,12.032533,69.472983,Fog,Severe,Bus,Weather,0,Police
A300970,2024-09-04,06:50,Surat,22.001541,76.968442,Storm,Moderate,Pedestrian,Speeding,0,Police
A300971,2024-12-13,06:55,Lucknow,28.428713,77.193638,Storm,Moderate,Motorcycle,Bad Road,1,Insurance
A300972,2023-04-17,15:36,Kolkata,22.738893,70.200939,Clear,Minor,Truck,Drunk Driving,1,Citizen
A300973,2025-05-19,10:21,Jaipur,11.087405,69.449693,Clear,Moderate,Motorcycle,Speeding,1,Citizen
A300974,2024-07-20,03:45,Pune,22.135641,71.83247,Clear,Minor,Car,Bad Road,0,Police
A300975,2025-03-26,21:17,Kolkata,20.231085,69.72952,Clear,Moderate,Car,Unknown,1,Police
A300976,2021-11-09,13:16,,21.342504,75.724141,Clear,Moderate,Car,Weather,0,Police
A300977,2022-06-19,01:22,Delhi,16.668789,75.292378,Rain,Severe,Bus,Bad Road,0,Police
A300978,2025-02-25,08:32,Mumbai,17.769054,76.633188,Clear,Minor,Car,Unknown,0,Hospital
A300979,2021-04-22,22:27,Mumbai,22.125556,77.419314,Rain,Severe,Motorcycle,Speeding,0,Police
A300980,2022-07-30,22:33,Hyderabad,24.174955,70.392095,Rain,Minor,Motorcycle,Bad Road,1,Police
A300981,2024-05-20,00:19,Bengaluru,21.406557,72.542106,Clear,Minor,Bus,Mechanical Failure,0,Citizen
A300982,2021-01-03,13:44,Delhi,21.935239,75.996318,Fog,Minor,Bus,Mechanical Failure,0,Citizen
A300983,2023-01-14,01:32,Hyderabad,14.275153,69.755255,Clear,Moderate,Motorcycle,Speeding,1,Police
A300984,2023-11-06,12:30,Pune,27.621516,73.93417,Fog,Minor,Bicycle,Speeding,0,Police
A300985,2025-09-22,18:34,Hyderabad,12.746038,76.214373,Rain,Moderate,Motorcycle,Unknown,0,Insurance
A300986,2024-08-28,20:57,Kolkata,8.774511,69.13575,Clear,Moderate,Car,Bad Road,0,Citizen
A300987,2021-05-20,11:49,Delhi,14.868925,77.410359,Fog,Minor,Truck,Weather,0,Citizen
A300988,2023-06-06,17:09,Jaipur,12.317962,70.27915,Clear,Minor,Motorcycle,Drunk Driving,0,Insurance
A300989,2025-02-26,01:40,Hyderabad,10.245834,77.336256,Rain,Minor,Pedestrian,Drunk Driving,0,Police
A300990,2023-09-27,09:45,Pune,8.202369,75.228456,Clear,Minor,Motorcycle,Distracted,0,Citizen
A300991,2023-09-24,02:11,Delhi,13.496863,75.269067,Clear,Minor,Motorcycle,Speeding,0,Police
A300992,2025-05-13,18:53,Kolkata,21.550089,69.591872,Clear,Minor,Truck,Distracted,1,Hospital
A300993,2025-06-05,07:55,Lucknow,25.402535,72.927482,Clear,Minor,Pedestrian,Bad Road,0,Police
A300994,2023-11-22,16:40,Chennai,22.939779,76.869605,Clear,Moderate,Motorcycle,Distracted,0,Police
A300995,2024-08-05,06:17,Bengaluru,27.537657,71.136032,Clear,Minor,Car,Drunk Driving,0,Citizen
A300996,2023-08-11,09:16,Hyderabad,15.546359,73.687368,Rain,Severe,Truck,Speeding,0,Police
A300997,2025-01-25,14:42,Mumbai,13.033744,77.031685,Clear,Minor,Bus,Unknown,0,Citizen
A300998,2022-04-03,10:41,Lucknow,26.635157,71.604037,Clear,Minor,Motorcycle,Mechanical Failure,0,Police
A300999,2023-05-11,12:43,Chennai,24.180236,73.553119,Rain,Moderate,Motorcycle,Unknown,0,Police
A301000,2023-10-26,10:58,Lucknow,17.135254,70.099962,Rain,Minor,Motorcycle,Bad Road,1,Police
A301001,2022-01-15,17:12,Chennai,16.38409,73.807683,Rain,Severe,Car,Speeding,0,Police
A301002,2023-11-29,09:14,Lucknow,27.473189,70.093304,Clear,Minor,Bus,Mechanical Failure,0,Police
A301003,2021-10-06,15:08,Kolkata,28.632343,77.171577,Clear,Minor,Bus,Weather,1,Citizen
A301004,2023-11-01,22:09,Pune,24.799482,70.639383,Rain,Minor,Truck,Unknown,2,Police
A301005,2022-05-29,19:10,Bengaluru,16.010842,77.374601,Clear,Minor,Motorcycle,Speeding,1,Citizen
A301006,2022-04-03,03:40,Bengaluru,15.080141,70.400072,Clear,Minor,Motorcycle,Distracted,1,Insurance
A301007,2025-09-20,04:33,Bengaluru,15.958951,71.440939,Rain,Minor,Bus,Unknown,0,Insurance
A301008,2021-04-06,10:08,Hyderabad,10.917782,68.36659,Rain,Minor,Car,Speeding,0,Citizen
A301009,2025-06-13,16:55,Kolkata,26.389406,70.374936,Clear,Minor,Motorcycle,Drunk Driving,0,Police
A301010,2024-12-11,08:29,Hyderabad,19.094198,75.213939,Storm,Minor,Bicycle,Mechanical Failure,0,Citizen
A301011,2023-08-23,04:26,Surat,8.850221,75.327275,Clear,Minor,Car,Bad Road,0,Insurance
A301012,2021-12-19,03:54,Hyderabad,14.062586,70.827637,Rain,Moderate,Motorcycle,Speeding,0,Citizen
A301013,2023-09-30,22:32,Lucknow,24.205164,69.293113,Clear,Minor,Car,Speeding,0,Police
A301014,2024-10-26,22:33,Mumbai,20.399625,72.763645,Clear,Minor,Truck,Bad Road,0,Police
A301015,2023-03-28,01:35,Bengaluru,25.215299,74.592238,Storm,Severe,Car,Mechanical Failure,0,Insurance
A301016,2022-06-07,21:24,Delhi,14.421145,71.845607,Hazy,Minor,Car,Unknown,0,Citizen
A301017,2025-05-25,01:54,Mumbai,26.885083,73.075995,Rain,Minor,Car,Speeding,0,Citizen
A301018,2023-01-15,04:33,Kolkata,27.534701,77.360075,Rain,Minor,Pedestrian,Unknown,1,Police
A301019,2022-09-27,20:17,Chennai,22.868818,68.374871,Clear,Minor,Bus,Distracted,0,Hospital
A301020,2023-05-08,09:49,Hyderabad,8.085179,69.545629,Clear,Minor,Car,Speeding,0,Police
A301021,2022-05-19,03:00,Lucknow,16.845712,74.216672,Rain,Moderate,Car,Drunk Driving,0,Police
A301022,2022-04-28,11:40,Jaipur,20.482567,72.038809,Hazy,Minor,Bus,Drunk Driving,1,Police
A301023,2021-07-30,09:39,Mumbai,19.822093,77.203244,Fog,Moderate,Car,Weather,0,Police
A301024,2024-01-24,16:34,Mumbai,20.307359,75.848951,Clear,Minor,Truck,Distracted,1,Hospital
A301025,2023-06-08,20:47,Bengaluru,12.595215,69.588354,Clear,Moderate,Motorcycle,Unknown,1,Police
A301026,2024-02-02,11:25,Delhi,10.092532,77.117866,Rain,Minor,Car,Bad Road,1,Police
A301027,2024-04-13,22:32,Surat,15.235618,68.335248,Hazy,Moderate,Bus,Unknown,1,Police
A301028,2025-01-20,01:51,Kolkata,20.708023,69.247528,Rain,Moderate,Motorcycle,Drunk Driving,0,Police
A301029,2023-05-13,20:41,Delhi,12.698178,76.451346,Fog,Moderate,Bus,Drunk Driving,0,Police
A301030,2025-02-15,12:01,Chennai,10.39075,71.442356,Clear,Moderate,Bicycle,Drunk Driving,0,Citizen
A301031,2021-05-04,21:11,Surat,13.306157,72.945023,Rain,Minor,Car,Weather,0,Police
A301032,2021-05-24,06:39,Surat,11.949048,75.573241,Rain,Minor,Pedestrian,Weather,0,Police
A301033,2023-02-21,19:02,Pune,17.207831,75.411327,Fog,Moderate,Car,Drunk Driving,2,Citizen
A301034,2021-03-24,20:32,Surat,10.443925,73.543718,Clear,Moderate,Car,Mechanical Failure,0,Police
A301035,2023-06-30,21:08,Lucknow,12.812045,75.398539,Snow (rare),Moderate,Car,Weather,1,Police
A301036,2024-04-11,17:45,Hyderabad,26.525837,75.037672,Rain,Moderate,Car,Distracted,0,Police
A301037,2024-01-20,02:31,Hyderabad,9.87434,75.621254,Clear,Minor,Car,Drunk Driving,1,Police
A301038,2021-09-03,07:53,Kolkata,20.65145,73.965429,Rain,Minor,Motorcycle,Bad Road,0,Insurance
A301039,2022-09-09,05:47,Chennai,16.699244,74.270283,Clear,Moderate,Car,Drunk Driving,0,Hospital
A301040,2023-01-12,09:47,Pune,10.116527,75.819775,Rain,Minor,Truck,Drunk Driving,0,Citizen
A301041,2024-09-03,11:19,Chennai,16.025195,71.915992,Rain,Minor,Bus,Drunk Driving,1,Police
A301042,2023-10-08,11:34,Mumbai,27.332856,68.817148,Hazy,Moderate,Car,Speeding,0,Police
A301043,2025-05-23,04:05,Lucknow,22.596141,75.79827,Rain,Minor,Motorcycle,Mechanical Failure,0,Insurance
A301044,2022-02-14,01:46,Chennai,24.781966,74.763676,Clear,Minor,Truck,Drunk Driving,0,Police
A301045,2024-08-30,20:29,Pune,28.527583,73.231053,Storm,Minor,Motorcycle,Speeding,2,Police
A301046,2022-05-18,07:42,Bengaluru,8.571045,71.113059,Rain,Minor,Car,Speeding,0,Citizen
A301047,2022-02-10,16:18,Bengaluru,25.833807,74.941637,Clear,Minor,Car,Distracted,1,Police
A301048,2025-05-22,12:31,Jaipur,21.486382,72.655872,Clear,Minor,Motorcycle,Bad Road,1,Police
A301049,2022-06-22,21:21,Surat,12.376361,70.189399,Fog,Minor,Car,Unknown,0,Citizen
A301050,2025-03-31,14:56,Jaipur,21.142473,77.482065,Clear,Moderate,Car,Distracted,0,Hospital
A301051,2025-05-22,22:51,Pune,23.250891,75.673836,Clear,Moderate,Car,Speeding,0,Police
A301052,2021-10-28,15:14,Chennai,26.930973,70.451098,Clear,Moderate,Motorcycle,Drunk Driving,0,Citizen
A301053,2025-01-14,09:45,Chennai,10.259601,71.791516,Fog,Minor,Car,Weather,0,Insurance
A301054,2024-05-28,22:47,Lucknow,12.70449,77.616589,Fog,Minor,Motorcycle,Drunk Driving,1,Citizen
A301055,2021-04-27,10:23,Delhi,14.414881,72.868842,Clear,Minor,Truck,Bad Road,0,Police
A301056,2024-09-15,02:18,Hyderabad,14.130278,73.749771,Rain,Minor,Truck,Weather,0,Citizen
A301057,2022-10-14,18:14,Hyderabad,8.082837,75.739436,Rain,Moderate,Motorcycle,Weather,0,Hospital
A301058,2023-11-20,21:20,Hyderabad,28.134514,68.589807,Rain,Fatal,Motorcycle,Mechanical Failure,0,Police
A301059,2024-03-02,11:54,Bengaluru,21.274055,77.320084,Hazy,Minor,Car,Distracted,0,Citizen
A301060,2024-08-20,08:05,Hyderabad,8.485836,72.323571,Clear,Severe,Motorcycle,Weather,0,Insurance
A301061,2022-06-15,07:28,Kolkata,15.306611,72.065336,Clear,Minor,Motorcycle,Mechanical Failure,0,Police
A301062,2022-05-31,16:41,Delhi,14.002583,73.894579,Clear,Fatal,Motorcycle,Weather,1,Police
A301063,2023-04-09,01:30,Mumbai,22.691342,73.529226,Clear,Minor,Car,Bad Road,0,Police
A301064,2022-02-25,08:08,Kolkata,17.45051,72.01663,Rain,Minor,Car,Speeding,0,Police
A301065,2021-02-18,09:23,Bengaluru,9.243116,76.496366,Clear,Minor,Truck,Distracted,0,Police
A301066,2021-11-12,15:51,Kolkata,17.20695,77.516366,Rain,Minor,Motorcycle,Distracted,1,Insurance
A301067,2022-07-18,00:50,Mumbai,21.990471,71.834946,Hazy,Severe,Car,Mechanical Failure,0,Police
A301068,2021-08-15,02:47,Hyderabad,10.971719,76.653165,Rain,Minor,Motorcycle,Drunk Driving,0,Citizen
A301069,2025-06-20,06:00,Chennai,12.32991,69.999094,Clear,Fatal,Pedestrian,Weather,0,Police
A301070,2022-06-27,02:23,Kolkata,18.236636,73.185085,Storm,Minor,Bus,Weather,2,Hospital
A301071,2025-09-01,10:36,Bengaluru,12.643177,72.759034,Rain,Minor,Bus,Bad Road,0,Police
A301072,2021-06-06,02:20,Pune,20.504912,69.048335,Storm,Severe,Car,Unknown,0,Police
A301073,2025-03-16,19:18,Kolkata,20.241654,71.947494,Snow (rare),Minor,Car,Weather,1,Citizen
A301074,2022-12-09,02:57,Kolkata,24.055614,76.31359,Rain,Moderate,Truck,Mechanical Failure,0,Police
A301075,2023-02-02,03:57,Jaipur,27.773751,72.764839,Rain,Moderate,Motorcycle,Weather,0,Citizen
A301076,2022-04-11,22:16,Jaipur,20.129457,75.62775,Rain,Minor,Motorcycle,Bad Road,0,Police
A301077,2022-03-06,21:43,Delhi,9.20768,77.471878,Storm,Severe,Bicycle,Unknown,0,Hospital
A301078,2024-12-04,10:02,Surat,15.389543,73.115303,Clear,Minor,Car,Weather,0,Citizen
A301079,2023-05-27,10:27,Delhi,8.417975,73.684124,Clear,Minor,Car,Weather,1,Citizen
A301080,2023-10-08,15:17,Jaipur,22.566151,75.27766,Clear,Minor,Motorcycle,Drunk Driving,0,Police
A301081,2024-08-24,02:36,Surat,24.848624,76.156549,Clear,Minor,Bus,Unknown,0,Police
A301082,2022-07-07,06:04,Kolkata,18.365359,70.796419,Hazy,Moderate,Car,Bad Road,0,Police
A301083,2024-08-21,15:00,Surat,16.058463,72.543358,Clear,Minor,Car,Unknown,0,Police
A301084,2022-01-15,19:06,Lucknow,17.740773,69.883775,Clear,Severe,Bus,Weather,0,Citizen
A301085,2022-11-25,20:12,Jaipur,14.701644,72.510351,Storm,Minor,Car,Speeding,0,Citizen
A301086,2021-06-16,10:50,Delhi,17.110354,68.667288,Clear,Minor,Bus,Unknown,0,Police
A301087,2024-11-28,20:51,Delhi,15.945442,72.028273,Clear,Minor,Bus,Weather,0,Police
A301088,2024-09-01,20:15,Jaipur,27.413047,68.711504,Hazy,Moderate,Car,Distracted,0,Police
A301089,2023-12-23,09:29,Kolkata,18.197484,72.090804,Clear,Moderate,Car,Drunk Driving,1,Police
A301090,2023-04-27,15:08,Kolkata,20.905692,71.153096,Clear,Moderate,Motorcycle,Bad Road,0,Police
A301091,2025-09-04,05:36,Kolkata,18.338294,72.381245,Hazy,Minor,Motorcycle,Unknown,0,Hospital
A301092,2023-12-21,08:47,Lucknow,16.032252,71.758232,Clear,Minor,Pedestrian,Drunk Driving,0,Hospital
A301093,2022-03-12,01:45,Surat,9.70349,72.269044,Clear,Minor,Motorcycle,Mechanical Failure,2,Police
A301094,2022-09-18,07:21,Lucknow,23.311294,69.154523,Clear,Minor,Motorcycle,Bad Road,0,Hospital
A301095,2023-07-13,20:13,Bengaluru,8.749652,68.066725,Clear,Minor,Bicycle,Mechanical Failure,0,Police
A301096,2024-12-15,08:52,Chennai,9.780647,75.301346,Clear,Moderate,Truck,Distracted,0,Police
A301097,2022-06-15,21:30,Bengaluru,13.806196,73.209503,Rain,Moderate,Motorcycle,Drunk Driving,1,Citizen
A301098,2024-01-09,16:48,Jaipur,23.734706,77.505932,Clear,Minor,Car,Drunk Driving,0,Police
A301099,2021-01-24,07:16,Delhi,15.476666,76.214764,Rain,Minor,Car,Mechanical Failure,1,Citizen
A301100,2024-05-16,14:44,Hyderabad,14.304077,74.571216,Rain,Moderate,Bus,Mechanical Failure,0,Insurance
A301101,2024-07-13,14:30,Kolkata,19.939632,75.53022,Rain,Minor,Pedestrian,Drunk Driving,0,Citizen
A301102,2025-08-08,13:48,Lucknow,25.738724,75.220141,Clear,Minor,Bicycle,Bad Road,0,Citizen
A301103,2021-04-29,04:56,Mumbai,23.065908,77.562707,Rain,Minor,Car,Speeding,0,Citizen
A301104,2022-04-26,09:00,Jaipur,14.319121,75.665192,Clear,Fatal,Car,Bad Road,1,Insurance
A301105,2022-03-03,06:01,Chennai,19.720934,77.062407,Rain,Minor,Truck,Distracted,0,Police
A301106,2022-12-05,15:23,Pune,25.983011,76.367544,Clear,Minor,Car,Mechanical Failure,1,Police
A301107,2024-11-05,00:45,Hyderabad,12.404532,76.438568,Clear,Severe,Car,Distracted,1,Police
A301108,2021-10-27,02:01,Kolkata,23.982712,75.421872,Clear,Minor,Pedestrian,Bad Road,0,Citizen
A301109,2023-09-24,02:49,Delhi,8.846152,71.29988,Rain,Moderate,Truck,Speeding,0,Citizen
A301110,2024-01-06,21:34,Hyderabad,10.755102,69.321709,Clear,Moderate,Truck,Bad Road,0,Police
A301111,2022-11-01,21:22,Surat,25.68642,73.728841,Rain,Severe,Bus,Speeding,0,Citizen
A301112,2023-12-18,00:38,Hyderabad,21.895133,70.899171,Fog,Minor,Car,Weather,0,Police
A301113,2022-01-15,17:31,Chennai,10.090398,71.517703,Rain,Fatal,Car,Distracted,0,Citizen
A301114,2022-05-16,05:41,Delhi,16.905562,72.976695,Clear,Minor,Car,Speeding,1,Citizen
A301115,2024-03-12,15:09,Hyderabad,25.216168,72.345716,Rain,Minor,Car,Weather,1,Citizen
A301116,2024-11-07,05:49,Lucknow,12.278929,71.853385,Clear,Minor,Car,Unknown,0,Police
A301117,2024-10-13,12:58,Hyderabad,13.244646,69.53947,Fog,Minor,Motorcycle,Distracted,0,Police
A301118,2024-10-01,18:01,Hyderabad,17.077663,68.743916,Clear,Minor,Bus,Weather,0,Police
A301119,2024-10-10,20:36,Chennai,23.075657,74.221216,Fog,Minor,Motorcycle,Unknown,0,Citizen
A301120,2023-08-22,10:47,Lucknow,11.145319,77.583108,Clear,Minor,Bicycle,Unknown,0,Police
A301121,2021-09-20,18:08,Lucknow,22.221715,76.784437,Hazy,Minor,Motorcycle,Bad Road,0,Police
A301122,2022-03-12,22:18,Bengaluru,15.956006,74.30789,Rain,Minor,Car,Distracted,0,Hospital
A301123,2022-08-07,11:27,Kolkata,16.24943,73.55891,Clear,Minor,Motorcycle,Bad Road,0,Police
A301124,2021-12-02,03:46,Chennai,11.366782,76.858075,Hazy,Minor,Motorcycle,Weather,1,Police
A301125,2021-11-07,01:20,Mumbai,12.915804,76.19297,Hazy,Minor,Bus,Speeding,0,Police
A301126,2022-12-13,18:49,Pune,11.633965,72.978814,Clear,Minor,Truck,Unknown,0,Citizen
A301127,2022-02-16,21:21,Surat,11.327601,76.934088,Snow (rare),Minor,Truck,Speeding,2,Citizen
A301128,2025-08-31,18:06,Hyderabad,19.464276,72.64769,Rain,Minor,Bus,Speeding,0,Hospital
A301129,2023-11-13,22:04,Lucknow,23.390173,71.879468,Rain,Moderate,Bicycle,Unknown,0,Citizen
A301130,2022-01-31,16:14,Surat,21.602646,69.53138,Storm,Minor,Motorcycle,Drunk Driving,0,Police
A301131,2021-02-26,12:47,Mumbai,19.933471,77.062039,Hazy,Moderate,Pedestrian,Drunk Driving,0,Police
A301132,2021-09-17,17:16,Bengaluru,23.430429,73.398311,Fog,Minor,Car,Bad Road,0,Police
A301133,2021-06-11,04:54,Delhi,8.255256,68.263358,Clear,Minor,Motorcycle,Speeding,1,Citizen
A301134,2023-07-08,18:13,Jaipur,15.753298,68.409452,Clear,Fatal,Car,Drunk Driving,0,Police
A301135,2022-07-30,11:27,Hyderabad,11.195077,73.599726,Rain,Minor,Bus,Unknown,0,Police
A301136,2022-12-21,08:12,Pune,19.004386,77.424622,Rain,Moderate,Bus,Weather,0,Citizen
A301137,2024-05-10,18:16,Bengaluru,15.806142,74.65681,Clear,Severe,Car,Weather,1,Hospital
A301138,2021-09-22,04:34,Pune,10.799595,68.81709,Clear,Minor,Motorcycle,Drunk Driving,0,Citizen
A301139,2022-05-15,20:21,Jaipur,23.252842,71.464959,Fog,Moderate,Bus,Weather,0,Insurance
A301140,2023-12-10,07:58,Bengaluru,20.062433,73.677537,Hazy,Moderate,Car,Distracted,0,Police
A301141,2024-04-12,10:17,Hyderabad,19.847162,74.428083,Rain,Minor,Motorcycle,Bad Road,0,Hospital
A301142,2022-07-20,18:22,Lucknow,19.99078,70.244235,Clear,Minor,Truck,Drunk Driving,1,Police
A301143,2025-08-15,22:17,Mumbai,10.864655,71.648239,Hazy,Minor,Motorcycle,Distracted,0,Citizen
A301144,2024-11-11,04:37,Surat,9.562784,68.163279,Clear,Minor,Bicycle,Mechanical Failure,1,Police
A301145,2021-12-28,15:41,Mumbai,17.274962,68.670121,Rain,Severe,Pedestrian,Unknown,0,Police
A301146,2024-09-26,13:38,Surat,20.210812,68.052664,Clear,Moderate,Car,Weather,0,Citizen
A301147,2023-08-12,22:58,Delhi,12.446616,73.052309,Clear,Fatal,Motorcycle,Bad Road,0,Police
A301148,2022-08-24,20:53,Jaipur,8.566285,73.586684,Rain,Moderate,Car,Mechanical Failure,0,Police
A301149,2021-10-29,12:29,Mumbai,21.158642,69.030037,Storm,Minor,Motorcycle,Drunk Driving,0,Police
A301150,2024-07-27,19:54,Jaipur,11.473252,68.153785,Clear,Moderate,Bicycle,Unknown,0,Police
A301151,2022-02-21,03:34,Delhi,8.996609,71.899604,Clear,Moderate,Motorcycle,Unknown,0,Police
A301152,2024-12-27,01:32,Lucknow,8.77583,72.837996,Rain,Minor,Motorcycle,Bad Road,0,Police
A301153,2021-04-29,14:33,Chennai,9.371551,74.471262,Clear,Minor,Motorcycle,Weather,1,Citizen
A301154,2024-12-28,06:54,Chennai,18.27145,73.713768,Clear,Severe,Car,Distracted,0,Citizen
A301155,2025-09-08,15:24,Pune,19.829665,74.63359,Rain,Minor,Motorcycle,Weather,1,Police
A301156,2024-11-26,11:41,Delhi,13.477875,71.114241,Fog,Moderate,Car,Distracted,0,Police
A301157,2024-06-11,05:46,Lucknow,19.345749,69.947181,Rain,Minor,Car,Drunk Driving,0,Police
A301158,2025-03-15,21:44,Jaipur,13.087917,75.014546,Clear,Minor,Motorcycle,Mechanical Failure,0,Police
A301159,2022-10-13,21:27,Jaipur,25.812402,76.72485,Rain,Minor,Motorcycle,Distracted,1,Police
A301160,2023-12-05,00:55,Hyderabad,16.117683,68.183252,Hazy,Minor,Motorcycle,Speeding,0,Hospital
A301161,2025-01-21,08:31,Delhi,26.275271,76.016465,Clear,Minor,Truck,Mechanical Failure,0,Police
A301162,2025-02-14,11:28,Lucknow,16.828921,75.615549,Fog,Moderate,Car,Unknown,0,Police
A301163,2021-03-14,15:04,Chennai,20.085772,70.275699,Clear,Minor,Motorcycle,Bad Road,0,Police
A301164,2025-03-13,16:53,Chennai,12.846087,68.344854,Clear,Minor,Motorcycle,Distracted,0,Citizen
A301165,2023-03-13,20:20,Mumbai,25.975601,70.006061,Fog,Moderate,Bus,Mechanical Failure,0,Citizen
A301166,2025-07-22,18:49,Pune,8.821728,75.25497,Fog,Minor,Motorcycle,Mechanical Failure,0,Citizen
A301167,2023-10-03,10:46,Pune,21.509807,72.174141,Clear,Fatal,Car,Mechanical Failure,1,Police
A301168,2023-12-31,06:30,Delhi,20.020293,72.335822,Clear,Minor,Motorcycle,Bad Road,0,Citizen
A301169,2021-12-11,21:42,Delhi,8.939393,72.116362,Clear,Minor,Car,Bad Road,0,Citizen
A301170,2022-03-20,11:45,Hyderabad,21.120897,70.433687,Rain,Moderate,Motorcycle,Weather,1,Insurance
A301171,2025-08-23,02:41,Delhi,11.566775,70.173764,Storm,Minor,Car,Distracted,2,Police
A301172,2022-08-15,17:17,Jaipur,14.116233,69.524675,Rain,Moderate,Pedestrian,Mechanical Failure,0,Police
A301173,2023-10-05,21:51,Lucknow,10.25323,68.272124,Clear,Fatal,Motorcycle,Distracted,0,Citizen
A301174,2023-07-01,06:20,Bengaluru,23.273244,68.01083,Clear,Moderate,Bus,Weather,0,Citizen
A301175,2024-11-29,10:14,Lucknow,24.516379,70.811635,Clear,Moderate,Car,Weather,0,Citizen
A301176,2025-09-16,08:10,Chennai,10.77617,76.825151,Clear,Moderate,Car,Bad Road,1,Citizen
A301177,2023-04-09,02:55,Bengaluru,8.287403,75.921607,Clear,Minor,Motorcycle,Bad Road,0,Citizen
A301178,2021-10-19,02:53,Jaipur,12.615506,75.247256,Storm,Minor,Bus,Weather,0,Citizen
A301179,2023-05-27,03:27,Kolkata,18.42488,68.160083,Clear,Moderate,Bus,Unknown,0,Police
A301180,2025-07-27,09:49,Jaipur,19.866266,72.669697,Clear,Minor,Truck,Drunk Driving,0,Citizen
A301181,2022-02-10,19:30,Kolkata,18.756255,69.288667,Rain,Moderate,Motorcycle,Unknown,0,Police
A301182,2023-08-07,10:51,Lucknow,16.13732,77.349418,Clear,Minor,Car,Distracted,0,Police
A301183,2021-07-30,03:58,Chennai,10.659095,72.736774,Clear,Moderate,Bus,Drunk Driving,0,Police
A301184,2022-03-28,07:07,Delhi,15.674236,76.944827,Clear,Minor,Motorcycle,Mechanical Failure,1,Citizen
A301185,2021-09-21,03:18,Mumbai,23.406886,68.569806,Clear,Minor,Motorcycle,Weather,0,Police
A301186,2023-06-14,16:57,Delhi,26.529784,71.155428,Clear,Moderate,Motorcycle,Unknown,0,Police
A301187,2024-08-18,18:24,Surat,16.570633,69.000218,Rain,Minor,Car,Speeding,0,Police
A301188,2022-05-01,00:17,Chennai,25.701004,71.566604,Rain,Severe,Motorcycle,Bad Road,1,Police
A301189,2023-06-30,06:58,Bengaluru,26.971698,70.788342,Storm,Minor,Truck,Mechanical Failure,0,Citizen
A301190,2023-11-25,10:45,Bengaluru,15.89109,71.964853,Storm,Minor,Bus,Weather,1,Police
A301191,2025-06-11,19:43,Bengaluru,19.026145,75.194518,Rain,Minor,Pedestrian,Speeding,2,Citizen
A301192,2023-01-18,06:44,Surat,10.152206,77.566099,Clear,Minor,Bus,Drunk Driving,1,Citizen
A301193,2025-03-06,11:01,Hyderabad,13.349458,75.95576,Rain,Severe,Motorcycle,Speeding,1,Police
A301194,2024-07-27,08:39,Hyderabad,17.054471,72.814898,Fog,Minor,Motorcycle,Weather,0,Police
A301195,2023-05-24,06:55,Jaipur,10.669233,69.681671,Rain,Minor,Truck,Distracted,0,Police
A301196,2023-08-27,19:57,Chennai,23.186906,74.708155,Rain,Severe,Car,Speeding,0,Police
A301197,2024-09-15,12:32,Delhi,26.119621,74.674525,Clear,Minor,Motorcycle,Bad Road,1,Hospital
A301198,2021-02-28,09:44,Bengaluru,25.709981,77.035369,Rain,Minor,Car,Drunk Driving,0,Police
A301199,2023-01-21,09:09,Jaipur,24.258377,69.246334,Clear,Moderate,Bus,Drunk Driving,1,Citizen
A301200,2023-12-12,06:56,Pune,23.911595,68.348577,Rain,Minor,Car,Distracted,0,Citizen
A301201,2022-09-21,13:11,Jaipur,22.80508,74.196309,Clear,Minor,Pedestrian,Distracted,0,Police
A301202,2021-08-16,04:07,Pune,26.009814,76.325204,Storm,Minor,Motorcycle,Bad Road,1,Police
A301203,2021-03-12,04:55,Surat,28.205573,71.665142,Rain,Minor,Motorcycle,Speeding,1,Police
A301204,2022-09-10,01:41,Jaipur,14.295621,71.945223,Hazy,Minor,Motorcycle,Unknown,0,Police
A301205,2022-01-16,09:55,Surat,13.133711,68.153032,Rain,Minor,Car,Weather,0,Police
A301206,2022-12-07,04:04,Chennai,22.140904,70.270648,Rain,Fatal,Car,Speeding,0,Hospital
A301207,2022-07-28,07:57,Hyderabad,21.923193,73.842538,Hazy,Minor,Truck,Distracted,0,Police
A301208,2022-07-23,13:28,Surat,16.968303,73.737997,Rain,Minor,Motorcycle,Mechanical Failure,0,Insurance
A301209,2024-04-18,09:45,Surat,8.383958,70.625677,Clear,Moderate,Car,Unknown,0,Citizen
A301210,2021-08-12,09:14,Bengaluru,9.547016,70.052396,Clear,Fatal,Car,Speeding,1,Citizen
A301211,2021-03-08,18:17,Delhi,18.733477,69.731997,Clear,Minor,Motorcycle,Weather,1,Police
A301212,2022-06-10,14:23,Mumbai,26.318944,75.064014,Clear,Minor,Car,Drunk Driving,0,Citizen
A301213,2024-03-21,20:23,Chennai,21.088929,76.393897,Clear,Moderate,Motorcycle,Speeding,0,Police
A301214,2022-03-01,06:53,Kolkata,24.111982,74.384037,Fog,Minor,Car,Bad Road,0,Citizen
A301215,2022-03-22,01:28,Bengaluru,24.957381,75.116842,Clear,Moderate,Motorcycle,Speeding,0,Police
A301216,2023-10-26,02:13,Jaipur,14.341044,75.16879,Clear,Minor,Car,Speeding,0,Police
A301217,2022-09-29,12:01,Jaipur,22.688546,75.948762,Clear,Minor,Motorcycle,Speeding,0,Police
A301218,2023-01-19,13:58,Mumbai,15.736696,76.302398,Clear,Severe,Bicycle,Weather,0,Hospital
A301219,2021-07-29,14:34,Chennai,23.094122,75.543895,Clear,Minor,Car,Speeding,1,Citizen
A301220,2023-12-30,13:16,Hyderabad,9.330189,74.864438,Rain,Minor,Car,Unknown,0,Police
A301221,2023-09-02,04:00,Hyderabad,27.412294,70.070488,Storm,Minor,Motorcycle,Speeding,0,Insurance
A301222,2022-11-25,10:32,Surat,13.449248,75.767446,Fog,Minor,Bicycle,Mechanical Failure,0,Insurance
A301223,2024-03-04,14:37,Hyderabad,17.897854,74.920168,Rain,Minor,Car,Unknown,0,Police
A301224,2021-02-10,21:08,Kolkata,24.367558,70.511671,Storm,Minor,Car,Unknown,0,Citizen
A301225,2024-06-21,10:31,Surat,8.243113,76.528762,Clear,Severe,Car,Mechanical Failure,0,Police
A301226,2023-01-31,00:37,Hyderabad,8.29599,73.330876,Rain,Minor,Motorcycle,Speeding,0,Police
A301227,2025-03-07,22:28,Delhi,26.293969,68.458354,Fog,Minor,Motorcycle,Distracted,0,Police
A301228,2022-06-04,18:29,Lucknow,26.69745,72.990577,Clear,Minor,Car,Bad Road,1,Police
A301229,2023-02-13,13:24,Lucknow,8.431917,75.649324,Rain,Minor,Pedestrian,Weather,1,Police
A301230,2021-01-22,02:01,Hyderabad,17.231075,70.292639,Clear,Moderate,Motorcycle,Speeding,0,Citizen
A301231,2023-11-20,10:41,Pune,11.78152,71.319005,Clear,Minor,Car,Mechanical Failure,1,Citizen
A301232,2024-01-15,03:58,Chennai,26.620371,75.567464,Rain,Moderate,Car,Drunk Driving,1,Police
A301233,2023-02-17,09:46,Hyderabad,21.121589,69.619923,Clear,Minor,Bicycle,Speeding,0,Police
A301234,2025-01-27,10:46,Lucknow,9.927318,68.521012,Rain,Moderate,Motorcycle,Distracted,0,Police
A301235,2021-12-17,02:56,Bengaluru,17.091753,71.237258,Clear,Minor,Motorcycle,Drunk Driving,0,Police
A301236,2025-03-04,13:02,Pune,24.955071,76.029362,Storm,Moderate,Car,Mechanical Failure,0,Hospital
A301237,2021-11-03,12:02,Delhi,24.393905,70.629681,Rain,Minor,Pedestrian,Unknown,0,Police
A301238,2025-07-16,12:53,Kolkata,14.404715,74.838787,Clear,Moderate,Truck,Distracted,0,Police
A301239,2021-10-20,01:35,Pune,16.926533,69.948906,Rain,Minor,Bus,Speeding,1,Citizen
A301240,2021-09-05,16:10,Mumbai,13.168618,68.164475,Clear,Minor,Motorcycle,Mechanical Failure,0,Citizen
A301241,2022-07-14,04:24,Surat,27.982477,70.29276,Rain,Minor,Motorcycle,Drunk Driving,1,Police
A301242,2024-04-08,20:18,Pune,15.231659,69.665388,Rain,Minor,Motorcycle,Mechanical Failure,0,Hospital
A301243,2022-10-19,12:40,Lucknow,8.334177,69.495527,Clear,Moderate,Truck,Bad Road,1,Hospital
A301244,2025-07-31,02:16,Kolkata,17.916645,75.697238,Clear,Minor,Car,Drunk Driving,0,Police
A301245,2024-12-03,04:35,Chennai,20.011027,73.834803,Clear,Minor,Truck,Bad Road,0,Citizen
A301246,2022-03-10,21:45,Surat,10.259926,76.754228,Rain,Minor,Motorcycle,Distracted,1,Hospital
A301247,2021-09-11,14:27,Jaipur,15.870689,68.99994,Rain,Minor,Pedestrian,Unknown,1,Citizen
A301248,2024-10-27,08:20,Bengaluru,8.324072,72.343883,Clear,Moderate,Car,Mechanical Failure,1,Citizen
A301249,2022-06-17,01:18,Jaipur,9.002582,72.937558,Clear,Minor,Car,Mechanical Failure,0,Police
A301250,2024-07-11,18:43,Surat,23.471691,75.942083,Fog,Minor,Bus,Speeding,0,Citizen
A301251,2021-03-03,00:17,Chennai,19.793894,72.972454,Clear,Minor,Car,Weather,0,Police
A301252,2022-06-10,16:30,Surat,19.263222,70.28184,Clear,Minor,Car,Drunk Driving,0,Police
A301253,2023-08-15,10:27,Jaipur,11.544658,75.866772,Clear,Minor,Car,Drunk Driving,1,Police
A301254,2021-12-02,19:37,Hyderabad,26.045131,69.976711,Rain,Moderate,Car,Unknown,1,Citizen
A301255,2024-04-06,18:55,Bengaluru,8.982578,72.870475,Fog,Minor,Bus,Drunk Driving,0,Police
A301256,2024-08-05,18:58,Jaipur,21.554366,74.779105,Clear,Moderate,Truck,Mechanical Failure,0,Citizen
A301257,2021-03-21,22:50,Chennai,13.476909,70.666908,Clear,Minor,Car,Mechanical Failure,1,Police
A301258,2024-12-16,20:30,Surat,26.99645,73.253375,Clear,Severe,Bus,Unknown,0,Citizen
A301259,2023-08-16,09:40,Jaipur,26.823034,74.708516,Clear,Moderate,Bicycle,Unknown,0,Insurance
A301260,2022-11-27,14:10,Surat,23.138884,68.530475,Clear,Minor,Truck,Mechanical Failure,0,Police
A301261,2022-06-25,09:41,Chennai,10.834593,69.461735,Clear,Minor,Pedestrian,Bad Road,1,Citizen
A301262,2022-10-05,15:19,Surat,23.306309,72.52982,Clear,Minor,Car,Weather,0,Police
A301263,2025-03-19,22:48,Surat,12.568112,68.923174,Clear,Severe,Bus,Bad Road,1,Hospital
A301264,2024-02-22,02:46,Lucknow,19.206702,75.753759,Rain,Minor,Pedestrian,Mechanical Failure,0,Citizen
A301265,2025-08-11,03:36,Surat,16.785355,76.381102,Rain,Minor,Motorcycle,Speeding,0,Citizen
A301266,2025-08-11,15:51,Bengaluru,28.105908,69.314987,Rain,Minor,Motorcycle,Speeding,0,Police
A301267,2023-02-19,04:01,Jaipur,22.106657,76.574033,Fog,Minor,Motorcycle,Drunk Driving,0,Police
A301268,2022-07-14,11:44,Hyderabad,19.910092,68.360581,Storm,Minor,Motorcycle,Distracted,0,Citizen
A301269,2024-07-09,10:50,Surat,18.850484,69.483895,Fog,None,Truck,Distracted,1,Citizen
A301270,2021-07-30,05:40,Chennai,17.408795,77.475845,Storm,Minor,Pedestrian,Unknown,0,Police
A301271,2025-05-28,06:33,Hyderabad,16.368825,76.040766,Clear,Minor,Car,Mechanical Failure,0,Police
A301272,2024-05-26,16:14,Jaipur,8.81858,76.036878,Clear,Minor,Motorcycle,Bad Road,0,Police
A301273,2023-07-21,03:11,Bengaluru,27.267332,72.61171,Hazy,Severe,Truck,Mechanical Failure,0,Police
A301274,2024-09-24,21:14,Kolkata,13.262936,72.61633,Clear,Severe,Truck,Speeding,0,Police
A301275,2023-04-28,12:17,Chennai,11.145856,72.425622,Hazy,Moderate,Truck,Drunk Driving,0,Police
A301276,2024-08-31,12:45,Delhi,9.413851,73.571916,Clear,Minor,Car,Bad Road,0,Police
A301277,2021-01-28,04:42,Pune,11.028675,70.55824,Clear,Minor,Car,Unknown,1,Police
A301278,2023-12-06,22:34,Pune,28.681022,70.104286,Clear,Fatal,Truck,Unknown,1,Police
A301279,2024-01-29,03:19,Pune,12.795634,71.53203,Clear,Minor,Pedestrian,Weather,0,Police
A301280,2025-06-22,17:00,Bengaluru,23.695162,70.373927,Hazy,Severe,Car,Speeding,0,Citizen
A301281,2024-12-07,10:09,Bengaluru,15.529733,70.252497,Rain,Minor,Truck,Weather,2,Hospital
A301282,2024-07-09,00:49,Mumbai,19.9316,70.252916,Clear,Minor,Motorcycle,Weather,0,Police
A301283,2025-05-04,21:23,Hyderabad,13.336027,70.16833,Rain,Moderate,Bus,Weather,0,Police
A301284,2023-06-10,13:16,Mumbai,22.203664,74.384898,Clear,Moderate,Car,Bad Road,0,Police
A301285,2023-08-31,21:26,Lucknow,21.280564,75.213486,Fog,Moderate,Car,Drunk Driving,1,Citizen
A301286,2021-02-08,19:24,Surat,24.191738,75.553343,Clear,Moderate,Car,Mechanical Failure,0,Police
A301287,2025-03-09,15:34,Chennai,19.989214,76.427036,Clear,Severe,Motorcycle,Mechanical Failure,0,Hospital
A301288,2024-10-14,11:26,Lucknow,20.319465,72.905603,Clear,Moderate,Truck,Distracted,0,Police
A301289,2022-12-06,07:50,Pune,9.000887,75.477728,Clear,Severe,Truck,Bad Road,1,Citizen
A301290,2025-05-22,10:50,,20.735039,76.11889,Clear,Moderate,Car,Weather,0,Hospital
A301291,2022-02-05,22:05,Kolkata,14.893695,74.56978,Rain,Moderate,Car,Unknown,0,Police
A301292,2024-09-07,01:19,Delhi,17.553026,75.424127,Clear,Minor,Truck,Drunk Driving,1,Police
A301293,2023-11-20,05:43,Lucknow,26.042608,70.864722,Rain,Minor,Truck,Mechanical Failure,0,Citizen
A301294,2024-03-24,14:28,Mumbai,12.831199,70.430549,Clear,Severe,Car,Distracted,0,Citizen
A301295,2023-06-15,13:38,Chennai,24.655254,72.043471,Fog,Minor,Car,Weather,0,Police
A301296,2025-04-26,12:37,Bengaluru,10.270372,74.377724,Clear,Severe,Pedestrian,Unknown,0,Police
A301297,2021-12-21,04:13,Lucknow,24.608409,68.385619,Hazy,Minor,Bus,Mechanical Failure,0,Hospital
A301298,2024-11-28,06:08,Pune,26.916251,70.91868,Clear,Minor,Car,Drunk Driving,0,Citizen
A301299,2021-11-07,16:25,Delhi,28.535229,75.674862,Clear,Moderate,Car,Bad Road,0,Citizen
A301300,2024-07-11,07:14,Lucknow,14.055289,70.10746,Rain,Minor,Bicycle,Distracted,0,Hospital
A301301,2023-08-19,03:10,Hyderabad,17.500573,72.73976,Rain,Minor,Motorcycle,Weather,0,Police
A301302,2021-06-24,09:51,Mumbai,26.086665,73.054919,Hazy,Severe,Car,Weather,0,Police
A301303,2025-04-28,22:48,Surat,27.334485,73.194914,Clear,Fatal,Truck,Weather,0,Police
A301304,2021-01-16,08:48,Kolkata,11.767937,72.387268,Storm,Minor,Motorcycle,Drunk Driving,1,Police
A301305,2021-07-08,00:18,Kolkata,24.677952,75.302058,Rain,Minor,Bus,Weather,0,Police
A301306,2021-10-28,01:19,Bengaluru,10.603061,70.596306,Clear,Minor,Motorcycle,Drunk Driving,0,Police
A301307,2022-11-15,21:46,Hyderabad,25.606422,75.396329,Clear,Fatal,Car,Weather,0,Citizen
A301308,2021-04-02,05:51,Hyderabad,19.587414,73.989243,Clear,Minor,Motorcycle,Unknown,1,Insurance
A301309,2024-06-15,16:28,Delhi,9.358943,70.970527,Clear,Minor,Motorcycle,Drunk Driving,0,Hospital
A301310,2023-06-07,04:43,Mumbai,27.275471,76.873294,Hazy,Minor,Car,Speeding,0,Police
A301311,2024-03-01,01:02,Bengaluru,10.536623,69.311374,Rain,Moderate,Motorcycle,Bad Road,3,Police
A301312,2023-02-06,03:56,Hyderabad,23.979157,73.740724,Clear,Minor,Motorcycle,Unknown,0,Citizen
A301313,2021-01-01,21:02,Bengaluru,20.478719,70.277819,Clear,Moderate,Bus,Bad Road,0,Citizen
A301314,2022-04-23,07:48,Chennai,24.321558,74.923942,Clear,Moderate,Motorcycle,Drunk Driving,0,Citizen
A301315,2025-04-23,08:02,Bengaluru,23.459154,69.172925,Storm,Moderate,Motorcycle,Bad Road,0,Citizen
A301316,2022-03-18,03:47,Pune,10.028927,71.240608,Rain,Moderate,Motorcycle,Bad Road,0,Police
A301317,2022-05-10,19:22,Chennai,18.783748,77.332465,Fog,Minor,Car,Weather,0,Hospital
A301318,2023-03-24,21:36,Delhi,25.629532,75.436898,Storm,Minor,Motorcycle,Mechanical Failure,0,Police
A301319,2024-05-29,13:17,Delhi,20.863146,70.485324,Rain,Minor,Car,Drunk Driving,0,Hospital
A301320,2022-11-26,21:41,Kolkata,14.297248,75.846761,Rain,Moderate,Motorcycle,Speeding,0,Police
A301321,2023-05-05,06:08,Lucknow,26.586428,70.003911,Clear,Minor,Bicycle,Unknown,0,Hospital
A301322,2022-07-21,16:31,Pune,24.156546,69.901769,Hazy,Moderate,Truck,Distracted,0,Police
A301323,2024-05-09,09:49,Kolkata,28.147558,77.292755,Clear,Moderate,Pedestrian,Bad Road,0,Citizen
A301324,2023-04-02,10:31,Pune,27.292823,72.964118,Fog,Minor,Car,Weather,0,Citizen
A301325,2023-12-01,10:38,Chennai,27.997994,68.57171,Clear,Minor,Car,Weather,0,Police
A301326,2022-06-07,14:30,Chennai,8.172169,75.310691,Storm,Severe,Car,Speeding,0,Police
A301327,2021-01-15,06:38,Kolkata,27.078452,76.289666,Rain,Moderate,Car,Drunk Driving,1,Police
A301328,2021-08-10,19:42,Pune,14.361735,72.011105,Rain,Minor,Motorcycle,Unknown,1,Police
A301329,2022-10-10,13:32,Hyderabad,25.590883,75.882149,Rain,Fatal,Car,Distracted,0,Police
A301330,2024-01-04,12:08,Chennai,8.345828,68.615401,Clear,Minor,Car,Mechanical Failure,0,Police
A301331,2023-02-05,06:06,Chennai,22.79326,68.843956,Clear,Moderate,Motorcycle,Unknown,1,Citizen
A301332,2024-01-05,11:07,Mumbai,17.072998,74.918587,Fog,Minor,Motorcycle,Mechanical Failure,0,Police
A301333,2022-01-29,10:50,Chennai,28.534681,75.667175,Rain,Minor,Bus,Distracted,0,Citizen
A301334,2021-06-18,11:13,Delhi,28.501264,68.37124,Clear,Severe,Motorcycle,Mechanical Failure,0,Citizen
A301335,2021-12-02,03:44,Chennai,18.796238,77.150072,Clear,Minor,Motorcycle,Weather,0,Police
A301336,2023-06-22,15:07,Hyderabad,19.704601,71.610805,Rain,Minor,Car,Drunk Driving,0,Police
A301337,2021-11-17,00:44,Delhi,17.724887,75.302716,Clear,Minor,Bus,Speeding,0,Citizen
A301338,2023-08-22,13:27,Pune,17.560079,75.649443,Rain,Minor,Car,Weather,0,Insurance
A301339,2025-02-05,09:35,Chennai,16.786697,77.653458,Clear,Minor,Bus,Drunk Driving,0,Citizen
A301340,2023-07-30,05:38,Mumbai,25.557807,73.279566,Snow (rare),Minor,Bus,Drunk Driving,1,Hospital
A301341,2025-01-14,11:45,Mumbai,25.304348,69.266289,Clear,Minor,Motorcycle,Bad Road,0,Police
A301342,2023-08-19,11:46,Bengaluru,14.176364,69.527313,Clear,Minor,Motorcycle,Drunk Driving,0,Citizen
A301343,2025-02-01,10:29,Kolkata,10.342945,72.427483,Clear,Moderate,Car,Distracted,0,Police
A301344,2022-09-02,14:38,Hyderabad,16.952179,69.305029,Rain,Minor,Bus,Distracted,1,Police
A301345,2022-09-13,03:48,Chennai,11.15185,77.48907,Fog,Minor,Car,Weather,0,Citizen
A301346,2025-08-08,16:35,Surat,15.216425,70.899977,Clear,Moderate,Motorcycle,Mechanical Failure,1,Police
A301347,2021-11-04,22:50,Chennai,24.823522,71.206144,Clear,Minor,Bus,Speeding,0,Police
A301348,2021-12-24,09:47,Bengaluru,14.185973,68.23461,Rain,Minor,Motorcycle,Speeding,0,Insurance
A301349,2021-08-10,05:52,Lucknow,20.062596,71.132763,Rain,Moderate,Motorcycle,Unknown,1,Police
A301350,2021-11-17,09:27,,23.633227,69.365154,Fog,Fatal,Bus,Bad Road,1,Police
A301351,2024-09-19,17:54,Chennai,23.692198,69.71827,Clear,Minor,Car,Unknown,0,Police
A301352,2022-03-28,16:10,Delhi,27.775914,77.397934,Rain,Minor,Truck,Unknown,0,Police
A301353,2021-04-17,13:57,Delhi,15.562546,73.70467,Rain,Minor,Motorcycle,Speeding,0,Police
A301354,2024-01-12,17:40,Hyderabad,15.956431,69.962937,Clear,Minor,Pedestrian,Distracted,0,Citizen
A301355,2022-01-04,21:33,Kolkata,23.13911,73.794313,Fog,Minor,Motorcycle,Distracted,0,Citizen
A301356,2025-02-08,17:06,Surat,12.179287,73.000182,Clear,Moderate,Bus,Distracted,0,Citizen
A301357,2025-02-03,04:35,Pune,16.781495,76.83794,Clear,Minor,Truck,Mechanical Failure,1,Police
A301358,2022-03-30,00:50,Delhi,13.324985,73.210714,Clear,Moderate,Motorcycle,Weather,0,Police
A301359,2022-10-06,01:26,Chennai,23.117259,72.072824,Fog,Minor,Car,Speeding,0,Citizen
A301360,2025-01-11,17:00,Chennai,15.473788,73.895459,Fog,Minor,Truck,Distracted,0,Police
A301361,2025-05-18,10:17,Chennai,21.706867,75.099114,Clear,Moderate,Car,Mechanical Failure,0,Hospital
A301362,2023-02-25,19:42,Mumbai,22.435786,74.044191,Clear,Minor,Bus,Bad Road,1,Citizen
A301363,2025-03-13,17:38,Chennai,27.979275,75.432412,Hazy,Fatal,Pedestrian,Speeding,0,Citizen
A301364,2024-01-17,17:32,Bengaluru,15.560208,74.579256,Fog,Minor,Motorcycle,Bad Road,0,Police
A301365,2022-06-28,16:30,Hyderabad,25.434004,75.943972,Clear,Minor,Motorcycle,Speeding,1,Police
A301366,2021-07-12,04:19,Hyderabad,13.513529,69.807903,Clear,Minor,Car,Mechanical Failure,0,Citizen
A301367,2024-12-08,01:19,Chennai,19.120748,77.323127,Clear,Minor,Car,Weather,0,Police
A301368,2022-08-16,13:19,Surat,15.136953,73.993447,Storm,Minor,Motorcycle,Mechanical Failure,0,Police
A301369,2022-07-14,05:07,Bengaluru,21.964004,73.507009,Clear,Minor,Car,Unknown,0,Police
A301370,2022-10-19,11:27,Pune,27.164358,74.143293,Hazy,Moderate,Motorcycle,Mechanical Failure,1,Police
A301371,2025-08-21,03:02,Jaipur,13.421703,70.011701,Rain,Minor,Bus,Bad Road,0,Citizen
A301372,2022-02-05,16:21,Jaipur,17.197721,74.938099,Clear,Fatal,Pedestrian,Speeding,0,Police
A301373,2022-04-15,00:03,Surat,19.197091,77.226753,Rain,Moderate,Car,Drunk Driving,1,Police
A301374,2022-08-13,18:35,Surat,12.930695,71.393638,Clear,Minor,Motorcycle,Mechanical Failure,0,Police
A301375,2021-09-05,17:16,Hyderabad,8.236701,69.729054,Clear,Fatal,Bicycle,Speeding,1,Police
A301376,2025-08-23,08:36,Delhi,25.162622,76.734142,Hazy,Moderate,Car,Drunk Driving,0,Police
A301377,2021-10-23,17:30,Lucknow,19.854847,68.927507,Clear,Fatal,Motorcycle,Drunk Driving,0,Citizen
A301378,2021-11-17,01:11,Delhi,17.286967,75.957025,Rain,Severe,Car,Drunk Driving,0,Insurance
A301379,2025-01-15,20:28,Chennai,22.251999,72.861211,Clear,Minor,Motorcycle,Distracted,1,Citizen
A301380,2021-02-16,03:13,Surat,15.838432,71.329845,Fog,Minor,Truck,Weather,0,Citizen
A301381,2025-06-18,22:23,Kolkata,15.79586,74.574354,Rain,Moderate,Bicycle,Weather,0,Citizen
A301382,2023-01-12,21:32,Kolkata,23.786415,71.085665,Rain,Minor,Bus,Mechanical Failure,0,Citizen
A301383,2021-07-24,02:38,Pune,16.524078,76.839727,Fog,Moderate,Truck,Bad Road,0,Police
A301384,2024-12-10,15:13,Surat,26.121923,72.833791,Clear,Minor,Motorcycle,Weather,1,Police
A301385,2022-10-03,02:00,Surat,11.254364,72.317919,Clear,Fatal,Motorcycle,Weather,0,Citizen
A301386,2025-03-02,09:47,Jaipur,13.694311,73.143516,Rain,Minor,Bicycle,Weather,4,Police
A301387,2021-06-28,06:48,Kolkata,15.45279,68.16402,Clear,Moderate,Bus,Speeding,1,Police
A301388,2021-04-21,01:18,Lucknow,17.789477,73.848901,Clear,Minor,Bus,Drunk Driving,0,Insurance
A301389,2023-11-21,14:14,Hyderabad,10.514954,69.054731,Clear,Minor,Car,Weather,0,Police
A301390,2022-12-21,15:15,Hyderabad,9.589064,69.095214,Clear,Minor,Car,Mechanical Failure,0,Police
A301391,2025-06-14,16:18,Kolkata,11.056636,75.851132,Fog,Minor,Motorcycle,Bad Road,0,Hospital
A301392,2022-09-17,02:57,Delhi,12.048611,71.592543,Clear,Minor,Bicycle,Unknown,0,Citizen
A301393,2025-07-20,07:42,Delhi,21.546561,75.588933,Rain,Minor,Bus,Bad Road,0,Police
A301394,2023-01-08,14:09,Pune,24.119918,71.380928,Clear,Minor,Truck,Drunk Driving,0,Citizen
A301395,2021-02-28,03:14,Chennai,20.303876,74.278416,Clear,Moderate,Car,Speeding,0,Hospital
A301396,2022-08-16,03:37,Jaipur,27.173543,69.79963,Fog,Moderate,Motorcycle,Distracted,0,Police
A301397,2021-03-16,12:03,Bengaluru,16.12495,74.586098,Rain,Minor,Motorcycle,Speeding,0,Police
A301398,2022-12-27,22:25,Bengaluru,24.016683,71.146474,Clear,Severe,Bus,Weather,1,Citizen
A301399,2021-07-02,08:15,Jaipur,25.406307,71.382423,Rain,Minor,Motorcycle,Drunk Driving,0,Police
A301400,2023-05-04,11:06,Mumbai,15.795157,70.207454,Clear,Minor,Motorcycle,Weather,0,Police
A301401,2024-05-22,19:38,Lucknow,14.349251,71.16134,Clear,Moderate,Car,Mechanical Failure,0,Citizen
A301402,2023-06-11,05:56,Bengaluru,14.342668,68.203295,Clear,Minor,Motorcycle,Bad Road,0,Hospital
A301403,2025-01-04,09:20,Surat,26.275615,77.623383,Storm,Minor,Motorcycle,Unknown,0,Citizen
A301404,2021-11-14,14:49,Lucknow,8.860261,71.729641,Hazy,Minor,Car,Bad Road,0,Citizen
A301405,2024-05-11,19:21,Delhi,27.962023,72.78983,Fog,Fatal,Car,Speeding,1,Hospital
A301406,2021-07-11,21:36,Chennai,18.18651,77.524381,Hazy,Moderate,Car,Distracted,1,Citizen
A301407,2021-06-19,08:37,Lucknow,25.704923,69.033673,Clear,Severe,Bicycle,Mechanical Failure,0,Police
A301408,2022-01-09,20:40,Bengaluru,26.942043,69.298692,Rain,Minor,Car,Distracted,1,Hospital
A301409,2022-12-24,14:47,Hyderabad,28.65309,68.685046,Clear,Fatal,Truck,Speeding,1,Police
A301410,2022-01-14,08:01,Surat,8.234831,71.393975,Clear,Moderate,Motorcycle,Drunk Driving,0,Police
A301411,2024-03-31,02:14,Kolkata,19.296301,76.125989,Clear,Minor,Car,Speeding,2,Police
A301412,2021-07-21,07:20,Pune,24.895986,76.130324,Hazy,Minor,Car,Speeding,0,Citizen
A301413,2025-01-10,22:21,Kolkata,17.071897,71.928576,Hazy,Minor,Motorcycle,Weather,0,Police
A301414,2024-12-11,22:32,Chennai,20.702434,68.324258,Clear,Fatal,Car,Weather,0,Police
A301415,2025-06-11,07:06,Bengaluru,8.958266,72.917373,Clear,Moderate,Car,Distracted,0,Police
A301416,2022-12-09,19:37,Delhi,13.469245,74.918867,Clear,Moderate,Motorcycle,Unknown,0,Police
A301417,2022-03-03,15:50,Mumbai,18.992155,70.608177,Clear,Minor,Car,Unknown,0,Police
A301418,2024-07-14,00:47,Jaipur,18.174138,71.310661,Rain,Minor,Truck,Mechanical Failure,1,Police
A301419,2025-05-16,09:17,Kolkata,23.784161,77.528191,Clear,Minor,Car,Mechanical Failure,1,Police
A301420,2024-07-12,20:43,Lucknow,10.075896,73.133745,Clear,Moderate,Bus,Distracted,2,Police
A301421,2021-11-01,04:13,Bengaluru,9.7531,68.891542,Clear,Moderate,Pedestrian,Weather,0,Citizen
A301422,2024-04-23,19:55,Chennai,11.695691,69.737466,Rain,Severe,Bus,Drunk Driving,0,Hospital
A301423,2023-08-11,18:10,Bengaluru,12.474751,68.803277,Hazy,Minor,Motorcycle,Weather,0,Citizen
A301424,2023-09-28,22:53,Chennai,9.029147,74.817062,Hazy,Moderate,Motorcycle,Bad Road,0,Insurance
A301425,2021-05-14,00:49,,9.62245,68.059143,Storm,Moderate,Bus,Drunk Driving,0,Citizen
A301426,2023-10-06,03:32,Jaipur,10.58148,68.493202,Clear,Moderate,Car,Speeding,0,Citizen
A301427,2022-09-04,19:24,Hyderabad,8.238742,77.632575,Rain,Minor,Car,Drunk Driving,1,Police
A301428,2021-04-09,10:17,Hyderabad,26.495778,68.03849,Hazy,Minor,Car,Unknown,0,Citizen
A301429,2021-04-29,11:43,Bengaluru,13.136359,76.914335,Snow (rare),Minor,Car,Weather,0,Police
A301430,2022-10-02,19:08,Kolkata,11.594097,74.473329,Clear,Minor,Car,Mechanical Failure,0,Police
A301431,2021-05-15,19:57,Bengaluru,25.153472,76.849149,Clear,Moderate,Car,Bad Road,0,Citizen
A301432,2021-08-06,12:03,Bengaluru,27.754236,71.261593,Clear,Minor,Car,Weather,0,Police
A301433,2022-10-12,15:12,Surat,22.331179,68.422236,Clear,Minor,Motorcycle,Mechanical Failure,0,Police
A301434,2024-04-17,03:58,Lucknow,12.305097,69.987394,Rain,Moderate,Car,Unknown,0,Police
A301435,2023-04-25,08:07,Surat,9.314909,73.583527,Clear,Minor,Bus,Mechanical Failure,1,Citizen
A301436,2022-08-06,04:08,Delhi,9.438309,77.360894,Rain,Minor,Motorcycle,Bad Road,0,Police
A301437,2025-02-04,18:45,Jaipur,9.051665,75.153827,Clear,Minor,Car,Bad Road,0,Police
A301438,2021-05-30,01:54,Kolkata,27.783509,72.457311,Clear,Moderate,Truck,Mechanical Failure,1,Police
A301439,2024-09-03,10:50,Hyderabad,13.384606,68.538083,Storm,Minor,Bus,Bad Road,1,Police
A301440,2025-09-18,19:32,Pune,14.464091,75.289062,Hazy,Moderate,Motorcycle,Mechanical Failure,1,Police
A301441,2022-04-03,01:35,Chennai,10.683343,77.681745,Rain,Minor,Motorcycle,Speeding,1,Citizen
A301442,2022-11-26,09:26,Surat,19.886856,76.452152,Rain,Minor,Car,Mechanical Failure,1,Police
A301443,2021-08-03,07:26,Jaipur,8.65429,76.633501,Clear,Minor,Bus,Drunk Driving,0,Police
A301444,2021-01-08,16:45,Chennai,11.518119,73.750374,Clear,Minor,Car,Mechanical Failure,1,Citizen
A301445,2023-03-21,00:20,Chennai,20.692201,76.143066,Hazy,Minor,Motorcycle,Mechanical Failure,1,Police
A301446,2023-10-07,18:01,Pune,17.20313,70.375762,Rain,Minor,Bus,Mechanical Failure,0,Police
A301447,2021-01-22,19:31,Kolkata,18.352267,68.354921,Rain,Minor,Car,Unknown,1,Police
A301448,2024-03-30,15:16,Bengaluru,13.100361,69.901262,Clear,Minor,Car,Speeding,0,Police
A301449,2022-06-27,14:56,Pune,9.033262,72.063314,Rain,Minor,Bicycle,Unknown,1,Police
A301450,2024-08-24,13:23,Delhi,22.464105,74.375582,Storm,Minor,Car,Drunk Driving,0,Police
A301451,2022-09-02,10:20,Delhi,9.210092,72.212234,Clear,Minor,Car,Mechanical Failure,0,Police
A301452,2022-05-19,20:34,Chennai,11.160446,69.689445,Fog,Minor,Car,Drunk Driving,0,Police
A301453,2025-01-15,22:01,Delhi,17.302571,73.399843,Storm,Minor,Motorcycle,Drunk Driving,0,Citizen
A301454,2021-12-16,11:16,Chennai,13.930931,76.148605,Clear,Minor,Car,Unknown,0,Police
A301455,2025-05-21,13:10,Mumbai,15.379698,68.871807,Clear,Minor,Motorcycle,Bad Road,0,Citizen
A301456,2021-07-15,09:44,Mumbai,9.80421,68.737213,Rain,Moderate,Car,Speeding,0,Police
A301457,2021-06-04,03:57,Kolkata,26.169011,75.87877,Clear,Minor,Motorcycle,Speeding,0,Police
A301458,2025-08-15,11:29,Chennai,8.012243,68.889885,Rain,Minor,Bus,Drunk Driving,0,Citizen
A301459,2022-11-27,09:47,Pune,27.540942,69.749673,Clear,Minor,Car,Mechanical Failure,0,Police
A301460,2024-03-28,04:47,Kolkata,9.477995,76.038102,Fog,Moderate,Car,Unknown,1,Police
A301461,2024-11-29,04:20,Surat,24.265113,70.0237,Rain,Minor,Motorcycle,Speeding,1,Insurance
A301462,2025-06-14,16:42,Jaipur,13.292422,73.183178,Clear,Minor,Bus,Bad Road,0,Police
A301463,2023-04-07,08:55,Pune,11.795721,76.610483,Clear,Minor,Motorcycle,Mechanical Failure,0,Police
A301464,2022-05-23,05:20,Kolkata,10.879295,75.995315,Clear,Severe,Car,Weather,0,Police
A301465,2024-02-13,18:49,Lucknow,17.971296,77.589692,Clear,Minor,Motorcycle,Drunk Driving,1,Citizen
A301466,2023-04-04,16:04,,24.007938,70.534889,Clear,Moderate,Bus,Unknown,0,Hospital
A301467,2025-09-18,13:25,Bengaluru,15.16568,72.629946,Clear,Moderate,Motorcycle,Bad Road,0,Police
A301468,2024-11-27,00:55,Hyderabad,8.912406,71.529195,Fog,Minor,Motorcycle,Drunk Driving,0,Police
A301469,2025-07-15,22:31,Kolkata,12.518598,70.551159,Clear,Minor,Car,Speeding,0,Police
A301470,2022-07-18,15:00,Chennai,16.00326,75.354926,Clear,Minor,Bus,Mechanical Failure,1,Citizen
A301471,2024-10-21,18:18,Lucknow,12.028083,73.962569,Clear,Minor,Car,Speeding,0,Police
A301472,2024-12-24,00:31,Bengaluru,20.300838,76.935809,Clear,Moderate,Car,Drunk Driving,1,Police
A301473,2024-09-22,06:56,Hyderabad,26.919229,69.660731,Storm,Minor,Motorcycle,Unknown,0,Hospital
A301474,2023-12-02,07:03,Delhi,15.774464,72.998429,Hazy,Moderate,Bus,Mechanical Failure,0,Police
A301475,2021-01-30,18:29,Hyderabad,10.88041,70.846383,Clear,Minor,Bus,Drunk Driving,0,Hospital
A301476,2022-05-02,10:40,Mumbai,18.535039,73.903754,Snow (rare),Moderate,Car,Speeding,0,Police
A301477,2024-09-18,12:09,Chennai,9.977132,75.886378,Fog,Minor,Motorcycle,Distracted,1,Citizen
A301478,2025-09-04,05:31,Hyderabad,9.169799,68.648762,Fog,Moderate,Pedestrian,Drunk Driving,0,Police
A301479,2021-05-03,00:39,Kolkata,22.91061,70.277344,Clear,Minor,Pedestrian,Distracted,0,Police
A301480,2025-05-05,22:03,Chennai,12.123054,68.181814,Rain,Minor,Truck,Speeding,0,Citizen
A301481,2024-01-18,18:30,Mumbai,9.528118,72.04307,Clear,Moderate,Car,Weather,0,Police
A301482,2022-02-20,06:41,Delhi,18.759968,74.226692,Clear,Moderate,Car,Distracted,0,Police
A301483,2024-10-28,17:28,Delhi,15.734101,70.460799,Clear,Severe,Car,Speeding,1,Insurance
A301484,2025-01-21,06:27,Kolkata,16.205835,75.830988,Rain,Minor,Motorcycle,Drunk Driving,0,Police
A301485,2024-09-26,16:09,Lucknow,27.192271,68.442946,Clear,Moderate,Car,Unknown,0,Police
A301486,2022-03-18,05:00,Bengaluru,14.47543,68.134817,Clear,Moderate,Pedestrian,Weather,1,Police
A301487,2022-05-01,18:11,Bengaluru,16.088798,75.157835,Hazy,Minor,Car,Drunk Driving,1,Police
A301488,2021-11-15,08:25,Delhi,11.695092,75.848308,Clear,Minor,Car,Mechanical Failure,0,Citizen
A301489,2022-05-04,20:03,Surat,24.858596,72.145415,Clear,Minor,Motorcycle,Unknown,0,Police
A301490,2024-01-28,00:41,Jaipur,16.968635,72.583845,Rain,Minor,Car,Mechanical Failure,0,Police
A301491,2022-08-26,16:28,Kolkata,27.645544,70.311728,Rain,Minor,Bicycle,Distracted,0,Citizen
A301492,2025-08-17,01:18,Pune,22.655201,69.112721,Clear,Moderate,Car,Weather,0,Police
A301493,2024-01-23,12:29,Delhi,11.352797,74.104048,Clear,Moderate,Car,Drunk Driving,0,Hospital
A301494,2023-09-06,13:45,Lucknow,21.211349,72.437457,Clear,Minor,Bus,Mechanical Failure,0,Police
A301495,2022-10-04,14:25,Jaipur,19.01298,75.373687,Rain,Minor,Bicycle,Weather,0,Citizen
A301496,2023-03-10,16:58,Jaipur,8.275739,71.43644,Fog,Minor,Bus,Unknown,0,Citizen
A301497,2025-03-08,20:34,Bengaluru,18.025779,74.809513,Hazy,Moderate,Car,Distracted,0,Police
A301498,2021-01-29,00:36,Bengaluru,24.045393,75.79657,Storm,Minor,Motorcycle,Drunk Driving,1,Citizen
A301499,2025-02-23,22:23,Surat,19.783671,71.018402,Rain,Minor,Truck,Drunk Driving,0,Citizen
A301500,2024-10-28,08:35,Hyderabad,27.091031,76.066185,Clear,Minor,Car,Unknown,0,Police
A301501,2022-06-01,22:44,Bengaluru,23.770532,73.259093,Hazy,Minor,Truck,Weather,0,Police
A301502,2021-11-25,14:44,Kolkata,26.461395,69.176706,Fog,Minor,Motorcycle,Speeding,1,Citizen
A301503,2023-06-07,09:49,Delhi,21.213026,69.590657,Clear,Minor,Motorcycle,Unknown,0,Insurance
A301504,2025-03-26,22:47,Kolkata,11.688707,74.495275,Clear,Moderate,Car,Unknown,0,Police
A301505,2025-06-28,14:25,Delhi,9.238137,74.994805,Fog,Fatal,Bus,Weather,0,Police
A301506,2025-09-07,09:24,Bengaluru,8.159495,74.139077,Rain,Minor,Bus,Mechanical Failure,0,Citizen
A301507,2025-03-24,01:49,,28.583042,73.014979,Clear,Fatal,Car,Distracted,0,Police
A301508,2025-04-15,21:41,Bengaluru,16.753453,71.749229,Clear,Moderate,Bicycle,Drunk Driving,0,Insurance
A301509,2021-06-26,01:41,Pune,22.912653,71.665041,Hazy,Minor,Bus,Mechanical Failure,1,Police
A301510,2022-05-22,22:57,Lucknow,16.731333,77.668186,Rain,Minor,Car,Unknown,1,Hospital
A301511,2025-01-15,13:19,Mumbai,10.159476,77.634819,Clear,Severe,Motorcycle,Speeding,2,Police
A301512,2022-06-28,15:58,Mumbai,17.453054,70.07436,Rain,Fatal,Bus,Weather,0,Police
A301513,2024-08-19,14:35,Chennai,22.522153,77.488667,Fog,Severe,Motorcycle,Unknown,1,Police
A301514,2022-10-07,19:43,Kolkata,22.914604,77.3606,Rain,Fatal,Bus,Bad Road,0,Police
A301515,2022-01-19,17:08,Pune,25.111179,71.885768,Rain,Minor,Car,Weather,0,Police
A301516,2024-06-23,22:17,Lucknow,16.465877,68.152385,Rain,Minor,Car,Speeding,0,Police
A301517,2021-04-27,12:33,Delhi,24.663012,72.096817,Clear,Moderate,Bus,Speeding,0,Citizen
A301518,2021-01-29,21:57,Chennai,19.314313,70.536788,Clear,Moderate,Car,Distracted,0,Police
A301519,2024-11-25,10:48,Bengaluru,11.794999,77.66357,Clear,Minor,Car,Speeding,1,Police
A301520,2025-06-03,06:54,Hyderabad,24.304755,77.524323,Clear,Minor,Bus,Distracted,1,Police
A301521,2022-12-22,07:27,Mumbai,15.823403,76.865977,Hazy,Fatal,Motorcycle,Mechanical Failure,1,Citizen
A301522,2024-12-13,12:56,Mumbai,17.901592,73.260725,Clear,Severe,Motorcycle,Drunk Driving,0,Police
A301523,2023-05-01,09:56,Jaipur,25.72121,75.472508,Clear,Severe,Bus,Weather,0,Citizen
A301524,2021-01-19,02:27,Mumbai,19.888854,71.088083,Clear,Moderate,Bicycle,Drunk Driving,0,Citizen
A301525,2021-07-31,16:01,Kolkata,27.815524,75.94368,Clear,Minor,Truck,Speeding,0,Citizen
A301526,2024-07-06,21:27,Mumbai,13.905131,75.261189,Rain,Moderate,Car,Mechanical Failure,0,Police
A301527,2025-02-13,12:37,Mumbai,25.160658,71.543674,Clear,Minor,Car,Distracted,0,Police
A301528,2023-07-12,03:39,Surat,18.54887,75.212265,Rain,Moderate,Car,Drunk Driving,0,Hospital
A301529,2024-10-14,20:31,Pune,9.461629,74.236814,Clear,Minor,Car,Bad Road,0,Citizen
A301530,2024-07-03,06:19,Kolkata,12.959209,68.29304,Clear,Moderate,Motorcycle,Speeding,0,Police
A301531,2022-08-03,05:55,Bengaluru,24.184003,73.580486,Clear,Minor,Car,Distracted,0,Police
A301532,2025-02-06,02:12,Hyderabad,25.017453,73.89507,Fog,Minor,Bus,Bad Road,0,Insurance
A301533,2025-07-16,05:56,Delhi,19.248655,76.382497,Hazy,Moderate,Car,Speeding,1,Police
A301534,2023-10-27,05:12,Lucknow,9.283082,68.604167,Clear,Minor,Motorcycle,Weather,0,Police
A301535,2025-07-29,03:34,Hyderabad,21.173279,73.037824,Clear,Minor,Car,Bad Road,1,Citizen
A301536,2022-10-28,20:40,Kolkata,21.232705,73.114396,Rain,Moderate,Car,Bad Road,0,Police
A301537,2021-11-22,06:46,Chennai,16.830464,74.393631,Hazy,Minor,Car,Distracted,1,Citizen
A301538,2022-01-08,03:12,Delhi,13.750808,76.388806,Rain,Minor,Car,Mechanical Failure,0,Police
A301539,2024-04-03,20:18,Pune,24.8355,73.2659,Clear,Severe,Bus,Distracted,0,Police
A301540,2022-10-03,00:21,Hyderabad,24.908724,71.613297,Clear,Moderate,Bus,Mechanical Failure,0,Hospital
A301541,2021-06-08,15:17,Hyderabad,22.605479,71.87164,Clear,Severe,Car,Weather,1,Hospital
A301542,2022-06-05,00:37,Bengaluru,25.769165,75.024806,Clear,Minor,Bus,Speeding,1,Police
A301543,2023-02-05,01:47,Delhi,27.622181,69.990898,Clear,Minor,Truck,Speeding,2,Citizen
A301544,2021-05-13,21:19,Jaipur,9.152976,75.61976,Clear,Moderate,Car,Drunk Driving,1,Police
A301545,2024-11-03,12:20,Surat,14.006191,73.168977,Clear,Minor,Car,Bad Road,0,Police
A301546,2022-11-11,02:15,Kolkata,20.959201,74.111197,Hazy,Minor,Motorcycle,Bad Road,0,Police
A301547,2025-06-09,01:44,Delhi,10.606578,69.396908,Clear,Moderate,Motorcycle,Drunk Driving,0,Citizen
A301548,2021-01-02,21:52,Pune,23.131519,69.596782,Storm,Minor,Truck,Drunk Driving,0,Police
A301549,2022-08-02,17:17,Kolkata,28.26322,76.824097,Rain,Moderate,Bus,Speeding,0,Citizen
A301550,2024-09-03,18:21,Kolkata,15.294444,74.979355,Clear,Minor,Car,Mechanical Failure,0,Police
A301551,2024-05-17,01:17,Mumbai,13.413352,73.413239,Rain,Minor,Motorcycle,Drunk Driving,0,Police
A301552,2023-04-04,13:00,Lucknow,26.56466,75.45406,Clear,Minor,Car,Bad Road,1,Police
A301553,2021-11-08,03:13,Lucknow,19.084226,75.633178,Clear,Severe,Bicycle,Weather,2,Citizen
A301554,2024-08-16,01:05,Delhi,22.067907,75.560427,Clear,Moderate,Pedestrian,Distracted,1,Police
A301555,2023-03-26,04:48,Bengaluru,25.44886,69.111156,Fog,Moderate,Car,Unknown,0,Citizen
A301556,2024-11-12,16:23,Chennai,21.448181,74.492668,Clear,Minor,Pedestrian,Drunk Driving,1,Police
A301557,2022-02-17,12:10,Chennai,19.900794,73.982322,Rain,Minor,Pedestrian,Speeding,0,Police
A301558,2022-11-28,01:42,Lucknow,27.43368,68.454654,Clear,Fatal,Motorcycle,Unknown,0,Police
A301559,2023-01-05,03:40,Lucknow,9.791486,73.614184,Fog,Moderate,Bus,Drunk Driving,0,Insurance
A301560,2021-07-19,12:22,Jaipur,27.231871,73.464817,Snow (rare),Minor,Motorcycle,Distracted,0,Hospital
A301561,2025-09-26,08:20,Pune,12.682111,72.8282,Clear,Moderate,Car,Distracted,0,Police
A301562,2023-08-09,00:16,Pune,8.055836,70.307887,Snow (rare),Minor,Motorcycle,Bad Road,0,Police
A301563,2022-02-10,06:49,Jaipur,14.741555,74.030198,Clear,Severe,Motorcycle,Distracted,0,Police
A301564,2025-08-08,16:15,Kolkata,14.620377,75.541304,Clear,Minor,Motorcycle,Distracted,1,Police
A301565,2022-08-12,06:44,Hyderabad,16.587395,76.346814,Rain,Minor,Motorcycle,Mechanical Failure,0,Police
A301566,2022-12-13,11:16,Surat,24.081195,75.714459,Clear,Minor,Car,Unknown,1,Insurance
A301567,2023-12-12,20:33,Chennai,18.875877,68.449352,Clear,Moderate,Motorcycle,Mechanical Failure,0,Police
A301568,2021-07-30,18:02,Kolkata,12.124205,75.794484,Clear,Moderate,Truck,Drunk Driving,0,Police
A301569,2024-02-19,15:50,Delhi,9.209084,70.26321,Rain,Minor,Motorcycle,Bad Road,2,Hospital
A301570,2024-03-27,16:03,Mumbai,9.154419,76.779053,Rain,Moderate,Bus,Distracted,0,Police
A301571,2024-09-13,18:18,Chennai,18.737167,76.247564,Clear,Minor,Car,Speeding,2,Police
A301572,2025-02-03,04:15,Lucknow,13.78235,75.967304,Fog,Minor,Car,Mechanical Failure,0,Police
A301573,2023-03-16,09:36,Chennai,10.336522,75.037484,Rain,Minor,Motorcycle,Mechanical Failure,1,Police
A301574,2024-07-14,04:53,Chennai,16.217307,75.807702,Clear,Minor,Motorcycle,Weather,1,Police
A301575,2024-11-09,08:51,Hyderabad,13.902894,68.899281,Clear,Moderate,Bus,Bad Road,0,Hospital
A301576,2023-07-12,16:11,Hyderabad,12.000223,74.225291,Rain,Minor,Car,Weather,0,Police
A301577,2023-03-31,15:55,Delhi,27.45131,74.620061,Storm,Moderate,Bus,Drunk Driving,0,Citizen
A301578,2024-11-15,11:27,Mumbai,23.721096,76.300078,Storm,Minor,Motorcycle,Unknown,0,Police
A301579,2023-01-23,07:37,Lucknow,20.383649,73.921224,Hazy,Minor,Truck,Distracted,1,Citizen
A301580,2024-05-26,04:51,Jaipur,9.177211,76.752102,Clear,Moderate,Bus,Drunk Driving,1,Police
A301581,2021-03-29,05:25,Pune,25.732925,68.156324,Clear,Minor,Motorcycle,Bad Road,0,Police
A301582,2021-05-06,11:21,Bengaluru,25.826708,72.478141,Clear,Moderate,Truck,Speeding,0,Police
A301583,2021-07-04,15:23,Delhi,12.929608,71.669967,Fog,Minor,Car,Distracted,0,Police
A301584,2022-03-09,15:41,Lucknow,22.363698,76.365007,Rain,Moderate,Car,Bad Road,0,Hospital
A301585,2024-01-11,09:57,Kolkata,21.668305,70.936352,Rain,Severe,Car,Drunk Driving,0,Citizen
A301586,2022-02-05,08:54,Lucknow,11.027878,69.125475,Clear,Minor,Bicycle,Speeding,1,Police
A301587,2023-12-03,21:43,Chennai,12.006431,68.745045,Rain,Minor,Truck,Drunk Driving,0,Citizen
A301588,2022-04-10,15:36,Chennai,22.884412,74.740968,Clear,Moderate,Car,Unknown,0,Police
A301589,2022-04-17,15:51,Jaipur,24.691273,74.123926,Clear,Severe,Car,Mechanical Failure,0,Hospital
A301590,2021-08-12,14:09,Hyderabad,15.937042,77.289907,Rain,Minor,Motorcycle,Mechanical Failure,0,Citizen
A301591,2025-04-14,00:54,Delhi,20.45901,68.630684,Rain,Minor,Truck,Bad Road,0,Hospital
A301592,2021-10-29,14:17,Delhi,25.025176,73.076306,Hazy,Fatal,Bicycle,Weather,0,Hospital
A301593,2023-05-16,11:50,Surat,24.156955,76.47997,Rain,Minor,Motorcycle,Drunk Driving,0,Citizen
A301594,2023-12-02,02:27,Chennai,24.797012,76.857167,Clear,Minor,Bus,Unknown,0,Police
A301595,2024-02-04,05:05,Chennai,12.337143,74.635514,Rain,Minor,Car,Weather,1,Police
A301596,2022-10-13,06:32,Surat,14.005071,69.070032,Clear,Moderate,Bus,Mechanical Failure,0,Police
A301597,2023-02-03,02:15,Lucknow,9.259278,71.053263,Clear,Minor,Truck,Speeding,0,Police
A301598,2025-09-30,02:50,Mumbai,20.82527,72.185677,Clear,Moderate,Car,Speeding,1,Police
A301599,2023-06-13,09:52,Surat,20.722324,74.399839,Clear,Minor,Car,Distracted,0,Insurance
A301600,2025-03-09,22:06,Delhi,10.836875,75.741727,Rain,Minor,Car,Speeding,0,Citizen
A301601,2025-09-19,00:01,Bengaluru,22.91985,72.427861,Clear,Severe,Motorcycle,Speeding,0,Police
A301602,2025-03-08,15:50,Surat,25.090807,73.933233,Rain,Minor,Car,Speeding,0,Police
A301603,2021-05-05,21:42,Surat,11.847828,74.457511,Rain,Moderate,Pedestrian,Drunk Driving,0,Citizen
A301604,2024-01-06,22:15,Jaipur,9.649385,77.155064,Rain,Minor,Motorcycle,Weather,0,Police
A301605,2024-04-22,17:33,Delhi,20.962758,68.079385,Clear,Minor,Car,Speeding,1,Citizen
A301606,2024-08-03,10:00,Kolkata,26.786298,72.102233,Storm,Minor,Motorcycle,Distracted,1,Police
A301607,2024-07-16,11:09,Chennai,9.467819,72.395473,Snow (rare),Minor,Motorcycle,Distracted,0,Hospital
A301608,2021-11-09,11:32,Surat,24.739343,68.135165,Hazy,Minor,Car,Speeding,1,Citizen
A301609,2024-07-16,17:29,Mumbai,25.192702,73.440317,Fog,Minor,Bus,Bad Road,0,Citizen
A301610,2025-05-27,15:54,Chennai,18.821559,72.725127,Hazy,Minor,Bus,Distracted,0,Police
A301611,2024-12-06,10:02,Pune,15.346871,76.766083,Storm,Minor,Car,Speeding,0,Police
A301612,2023-06-24,04:01,Surat,23.74838,77.068254,Clear,Minor,Motorcycle,Mechanical Failure,0,Citizen
A301613,2021-12-17,05:43,Pune,19.548515,69.727769,Fog,Minor,Motorcycle,Drunk Driving,1,Police
A301614,2021-03-08,19:53,Kolkata,10.277465,71.371053,Clear,Minor,Motorcycle,Weather,0,Police
A301615,2021-12-18,21:16,Surat,9.287575,73.127426,Clear,Minor,Truck,Speeding,0,Police
A301616,2023-04-22,16:48,Mumbai,16.4777,73.704463,Clear,Minor,Car,Mechanical Failure,0,Citizen
A301617,2025-04-22,22:27,Kolkata,17.71669,71.217738,Clear,Moderate,Car,Weather,2,Police
A301618,2021-02-22,09:21,Jaipur,22.550101,69.506601,Rain,Minor,Pedestrian,Drunk Driving,2,Police
A301619,2023-11-27,07:14,Delhi,20.523368,76.869376,Clear,Minor,Car,Drunk Driving,1,Police
A301620,2021-05-24,15:34,Surat,25.880171,72.560948,Clear,Minor,Motorcycle,Drunk Driving,0,Police
A301621,2024-03-15,12:35,Surat,23.503108,73.928672,Clear,Minor,Motorcycle,Mechanical Failure,2,Police
A301622,2025-08-18,13:30,Chennai,10.500271,68.437426,Clear,Minor,Motorcycle,Drunk Driving,0,Hospital
A301623,2021-10-14,02:37,Bengaluru,9.309195,74.490854,Clear,Moderate,Car,Distracted,0,Hospital
A301624,2022-02-13,01:09,Delhi,16.50686,71.44126,Clear,Minor,Pedestrian,Mechanical Failure,0,Hospital
A301625,2023-04-26,12:47,Hyderabad,27.416527,70.571054,Clear,Moderate,Motorcycle,Weather,0,Police
A301626,2022-07-13,02:37,Lucknow,25.701966,74.662545,Clear,Severe,Bus,Unknown,1,Police
A301627,2024-02-13,01:05,Surat,24.573156,75.495552,Clear,Minor,Bus,Drunk Driving,0,Insurance
A301628,2021-12-29,12:14,Mumbai,19.43957,73.726027,Clear,Severe,Truck,Drunk Driving,0,Citizen
A301629,2025-02-23,16:14,Lucknow,13.793023,72.010964,Clear,Minor,Motorcycle,Bad Road,1,Police
A301630,2024-04-15,06:48,Lucknow,21.747706,77.351456,Clear,Minor,Motorcycle,Mechanical Failure,0,Police
A301631,2025-08-07,17:21,Pune,8.233407,74.459882,Clear,Fatal,Bus,Mechanical Failure,0,Citizen
A301632,2021-03-04,03:05,Lucknow,18.351973,77.199688,Rain,Minor,Truck,Drunk Driving,2,Police
A301633,2023-09-01,17:36,Surat,9.831021,69.870446,Hazy,Minor,Car,Speeding,1,Police
A301634,2021-12-29,03:15,Pune,18.167836,76.820213,Clear,Minor,Pedestrian,Distracted,1,Citizen
A301635,2022-02-08,08:39,Jaipur,19.731324,70.052471,Clear,Minor,Car,Bad Road,1,Citizen
A301636,2023-12-22,15:15,Mumbai,27.655611,68.819677,Clear,Minor,Bus,Drunk Driving,0,Citizen
A301637,2023-09-12,05:54,Jaipur,17.331337,75.697813,Clear,Moderate,Bus,Weather,0,Citizen
A301638,2025-04-25,21:32,Chennai,13.177547,76.191976,Rain,Moderate,Motorcycle,Bad Road,1,Police
A301639,2025-03-28,20:19,Delhi,14.719511,69.99151,Clear,Minor,Motorcycle,Drunk Driving,0,Police
A301640,2021-10-23,03:03,Mumbai,15.828014,73.059482,Hazy,Severe,Car,Unknown,0,Police
A301641,2022-01-11,13:39,Pune,13.905436,77.638055,Clear,Severe,Bus,Unknown,0,Police
A301642,2022-11-10,00:40,Hyderabad,26.864747,73.603892,Fog,Moderate,Truck,Mechanical Failure,0,Police
A301643,2024-03-27,11:26,Chennai,8.616926,74.783517,Clear,Minor,Motorcycle,Speeding,0,Citizen
A301644,2022-06-18,15:44,Delhi,8.736081,69.709174,Clear,Minor,Motorcycle,Mechanical Failure,0,Police
A301645,2022-01-26,02:01,Lucknow,10.425263,76.46765,Snow (rare),Moderate,Car,Mechanical Failure,1,Police
A301646,2023-04-09,20:43,Lucknow,15.611531,70.494704,Rain,Minor,Motorcycle,Bad Road,0,Police
A301647,2025-09-28,13:02,Chennai,17.876762,69.983611,Fog,Moderate,Motorcycle,Unknown,0,Police
A301648,2021-03-07,22:51,Pune,13.466475,76.971624,Rain,Moderate,Motorcycle,Weather,0,Hospital
A301649,2024-05-20,22:24,Bengaluru,16.138285,72.628834,Clear,Minor,Motorcycle,Unknown,0,Citizen
A301650,2021-07-06,09:49,Kolkata,16.277248,71.472903,Hazy,Fatal,Car,Bad Road,0,Police
A301651,2023-05-04,13:44,Bengaluru,19.326783,74.895904,Clear,Minor,Car,Bad Road,0,Police
A301652,2025-07-30,17:47,Jaipur,14.030084,73.455597,Storm,Moderate,Pedestrian,Unknown,0,Police
A301653,2025-05-25,06:48,Hyderabad,9.299825,74.36657,Clear,Fatal,Truck,Unknown,0,Police
A301654,2021-02-27,15:13,Lucknow,23.488105,73.670667,Rain,Minor,Motorcycle,Distracted,0,Insurance
A301655,2024-06-11,22:23,Pune,23.177887,68.224064,Clear,Moderate,Car,Drunk Driving,0,Police
A301656,2024-01-26,11:23,Kolkata,12.265824,70.884559,Fog,Minor,Car,Unknown,0,Hospital
A301657,2023-11-10,06:38,Jaipur,27.631807,77.428439,Clear,Minor,Truck,Mechanical Failure,0,Police
A301658,2023-01-22,08:18,Lucknow,19.181826,68.398957,Fog,Minor,Bus,Mechanical Failure,0,Insurance
A301659,2025-01-29,19:23,Hyderabad,24.047466,72.506082,Clear,Fatal,Car,Distracted,1,Hospital
A301660,2024-04-23,04:20,Lucknow,27.969595,72.708348,Rain,Minor,Car,Weather,2,Citizen
A301661,2022-06-22,01:54,Pune,8.039541,72.331398,Hazy,Minor,Car,Speeding,0,Citizen
A301662,2024-08-01,00:53,Hyderabad,14.608919,75.498387,Clear,Minor,Bus,Unknown,0,Police
A301663,2022-09-15,16:22,Lucknow,18.683751,70.99787,Fog,Minor,Pedestrian,Speeding,0,Police
A301664,2022-05-30,19:09,Mumbai,12.859428,76.799905,Rain,Minor,Truck,Weather,0,Citizen
A301665,2021-10-29,21:28,Jaipur,20.25749,72.449678,Clear,Minor,Car,Drunk Driving,1,Citizen
A301666,2021-03-30,16:29,Chennai,12.508312,72.731326,Hazy,Minor,Car,Mechanical Failure,0,Police
A301667,2021-08-19,22:09,Mumbai,21.692583,73.946914,Clear,Minor,Car,Bad Road,0,Police
A301668,2023-11-08,03:39,Lucknow,12.785626,77.459115,Clear,Minor,Motorcycle,Unknown,0,Insurance
A301669,2023-06-04,08:24,Lucknow,26.448811,74.806699,Clear,Moderate,Motorcycle,Speeding,0,Police
A301670,2021-12-14,00:34,Hyderabad,15.75897,70.658555,Clear,Minor,Car,Weather,0,Police
A301671,2021-11-23,20:57,Kolkata,25.47124,76.079582,Clear,Moderate,Car,Distracted,0,Hospital
A301672,2021-04-14,02:35,Pune,18.720197,68.909487,Clear,Minor,Motorcycle,Distracted,0,Police
A301673,2021-04-27,10:14,Kolkata,15.61609,72.765692,Storm,Minor,Car,Unknown,0,Police
A301674,2024-07-14,03:49,Lucknow,24.558402,72.606171,Clear,Minor,Car,Distracted,0,Police
A301675,2024-03-26,00:08,Chennai,28.498192,71.922702,Clear,Moderate,Motorcycle,Drunk Driving,0,Hospital
A301676,2021-11-07,02:40,Chennai,12.232061,71.939555,Clear,Severe,Car,Unknown,1,Citizen
A301677,2023-09-27,16:55,Bengaluru,23.235163,69.361504,Storm,Minor,Car,Bad Road,1,Citizen
A301678,2025-01-02,19:13,Mumbai,21.644976,70.18915,Rain,Minor,Motorcycle,Drunk Driving,1,Citizen
A301679,2024-04-20,07:23,Jaipur,26.361479,74.534468,Rain,Minor,Car,Unknown,0,Hospital
A301680,2021-09-04,10:20,Kolkata,26.256285,69.025188,Rain,Minor,Car,Unknown,0,Police
A301681,2021-08-01,22:09,Pune,21.037891,74.924537,Rain,Moderate,Bus,Weather,0,Police
A301682,2023-08-27,14:17,Mumbai,14.417414,76.670634,Rain,Minor,Motorcycle,Speeding,0,Police
A301683,2022-05-06,20:57,Chennai,16.397471,74.00055,Fog,Minor,Bus,Drunk Driving,0,Citizen
A301684,2025-09-18,16:13,Bengaluru,27.918825,75.686623,Clear,Minor,Truck,Speeding,2,Citizen
A301685,2023-03-14,10:30,Hyderabad,23.788344,76.435576,Clear,Minor,Car,Unknown,0,Police
A301686,2023-04-17,17:45,Mumbai,15.662501,68.359999,Clear,Severe,Bus,Speeding,0,Police
A301687,2024-09-25,05:48,Kolkata,16.808165,74.787121,Rain,Minor,Pedestrian,Drunk Driving,0,Hospital
A301688,2021-01-10,18:56,Chennai,9.333927,69.936715,Clear,Minor,Bus,Drunk Driving,0,Citizen
A301689,2021-07-01,21:25,Lucknow,23.933231,76.540985,Rain,Minor,Bus,Drunk Driving,0,Police
A301690,2021-08-11,13:19,Bengaluru,15.359704,76.196655,Clear,Minor,Car,Bad Road,0,Insurance
A301691,2022-06-06,10:07,Hyderabad,27.802319,71.438809,Rain,Minor,Car,Weather,0,Citizen
A301692,2021-08-27,20:09,Bengaluru,9.574103,70.918402,Clear,Minor,Motorcycle,Weather,0,Citizen
A301693,2025-04-30,01:08,Jaipur,10.683288,73.571099,Clear,Moderate,Bus,Unknown,0,Citizen
A301694,2022-07-24,02:44,Delhi,19.833611,70.782294,Clear,Severe,Motorcycle,Drunk Driving,0,Hospital
A301695,2024-01-25,10:47,Lucknow,22.22557,74.991896,Clear,Minor,Bicycle,Unknown,0,Police
A301696,2023-07-09,05:28,Kolkata,13.501649,70.587272,Clear,Minor,Car,Speeding,0,Hospital
A301697,2021-08-04,08:00,Bengaluru,26.575384,68.795441,Clear,Minor,Truck,Speeding,0,Police
A301698,2021-10-13,10:02,Pune,16.772214,70.491015,Clear,Moderate,Car,Drunk Driving,0,Police
A301699,2024-11-02,22:06,Surat,28.408989,72.156944,Clear,Minor,Motorcycle,Bad Road,0,Police
A301700,2024-05-25,20:07,Delhi,11.665717,72.661627,Storm,Moderate,Motorcycle,Weather,0,Police
A301701,2024-08-28,09:52,Mumbai,19.859184,70.77884,Rain,Moderate,Truck,Weather,0,Citizen
A301702,2022-08-22,02:52,Surat,11.951611,74.697315,Storm,Minor,Car,Bad Road,0,Police
A301703,2025-07-09,00:40,Delhi,20.053925,76.970621,Hazy,Minor,Car,Bad Road,0,Hospital
A301704,2024-01-19,16:22,Kolkata,13.428458,73.407933,Clear,Minor,Car,Drunk Driving,1,Police
A301705,2021-10-25,09:00,Jaipur,17.880219,71.064215,Rain,Minor,Motorcycle,Mechanical Failure,0,Citizen
A301706,2024-10-15,06:31,Surat,18.553763,77.367727,Rain,Minor,Car,Speeding,0,Hospital
A301707,2024-08-20,11:40,Jaipur,17.645813,76.312533,Rain,Severe,Motorcycle,Speeding,0,Police
A301708,2025-09-07,01:57,Lucknow,10.7915,69.517721,Rain,Severe,Bus,Weather,0,Police
A301709,2024-04-04,13:17,Lucknow,10.831664,69.062556,Clear,Moderate,Motorcycle,Bad Road,0,Insurance
A301710,2024-06-18,20:16,Kolkata,10.526555,70.032521,Rain,Minor,Bus,Bad Road,0,Police
A301711,2021-10-13,07:22,Hyderabad,16.311136,74.09013,Clear,Minor,Car,Weather,0,Police
A301712,2021-02-01,19:54,Jaipur,17.79445,71.768766,Clear,Fatal,Car,Weather,0,Police
A301713,2023-03-22,13:31,Lucknow,13.706339,75.982145,Rain,Moderate,Car,Unknown,1,Police
A301714,2024-03-19,19:29,Pune,18.468551,73.084378,Rain,Minor,Car,Unknown,0,Citizen
A301715,2021-01-15,18:08,Kolkata,9.351821,74.067834,Clear,Minor,Truck,Distracted,2,Citizen
A301716,2021-01-23,12:17,Bengaluru,8.423744,75.958882,Rain,Minor,Truck,Unknown,0,Hospital
A301717,2024-02-26,08:43,Pune,21.305928,76.425361,Hazy,Minor,Pedestrian,Mechanical Failure,0,Police
A301718,2021-04-04,18:51,Surat,25.799743,76.374479,Rain,Minor,Motorcycle,Distracted,0,Police
A301719,2023-04-12,22:52,Lucknow,14.309768,71.822564,Clear,Moderate,Car,Bad Road,0,Police
A301720,2024-08-31,12:49,Surat,22.578377,77.235029,Clear,Minor,Car,Bad Road,0,Insurance
A301721,2021-06-11,18:08,Bengaluru,26.774773,72.228039,Hazy,Minor,Car,Mechanical Failure,0,Citizen
A301722,2021-07-23,22:39,Delhi,16.801385,73.850032,Storm,Moderate,Motorcycle,Mechanical Failure,0,Police
A301723,2023-05-11,10:54,Delhi,8.032726,74.955435,Clear,Fatal,Car,Speeding,0,Police
A301724,2024-09-12,01:15,Hyderabad,26.467391,76.958547,Clear,Minor,Motorcycle,Bad Road,0,Police
A301725,2024-10-19,08:05,Kolkata,19.60938,76.39195,Rain,Severe,Bicycle,Weather,0,Police
A301726,2025-07-25,13:53,Pune,26.437696,74.07236,Clear,Severe,Bus,Speeding,0,Police
A301727,2021-07-23,08:43,Lucknow,25.226466,68.891101,Clear,Minor,Motorcycle,Mechanical Failure,0,Hospital
A301728,2025-07-02,13:27,Pune,9.2192,75.136535,Clear,Severe,Bus,Weather,0,Insurance
A301729,2023-02-13,08:23,Lucknow,20.90095,68.173439,Clear,Moderate,Motorcycle,Unknown,1,Police
A301730,2023-02-23,17:18,Lucknow,28.228183,73.476724,Rain,Minor,Bus,Mechanical Failure,0,Police
A301731,2025-05-04,10:01,Hyderabad,13.420884,76.528824,Clear,Minor,Car,Weather,0,Police
A301732,2024-09-12,03:38,Bengaluru,19.793307,77.054456,Fog,Moderate,Truck,Weather,1,Hospital
A301733,2021-04-05,12:01,Hyderabad,16.437499,77.449907,Clear,Severe,Car,Bad Road,0,Police
A301734,2025-03-01,09:35,Mumbai,20.507846,74.875595,Hazy,Moderate,Truck,Distracted,1,Police
A301735,2021-08-20,17:16,Chennai,8.316618,68.250529,Clear,Fatal,Motorcycle,Distracted,2,Citizen
A301736,2024-08-15,18:57,Lucknow,15.656273,74.833601,Clear,Fatal,Truck,Weather,1,Police
A301737,2023-12-30,19:15,Delhi,11.813403,74.982302,Clear,Fatal,Car,Mechanical Failure,0,Citizen
A301738,2023-12-14,12:04,Lucknow,9.872706,73.027537,Rain,Moderate,Car,Drunk Driving,0,Citizen
A301739,2022-01-30,02:18,Kolkata,17.123297,71.390989,Clear,Severe,Car,Weather,0,Hospital
A301740,2024-07-27,10:12,Hyderabad,12.382528,74.319138,Hazy,Minor,Car,Bad Road,0,Insurance
A301741,2024-11-21,01:15,Pune,16.864522,72.969066,Rain,Minor,Truck,Mechanical Failure,1,Citizen
A301742,2022-08-06,15:16,Kolkata,23.556766,68.513648,Fog,Minor,Motorcycle,Bad Road,1,Police
A301743,2023-06-27,22:06,Surat,8.802428,74.302793,Clear,Minor,Bus,Mechanical Failure,0,Citizen
A301744,2024-06-30,14:39,Lucknow,17.374699,74.594847,Rain,None,Truck,Bad Road,0,Police
A301745,2021-02-24,07:47,Delhi,23.546374,77.410062,Rain,Minor,Motorcycle,Drunk Driving,0,Police
A301746,2024-12-29,13:40,Lucknow,24.747194,76.704145,Fog,Minor,Car,Unknown,0,Police
A301747,2024-02-18,22:16,Mumbai,25.856477,70.730363,Clear,Moderate,Motorcycle,Distracted,0,Citizen
A301748,2025-01-31,06:02,Mumbai,17.681437,73.317719,Clear,Minor,Car,Weather,2,Police
A301749,2023-01-26,06:15,Kolkata,25.202654,73.608138,Clear,Minor,Truck,Speeding,0,Citizen
A301750,2024-12-25,01:58,Kolkata,10.92226,69.494023,Clear,Moderate,Truck,Bad Road,0,Police
A301751,2023-05-10,07:26,Hyderabad,17.39142,71.26562,Clear,Severe,Bicycle,Distracted,0,Police
A301752,2024-09-15,12:20,Lucknow,17.445775,69.620534,Clear,Moderate,Motorcycle,Distracted,1,Insurance
A301753,2021-07-07,10:05,Jaipur,13.411497,70.257936,Clear,Severe,Truck,Drunk Driving,1,Police
A301754,2023-01-10,10:12,Chennai,18.67066,72.539348,Clear,Fatal,Motorcycle,Speeding,1,Hospital
A301755,2024-05-13,07:08,Surat,16.810943,75.207885,Rain,Severe,Car,Bad Road,0,Police
A301756,2023-01-22,16:58,Delhi,19.209506,74.375686,Fog,Severe,Car,Drunk Driving,0,Police
A301757,2024-06-30,09:03,Chennai,24.012241,71.06874,Fog,Moderate,Car,Bad Road,0,Police
A301758,2022-03-11,01:15,Kolkata,25.384778,76.721241,Clear,Moderate,Truck,Drunk Driving,1,Hospital
A301759,2022-05-01,14:30,Lucknow,14.26056,72.036202,Hazy,Minor,Car,Unknown,0,Police
A301760,2024-09-27,07:34,Kolkata,27.574031,75.974435,Clear,Severe,Motorcycle,Speeding,0,Police
A301761,2025-05-29,15:05,Chennai,13.23342,70.868761,Rain,Severe,Pedestrian,Speeding,1,Police
A301762,2021-09-17,10:15,Jaipur,26.746308,71.749324,Rain,Minor,Car,Weather,0,Hospital
A301763,2023-03-17,09:17,Delhi,18.617735,77.19315,Fog,Minor,Motorcycle,Distracted,0,Police
A301764,2024-01-17,16:21,Surat,28.527773,72.846764,Clear,Moderate,Car,Mechanical Failure,0,Hospital
A301765,2021-07-06,13:24,Hyderabad,24.649461,71.809809,Hazy,Minor,Bicycle,Weather,0,Police
A301766,2024-05-26,22:42,Hyderabad,15.590193,76.751189,Hazy,Minor,Car,Bad Road,2,Citizen
A301767,2025-09-09,17:47,Hyderabad,18.854578,75.451911,Clear,Moderate,Car,Bad Road,0,Police
A301768,2021-12-04,13:07,Chennai,16.245026,73.824926,Storm,Moderate,Motorcycle,Speeding,0,Citizen
A301769,2021-01-08,18:52,Chennai,18.138211,75.544155,Rain,Moderate,Pedestrian,Mechanical Failure,0,Police
A301770,2023-03-18,09:09,Delhi,28.532003,68.998511,Rain,Minor,Car,Weather,0,Citizen
A301771,2022-07-21,02:52,Pune,14.953664,68.730799,Clear,Minor,Pedestrian,Drunk Driving,1,Police
A301772,2021-05-26,14:06,Hyderabad,26.216932,77.131533,Clear,Minor,Bus,Unknown,0,Police
A301773,2025-05-22,19:53,Surat,17.797903,75.765706,Storm,Minor,Motorcycle,Distracted,1,Police
A301774,2025-07-22,06:21,Mumbai,27.746745,75.380114,Clear,Severe,Car,Bad Road,0,Citizen
A301775,2021-04-25,11:09,Hyderabad,20.595506,70.624434,Rain,Moderate,Motorcycle,Bad Road,0,Police
A301776,2023-05-12,03:00,Surat,9.649996,68.664595,Clear,Minor,Car,Mechanical Failure,0,Citizen
A301777,2022-03-03,05:32,Lucknow,15.398993,70.982018,Clear,Moderate,Truck,Bad Road,1,Police
A301778,2021-03-19,22:52,Jaipur,20.38492,75.335925,Fog,Minor,Pedestrian,Weather,0,Police
A301779,2025-09-15,04:28,Hyderabad,11.713002,72.832061,Hazy,Minor,Car,Weather,1,Citizen
A301780,2023-12-14,19:29,Jaipur,26.126394,73.262582,Rain,Minor,Bicycle,Weather,0,Police
A301781,2022-06-12,00:11,Surat,9.798329,70.772759,Fog,Severe,Car,Drunk Driving,1,Police
A301782,2022-11-18,13:55,Chennai,15.079912,72.23512,Clear,Fatal,Bicycle,Mechanical Failure,0,Hospital
A301783,2024-12-09,07:20,Bengaluru,18.155366,73.059523,Rain,Minor,Motorcycle,Weather,1,Hospital
A301784,2024-03-24,02:07,Pune,19.535899,68.267803,Clear,Minor,Bus,Speeding,0,Police
A301785,2021-11-17,03:45,Hyderabad,23.196688,74.373448,Fog,Moderate,Car,Drunk Driving,1,Police
A301786,2025-07-22,15:25,Surat,22.494796,73.945875,Clear,Fatal,Motorcycle,Speeding,0,Citizen
A301787,2022-05-26,04:50,Kolkata,8.141333,70.082689,Fog,Minor,Motorcycle,Weather,1,Hospital
A301788,2023-03-22,19:58,,25.383452,70.568878,Clear,Minor,Motorcycle,Speeding,0,Hospital
A301789,2022-05-04,04:16,Surat,15.963459,70.60261,Clear,Minor,Motorcycle,Distracted,0,Police
A301790,2025-04-26,20:07,Delhi,26.818732,75.173668,Rain,Minor,Car,Distracted,1,Police
A301791,2023-06-17,12:27,Bengaluru,10.211561,71.683511,Storm,Minor,Bus,Mechanical Failure,0,Insurance
A301792,2025-01-12,12:09,Bengaluru,24.400452,77.099405,Clear,Moderate,Car,Unknown,1,Citizen
A301793,2024-06-23,04:44,Bengaluru,8.107456,70.548457,Clear,Moderate,Bus,Drunk Driving,0,Police
A301794,2022-10-26,10:40,Surat,8.622713,77.534775,Rain,Minor,Car,Bad Road,1,Citizen
A301795,2025-06-06,00:09,Surat,15.949355,72.847578,Rain,Minor,Car,Bad Road,0,Police
A301796,2025-05-09,04:02,Pune,21.255637,71.837354,Rain,Minor,Motorcycle,Speeding,0,Police
A301797,2023-01-06,10:41,Delhi,14.762129,71.665648,Clear,Minor,Bus,Bad Road,0,Hospital
A301798,2025-03-02,04:11,Hyderabad,20.421379,75.768426,Clear,Minor,Motorcycle,Mechanical Failure,0,Insurance
A301799,2022-05-15,17:53,Bengaluru,20.12556,75.678955,Hazy,Severe,Car,Drunk Driving,0,Hospital
A301800,2023-01-16,04:40,,27.285253,70.65912,Rain,Moderate,Motorcycle,Drunk Driving,0,Hospital
A301801,2021-02-24,22:51,Bengaluru,10.212286,74.309744,Clear,Minor,Car,Unknown,0,Police
A301802,2022-09-19,15:36,Pune,11.938985,72.144313,Clear,Minor,Motorcycle,Bad Road,0,Police
A301803,2024-05-08,02:52,Delhi,20.302653,71.280073,Clear,Minor,Pedestrian,Unknown,0,Hospital
A301804,2022-09-07,17:01,Bengaluru,14.142489,70.805844,Rain,Minor,Pedestrian,Unknown,0,Police
A301805,2022-01-06,15:02,Kolkata,13.233065,76.137409,Rain,Minor,Car,Drunk Driving,0,Police
A301806,2024-01-02,14:50,Pune,11.392075,71.65349,Clear,Minor,Motorcycle,Unknown,1,Police
A301807,2022-01-08,08:52,Delhi,25.049029,75.948498,Clear,Fatal,Motorcycle,Unknown,0,Police
A301808,2023-06-07,19:37,Bengaluru,14.192987,71.953327,Clear,Minor,Car,Distracted,0,Police
A301809,2023-04-03,20:38,Delhi,19.873184,72.424833,Storm,Minor,Bicycle,Unknown,0,Insurance
A301810,2023-09-18,17:09,Bengaluru,8.717912,72.160221,Rain,Moderate,Car,Speeding,0,Citizen
A301811,2024-10-19,16:53,Delhi,28.566665,75.703379,Clear,Minor,Bicycle,Drunk Driving,0,Police
A301812,2023-06-24,00:41,Pune,9.990562,77.632413,Hazy,Moderate,Bicycle,Weather,0,Hospital
A301813,2022-04-12,19:23,Lucknow,10.966119,73.292148,Clear,Severe,Car,Distracted,0,Police
A301814,2024-04-10,10:02,Mumbai,15.424057,68.168828,Fog,Minor,Motorcycle,Distracted,0,Citizen
A301815,2022-11-27,08:00,Bengaluru,20.826108,75.74459,Rain,Moderate,Car,Speeding,1,Citizen
A301816,2025-05-29,15:38,Bengaluru,13.261254,77.323551,Clear,Minor,Bicycle,Unknown,0,Police
A301817,2024-09-24,03:57,Kolkata,13.412796,76.238723,Clear,Moderate,Car,Mechanical Failure,0,Police
A301818,2025-08-19,18:04,Pune,8.027957,70.120048,Storm,Severe,Bus,Drunk Driving,0,Police
A301819,2021-08-29,12:13,Lucknow,12.473043,74.487215,Clear,Minor,Bus,Weather,0,Hospital
A301820,2021-09-27,07:17,Jaipur,24.011619,68.214795,Clear,Minor,Truck,Speeding,1,Police
A301821,2023-10-27,18:14,Kolkata,17.624855,68.621621,Rain,Minor,Bus,Drunk Driving,0,Citizen
A301822,2021-08-17,11:09,Lucknow,20.902764,70.528337,Fog,Minor,Car,Drunk Driving,0,Police
A301823,2021-08-11,22:08,Chennai,19.291015,75.704167,Clear,Minor,Motorcycle,Speeding,0,Police
A301824,2022-02-04,21:30,Jaipur,21.249889,70.139777,Clear,Minor,Motorcycle,Bad Road,0,Hospital
A301825,2021-06-30,13:24,Kolkata,24.892541,73.989759,Hazy,Minor,Bus,Speeding,1,Insurance
A301826,2022-12-03,22:06,Lucknow,9.275464,76.798212,Clear,Moderate,Motorcycle,Weather,0,Police
A301827,2025-02-10,17:03,Lucknow,9.493019,77.678627,Clear,Minor,Car,Unknown,0,Police
A301828,2021-05-09,01:44,Surat,28.465244,68.042494,Rain,Minor,Bicycle,Bad Road,0,Insurance
A301829,2023-08-01,20:19,Jaipur,13.660496,75.993142,Storm,Fatal,Car,Drunk Driving,0,Police
A301830,2021-06-13,04:38,Surat,18.590015,70.861494,Clear,Minor,Car,Bad Road,0,Police
A301831,2021-04-20,06:25,Mumbai,22.289894,68.48537,Clear,Minor,Car,Unknown,0,Police
A301832,2021-06-29,01:20,Bengaluru,16.667502,68.513817,Clear,Minor,Bus,Weather,1,Police
A301833,2025-01-24,12:19,Lucknow,9.640144,68.368898,Rain,Minor,Car,Speeding,0,Police
A301834,2025-09-05,13:02,Pune,9.600528,71.882149,Clear,Minor,Bus,Weather,0,Police
A301835,2024-03-22,21:56,Bengaluru,28.192469,74.693677,Clear,Moderate,Motorcycle,Distracted,0,Hospital
A301836,2025-06-13,01:54,Chennai,24.686084,77.269285,Rain,Moderate,Truck,Unknown,0,Police
A301837,2024-05-11,06:35,Hyderabad,27.389088,77.52227,Clear,Moderate,Truck,Unknown,0,Police
A301838,2021-07-23,11:31,Chennai,12.236481,74.290942,Hazy,Minor,Truck,Mechanical Failure,0,Citizen
A301839,2024-02-05,11:47,Pune,28.446401,74.394146,Storm,Moderate,Motorcycle,Unknown,1,Police
A301840,2021-11-02,12:27,Chennai,20.615591,75.74722,Clear,Minor,Bicycle,Weather,0,Police
A301841,2022-01-07,03:49,Hyderabad,28.256067,72.820415,Fog,Minor,Bus,Weather,1,Citizen
A301842,2023-11-17,18:29,Mumbai,17.091322,75.540156,Clear,Fatal,Car,Weather,0,Citizen
A301843,2024-03-24,06:05,Hyderabad,20.914088,71.144714,Rain,None,Motorcycle,Bad Road,0,Police
A301844,2023-10-25,00:04,Surat,26.95806,70.421161,Clear,Moderate,Car,Speeding,0,Citizen
A301845,2023-10-27,20:36,Bengaluru,17.815028,76.180705,Clear,Minor,Motorcycle,Mechanical Failure,0,Citizen
A301846,2025-03-23,17:28,Jaipur,24.484693,74.09028,Snow (rare),Minor,Car,Bad Road,0,Police
A301847,2022-08-01,18:37,Hyderabad,18.814791,73.293013,Clear,Moderate,Motorcycle,Bad Road,0,Police
A301848,2022-02-20,20:36,Hyderabad,15.885575,74.085061,Clear,Moderate,Car,Bad Road,1,Citizen
A301849,2023-04-26,06:06,Lucknow,8.118402,68.436635,Clear,Minor,Motorcycle,Weather,0,Police
A301850,2025-05-26,18:38,Surat,27.451148,75.393245,Clear,Minor,Bus,Drunk Driving,0,Citizen
A301851,2022-06-15,14:04,Surat,8.056181,73.693272,Rain,Moderate,Bus,Mechanical Failure,0,Police
A301852,2024-03-14,12:35,Surat,22.036869,74.264755,Hazy,Minor,Car,Drunk Driving,0,Police
A301853,2022-02-11,17:55,,13.743776,74.909957,Clear,Minor,Bus,Bad Road,1,Police
A301854,2023-10-17,21:46,Surat,27.106501,71.421991,Rain,Minor,Bus,Unknown,1,Citizen
A301855,2021-08-05,21:05,Pune,25.150848,71.491775,Clear,Severe,Bus,Weather,1,Citizen
A301856,2022-04-14,06:36,Delhi,8.910392,77.58261,Clear,Moderate,Bicycle,Unknown,0,Insurance
A301857,2022-10-18,02:10,Surat,25.435035,76.476397,Clear,Minor,Car,Speeding,1,Insurance
A301858,2022-06-14,00:25,Jaipur,23.733414,74.149253,Rain,Minor,Motorcycle,Distracted,0,Citizen
A301859,2023-11-20,22:09,Pune,10.091747,69.742322,Hazy,Minor,Car,Speeding,0,Police
A301860,2024-08-18,09:31,,24.533191,76.016502,Clear,Minor,Motorcycle,Unknown,0,Police
A301861,2025-06-18,12:16,Bengaluru,19.75822,77.24721,Clear,Minor,Car,Weather,0,Police
A301862,2021-11-25,11:17,Bengaluru,17.363789,68.412105,Hazy,Severe,Car,Weather,1,Citizen
A301863,2021-02-03,00:58,Pune,11.435559,70.765376,Rain,Moderate,Car,Bad Road,0,Police
A301864,2025-06-11,01:05,Delhi,8.026838,76.402174,Hazy,Minor,Car,Weather,0,Citizen
A301865,2022-02-10,03:36,Pune,13.90844,71.462812,Clear,Moderate,Pedestrian,Distracted,0,Police
A301866,2022-11-24,05:50,Jaipur,23.813327,71.355567,Fog,Minor,Car,Unknown,1,Police
A301867,2024-03-05,04:51,Pune,26.333852,77.679344,Clear,Moderate,Bus,Distracted,1,Police
A301868,2022-05-14,02:00,Surat,13.026389,70.620663,Fog,Minor,Motorcycle,Speeding,1,Police
A301869,2021-04-22,10:01,Chennai,9.442555,68.317871,Clear,Minor,Car,Drunk Driving,1,Police
A301870,2024-01-12,17:55,Lucknow,24.578269,77.652578,Clear,Minor,Motorcycle,Speeding,0,Police
A301871,2025-08-08,14:58,Mumbai,10.289629,77.662431,Rain,Minor,Motorcycle,Bad Road,0,Citizen
A301872,2021-10-19,16:40,Mumbai,12.988751,73.055889,Rain,Minor,Bus,Unknown,0,Hospital
A301873,2022-07-03,17:43,Bengaluru,16.207651,70.298033,Snow (rare),Moderate,Bus,Drunk Driving,0,Police
A301874,2025-04-23,06:07,Pune,11.450969,75.434027,Rain,Moderate,Bus,Weather,0,Police
A301875,2025-06-21,05:04,Hyderabad,24.570396,70.742169,Storm,Minor,Truck,Drunk Driving,0,Insurance
A301876,2023-09-29,19:40,Surat,15.551737,77.444584,Clear,Moderate,Truck,Mechanical Failure,0,Insurance
A301877,2022-07-05,07:24,Jaipur,23.496954,74.210713,Rain,Minor,Motorcycle,Drunk Driving,0,Police
A301878,2021-08-05,15:03,Pune,22.906251,72.322462,Clear,Moderate,Car,Bad Road,1,Police
A301879,2025-03-16,00:58,Lucknow,22.919965,70.341685,Clear,Minor,Motorcycle,Speeding,0,Police
A301880,2023-04-01,13:15,Surat,28.268441,75.063556,Rain,Minor,Bus,Distracted,1,Hospital
A301881,2025-07-20,19:20,Chennai,13.012297,74.177338,Clear,Moderate,Bus,Drunk Driving,1,Citizen
A301882,2023-09-26,03:20,Chennai,23.74293,73.070881,Clear,Severe,Car,Unknown,0,Police
A301883,2024-01-24,19:50,Surat,27.492742,69.109885,Clear,Minor,Car,Distracted,0,Police
A301884,2021-12-17,13:32,Lucknow,8.117341,75.038724,Clear,Severe,Car,Bad Road,0,Citizen
A301885,2025-06-03,15:27,Mumbai,13.059737,74.765398,Clear,Moderate,Bus,Unknown,1,Police
A301886,2024-05-21,01:15,Delhi,28.09094,68.748964,Clear,Minor,Car,Speeding,1,Citizen
A301887,2024-11-09,13:36,Mumbai,21.368975,68.532554,Clear,Minor,Car,Distracted,0,Insurance
A301888,2022-10-26,03:43,Delhi,19.185165,68.522052,Clear,Minor,Motorcycle,Mechanical Failure,0,Hospital
A301889,2025-01-18,02:38,Lucknow,17.606508,70.924455,Hazy,Minor,Bicycle,Drunk Driving,0,Police
A301890,2024-08-13,21:37,Kolkata,18.821682,73.983041,Clear,Severe,Bus,Mechanical Failure,0,Police
A301891,2021-01-07,15:27,Surat,12.598159,75.314354,Rain,Severe,Bicycle,Mechanical Failure,0,Citizen
A301892,2021-05-14,12:17,Mumbai,24.394285,72.470931,Clear,Minor,Motorcycle,Speeding,1,Police
A301893,2021-10-05,10:35,Delhi,13.594632,73.87052,Clear,Minor,Car,Mechanical Failure,0,Police
A301894,2025-07-26,17:03,Hyderabad,25.049694,75.943039,Rain,Minor,Car,Unknown,1,Police
A301895,2021-11-07,00:28,Mumbai,23.165911,71.177246,Rain,Minor,Bus,Weather,0,Citizen
A301896,2021-08-19,22:27,Bengaluru,14.808022,75.701273,Clear,Minor,Car,Drunk Driving,0,Hospital
A301897,2024-07-10,21:33,Jaipur,10.405418,69.165872,Clear,Minor,Car,Speeding,0,Police
A301898,2023-05-16,07:13,Chennai,13.6769,74.601851,Clear,Moderate,Car,Unknown,0,Insurance
A301899,2021-08-17,09:09,Bengaluru,15.950513,74.231215,Clear,Moderate,Car,Mechanical Failure,0,Police
A301900,2023-06-18,18:46,Chennai,27.656452,72.284185,Fog,Minor,Car,Speeding,0,Police
A301901,2024-10-07,05:15,Jaipur,8.183553,72.008091,Rain,Moderate,Car,Weather,0,Police
A301902,2023-01-15,19:09,Pune,9.259507,68.534195,Fog,Moderate,Car,Weather,0,Police
A301903,2023-05-12,20:18,Mumbai,25.231573,72.024535,Storm,Minor,Motorcycle,Bad Road,0,Police
A301904,2025-04-07,07:34,Pune,15.990658,70.208467,Rain,Minor,Bus,Speeding,0,Police
A301905,2025-03-27,13:31,Chennai,8.540745,71.00572,Hazy,Severe,Car,Speeding,0,Citizen
A301906,2022-11-02,00:24,Surat,18.710205,69.681705,Clear,Minor,Motorcycle,Unknown,1,Police
A301907,2025-04-19,22:27,Jaipur,12.03933,72.396077,Rain,Moderate,Motorcycle,Weather,0,Citizen
A301908,2025-04-21,12:02,Bengaluru,11.453253,77.196247,Clear,Minor,Car,Distracted,0,Police
A301909,2022-09-27,22:36,Hyderabad,21.424853,76.345928,Clear,Minor,Bus,Distracted,1,Police
A301910,2022-01-02,20:15,Jaipur,10.798146,69.497435,Fog,Minor,Car,Weather,0,Police
A301911,2023-06-24,15:30,Chennai,24.293348,75.74818,Rain,Severe,Motorcycle,Bad Road,0,Police
A301912,2022-10-03,14:35,Lucknow,26.1876,69.486834,Rain,Minor,Motorcycle,Unknown,0,Police
A301913,2022-10-12,01:21,Delhi,27.827534,74.385214,Fog,Minor,Motorcycle,Distracted,0,Police
A301914,2024-07-30,20:03,Kolkata,27.756979,75.847031,Clear,Minor,Car,Drunk Driving,0,Citizen
A301915,2024-10-13,18:15,Lucknow,11.095878,76.981276,Rain,Minor,Truck,Mechanical Failure,0,Police
A301916,2021-02-28,02:06,Bengaluru,16.720019,71.790595,Clear,Minor,Car,Drunk Driving,0,Citizen
A301917,2022-04-25,06:43,Delhi,26.285924,68.196016,Clear,Minor,Motorcycle,Distracted,0,Police
A301918,2024-01-13,11:17,Kolkata,14.895554,76.09669,Clear,Severe,Motorcycle,Unknown,0,Police
A301919,2023-03-29,13:14,Mumbai,17.445756,75.684781,Hazy,Minor,Bus,Mechanical Failure,1,Police
A301920,2024-03-26,20:39,Kolkata,16.740811,75.737523,Rain,Minor,Car,Distracted,0,Police
A301921,2023-08-09,22:47,Hyderabad,22.366085,70.818135,Hazy,Minor,Bus,Weather,2,Police
A301922,2025-02-18,10:23,Jaipur,10.650099,71.628588,Clear,Minor,Motorcycle,Bad Road,0,Police
A301923,2021-02-09,05:37,Mumbai,13.073629,68.675985,Clear,Minor,Bicycle,Distracted,1,Police
A301924,2022-07-08,15:30,Bengaluru,18.627025,76.669226,Rain,Severe,Bicycle,Drunk Driving,1,Citizen
A301925,2022-05-23,13:25,Kolkata,15.215514,75.383584,Clear,Severe,Car,Unknown,0,Citizen
A301926,2023-12-10,10:17,Hyderabad,12.605005,75.036918,Rain,Moderate,Car,Drunk Driving,0,Police
A301927,2024-02-06,02:44,Hyderabad,15.802179,77.467119,Rain,Minor,Motorcycle,Unknown,1,Police
A301928,2021-08-08,14:18,Pune,17.024317,72.940131,Clear,Minor,Car,Distracted,0,Police
A301929,2025-09-14,22:30,Pune,13.816061,73.125924,Rain,Severe,Car,Unknown,0,Police
A301930,2025-07-20,06:11,Surat,27.687824,69.329327,Clear,Minor,Car,Weather,0,Police
A301931,2023-11-14,17:49,Mumbai,20.643801,73.933042,Clear,Severe,Car,Weather,0,Police
A301932,2023-04-09,21:40,Surat,22.946529,72.905422,Hazy,Minor,Motorcycle,Distracted,0,Police
A301933,2022-03-13,01:17,Hyderabad,27.857673,69.017434,Rain,Severe,Motorcycle,Speeding,0,Citizen
A301934,2022-07-20,18:09,Chennai,20.941625,72.388117,Rain,Minor,Bus,Speeding,1,Police
A301935,2024-06-14,19:09,Bengaluru,26.691973,72.23063,Rain,Minor,Motorcycle,Unknown,1,Police
A301936,2022-11-12,10:33,Lucknow,10.030555,69.508307,Rain,Minor,Bus,Weather,0,Hospital
A301937,2024-10-30,01:45,Jaipur,25.31893,73.21558,Clear,Minor,Car,Speeding,0,Citizen
A301938,2023-07-21,19:30,Kolkata,20.249527,71.806547,Clear,Minor,Bus,Drunk Driving,1,Police
A301939,2025-05-28,11:38,Hyderabad,22.351654,68.925447,Clear,Minor,Bus,Unknown,0,Citizen
A301940,2024-06-18,03:07,Pune,23.376972,73.123205,Clear,Moderate,Truck,Weather,1,Hospital
A301941,2024-01-25,01:26,Surat,16.868341,68.880996,Hazy,Minor,Car,Bad Road,0,Police
A301942,2022-04-11,17:13,Bengaluru,14.820503,73.408403,Rain,Moderate,Motorcycle,Drunk Driving,0,Citizen
A301943,2025-01-17,22:46,Delhi,12.062947,73.087074,Rain,Minor,Motorcycle,Speeding,0,Insurance
A301944,2022-11-16,09:44,Delhi,21.115604,74.498976,Rain,Moderate,Motorcycle,Speeding,1,Police
A301945,2024-05-12,09:11,Hyderabad,16.929111,68.829063,Rain,Minor,Car,Drunk Driving,0,Citizen
A301946,2023-03-09,14:52,Delhi,8.868488,74.123201,Clear,Minor,Car,Weather,0,Citizen
A301947,2025-07-06,13:44,Chennai,27.737787,76.087882,Fog,Minor,Bus,Drunk Driving,0,Citizen
A301948,2021-10-05,07:34,Surat,24.378286,75.465424,Clear,Minor,Motorcycle,Bad Road,1,Police
A301949,2024-11-18,18:24,Kolkata,16.15736,74.438125,Rain,Minor,Bicycle,Weather,1,Police
A301950,2022-05-03,05:16,Lucknow,17.293951,72.14488,Clear,Minor,Motorcycle,Distracted,0,Citizen
A301951,2023-12-08,20:34,Delhi,14.203738,74.048033,Clear,Minor,Motorcycle,Speeding,0,Police
A301952,2024-05-12,20:09,Surat,8.906967,75.202356,Clear,Severe,Motorcycle,Speeding,1,Police
A301953,2021-07-27,12:58,Bengaluru,25.827672,75.930594,Rain,Fatal,Car,Drunk Driving,0,Police
A301954,2023-05-16,03:19,Chennai,23.726617,76.878718,Rain,Moderate,Motorcycle,Unknown,2,Police
A301955,2021-07-16,20:17,Kolkata,19.628139,69.998654,Rain,Minor,Motorcycle,Mechanical Failure,0,Police
A301956,2025-01-19,15:56,Jaipur,18.167769,70.429128,Hazy,Moderate,Bicycle,Drunk Driving,0,Police
A301957,2022-07-25,06:53,Delhi,27.681214,74.806665,Clear,Minor,Bus,Distracted,0,Citizen
A301958,2021-08-27,21:20,Hyderabad,26.247425,72.800671,Rain,Moderate,Truck,Weather,0,Hospital
A301959,2022-05-08,05:01,Delhi,15.652387,74.529988,Clear,Minor,Car,Speeding,0,Citizen
A301960,2024-09-16,21:15,Surat,17.367735,72.139953,Hazy,Severe,Car,Bad Road,0,Police
A301961,2023-06-18,06:20,Chennai,18.533731,69.516666,Rain,Minor,Motorcycle,Unknown,0,Police
A301962,2023-09-27,18:04,Hyderabad,13.34471,68.717347,Clear,Minor,Motorcycle,Bad Road,0,Hospital
A301963,2025-06-09,03:48,Lucknow,12.200297,75.215764,Rain,Moderate,Bus,Mechanical Failure,0,Citizen
A301964,2021-10-02,09:41,Hyderabad,13.241145,77.442495,Rain,Moderate,Motorcycle,Distracted,0,Citizen
A301965,2021-10-14,19:55,Hyderabad,19.748393,73.214785,Clear,Severe,Car,Unknown,0,Police
A301966,2021-02-06,14:12,Jaipur,22.66156,76.95642,Clear,Minor,Bus,Bad Road,1,Police
A301967,2021-05-14,07:18,Kolkata,10.474183,72.13963,Hazy,Severe,Motorcycle,Unknown,0,Police
A301968,2023-07-23,20:20,Mumbai,12.066457,68.174984,Fog,Minor,Car,Bad Road,0,Police
A301969,2022-08-22,08:40,Bengaluru,25.459561,69.907527,Fog,Moderate,Motorcycle,Speeding,0,Hospital
A301970,2024-06-07,17:44,Kolkata,24.3073,70.782062,Rain,Fatal,Motorcycle,Distracted,2,Police
A301971,2021-11-30,16:54,Chennai,25.638863,68.784397,Hazy,Moderate,Pedestrian,Distracted,0,Police
A301972,2025-01-07,00:43,Kolkata,26.859169,74.233598,Fog,Severe,Motorcycle,Drunk Driving,0,Insurance
A301973,2022-10-06,17:33,Hyderabad,17.484679,72.691455,Rain,Moderate,Truck,Speeding,0,Police
A301974,2023-06-04,02:46,Jaipur,9.638837,71.330494,Clear,Minor,Car,Bad Road,0,Police
A301975,2022-05-01,00:33,Bengaluru,19.054815,77.597988,Rain,Severe,Motorcycle,Drunk Driving,0,Hospital
A301976,2024-03-07,05:55,Mumbai,8.329572,76.277977,Clear,Minor,Car,Unknown,0,Police
A301977,2024-08-09,11:25,Pune,12.525888,74.313155,Rain,Minor,Car,Drunk Driving,0,Police
A301978,2024-07-19,08:51,Kolkata,23.81752,71.440967,Clear,Minor,Car,Drunk Driving,0,Police
A301979,2022-12-10,03:57,Bengaluru,12.716774,73.534703,Rain,Severe,Car,Distracted,1,Police
A301980,2025-05-28,11:08,Delhi,11.268641,73.724677,Clear,Minor,Motorcycle,Distracted,0,Police
A301981,2021-09-30,06:34,Lucknow,10.107376,74.616179,Clear,Minor,Car,Mechanical Failure,0,Police
A301982,2022-08-21,08:23,Bengaluru,25.303744,69.08014,Storm,Minor,Bicycle,Mechanical Failure,0,Police
A301983,2025-05-26,19:11,Pune,15.530388,68.662216,Fog,Severe,Bus,Bad Road,0,Police
A301984,2023-08-23,16:18,Chennai,25.488047,75.75223,Fog,Severe,Motorcycle,Unknown,1,Police
A301985,2021-01-02,12:51,Hyderabad,11.219773,74.988775,Clear,Severe,Motorcycle,Unknown,0,Police
A301986,2024-01-20,19:47,Mumbai,10.098798,69.089467,Rain,Moderate,Truck,Weather,0,Police
A301987,2025-01-16,00:08,Jaipur,25.118458,72.435222,Hazy,Minor,Car,Unknown,0,Citizen
A301988,2024-02-04,15:44,Kolkata,24.597077,71.666153,Clear,Severe,Car,Mechanical Failure,0,Police
A301989,2022-07-20,01:23,Delhi,12.000711,70.858887,Clear,Moderate,Car,Drunk Driving,1,Hospital
A301990,2023-05-09,11:03,Surat,24.71685,72.156869,Fog,Minor,Car,Weather,0,Police
A301991,2023-07-26,16:33,Mumbai,20.199825,77.220684,Clear,Moderate,Truck,Drunk Driving,0,Police
A301992,2025-07-10,01:25,Delhi,15.505194,68.930843,Clear,Severe,Bus,Speeding,1,Police
A301993,2024-04-29,02:43,Delhi,24.969744,69.537358,Clear,Minor,Car,Bad Road,0,Police
A301994,2022-04-19,04:10,Surat,9.277013,73.688145,Hazy,Fatal,Car,Distracted,0,Police
A301995,2024-11-25,05:52,Pune,10.832135,72.036705,Clear,Minor,Bus,Mechanical Failure,0,Police
A301996,2021-11-22,01:46,Hyderabad,9.756659,71.732632,Clear,Severe,Pedestrian,Speeding,0,Police
A301997,2024-02-01,20:36,Bengaluru,19.469546,70.056559,Rain,Minor,Bus,Bad Road,1,Citizen
A301998,2023-09-26,07:00,Mumbai,27.20847,69.724332,Storm,Moderate,Motorcycle,Unknown,0,Police
A301999,2025-08-16,03:47,Pune,23.526352,74.891816,Clear,Minor,Motorcycle,Speeding,0,Police
A302000,2021-03-24,02:51,Mumbai,27.533851,70.672931,Clear,Minor,Bicycle,Bad Road,0,Citizen
A302001,2022-09-06,04:01,Lucknow,10.451959,68.115592,Clear,Minor,Bus,Mechanical Failure,0,Police
A302002,2021-01-22,11:45,Chennai,12.921997,68.176393,Hazy,Minor,Motorcycle,Drunk Driving,1,Police
A302003,2021-08-11,12:50,Chennai,27.667192,77.388268,Rain,Minor,Bicycle,Speeding,1,Police
A302004,2023-02-12,05:46,Jaipur,8.60813,72.252713,Fog,None,Motorcycle,Speeding,0,Police
A302005,2025-04-30,16:54,Delhi,27.466541,76.199445,Rain,Severe,Pedestrian,Distracted,0,Citizen
A302006,2022-08-23,19:05,Surat,20.804113,68.678918,Clear,Minor,Car,Distracted,2,Citizen
A302007,2025-05-02,22:22,Delhi,17.726405,76.038293,Rain,Severe,Car,Speeding,1,Insurance
A302008,2025-01-18,16:09,Hyderabad,12.118059,75.818302,Clear,Minor,Pedestrian,Mechanical Failure,0,Police
A302009,2022-08-20,18:58,Bengaluru,19.827276,77.496828,Clear,Minor,Motorcycle,Weather,0,Citizen
A302010,2023-01-01,02:03,Delhi,23.046441,75.789974,Rain,Minor,Car,Distracted,1,Police
A302011,2023-05-22,02:16,Chennai,27.069416,69.28195,Fog,Minor,Bus,Drunk Driving,0,Police
A302012,2022-05-28,03:44,Bengaluru,18.381781,71.2449,Hazy,Minor,Car,Drunk Driving,1,Police
A302013,2024-06-11,17:06,Chennai,13.011209,74.18896,Rain,Moderate,Bus,Mechanical Failure,0,Insurance
A302014,2024-09-27,15:30,Hyderabad,13.806705,75.454976,Rain,Moderate,Car,Weather,0,Citizen
A302015,2021-02-03,03:07,Lucknow,27.987393,73.171885,Clear,Minor,Bicycle,Weather,0,Citizen
A302016,2024-06-15,10:29,Jaipur,13.133603,72.847801,Clear,Minor,Bus,Weather,0,Police
A302017,2024-06-08,13:31,Jaipur,19.621721,74.585953,Clear,Fatal,Motorcycle,Bad Road,0,Police
A302018,2023-11-28,13:10,Chennai,24.400672,75.009635,Storm,Minor,Bicycle,Bad Road,1,Citizen
A302019,2025-07-17,21:42,Kolkata,13.748222,68.469674,Clear,Moderate,Bus,Speeding,0,Police
A302020,2024-10-27,06:19,Jaipur,19.317928,73.945577,Clear,Minor,Motorcycle,Unknown,0,Police
A302021,2021-03-04,10:52,Delhi,10.479622,74.909264,Rain,Minor,Motorcycle,Bad Road,1,Police
A302022,2022-02-07,22:44,Delhi,9.200362,70.049982,Clear,Minor,Car,Drunk Driving,0,Police
A302023,2023-03-03,09:52,Pune,8.657077,76.017715,Rain,Minor,Car,Mechanical Failure,1,Police
A302024,2022-08-25,08:31,Bengaluru,12.998559,68.301907,Clear,Severe,Motorcycle,Unknown,0,Citizen
A302025,2021-03-01,22:47,Kolkata,11.747324,68.369641,Clear,Minor,Car,Drunk Driving,0,Police
A302026,2024-04-04,10:06,Jaipur,16.036194,69.288409,Clear,Minor,Motorcycle,Distracted,1,Citizen
A302027,2025-01-07,02:21,Chennai,15.532842,70.082119,Clear,Severe,Car,Speeding,0,Citizen
A302028,2021-10-04,14:38,Surat,10.907345,73.24496,Clear,Minor,Motorcycle,Weather,0,Police
A302029,2025-06-07,06:17,Pune,13.187644,73.402645,Rain,Severe,Truck,Speeding,1,Police
A302030,2022-11-08,14:56,Chennai,19.547156,68.140974,Rain,Minor,Car,Drunk Driving,1,Insurance
A302031,2021-05-30,12:01,Lucknow,18.428724,73.708047,Clear,Moderate,Motorcycle,Speeding,0,Police
A302032,2025-09-03,05:55,Delhi,14.977836,70.597435,Clear,Minor,Motorcycle,Distracted,1,Citizen
A302033,2023-10-04,02:07,Bengaluru,17.434189,77.273844,Rain,Minor,Car,Mechanical Failure,0,Police
A302034,2021-09-19,20:08,Kolkata,24.691458,76.683382,Storm,None,Car,Speeding,1,Insurance
A302035,2025-03-16,11:20,Hyderabad,22.587199,77.104755,Rain,Minor,Motorcycle,Bad Road,0,Police
A302036,2024-06-29,18:02,Delhi,20.723702,71.081997,Clear,Minor,Pedestrian,Weather,0,Police
A302037,2023-01-05,15:15,Jaipur,16.134851,74.70119,Clear,Moderate,Car,Unknown,0,Hospital
A302038,2023-12-09,18:49,Surat,26.137129,69.052769,Snow (rare),Minor,Motorcycle,Unknown,0,Citizen
A302039,2024-12-27,16:20,Surat,18.266512,71.424406,Clear,Moderate,Pedestrian,Speeding,0,Police
A302040,2021-09-04,03:21,Kolkata,9.357679,70.20247,Rain,Minor,Truck,Bad Road,0,Police
A302041,2021-05-28,18:09,Mumbai,18.719814,71.624552,Rain,Minor,Pedestrian,Bad Road,0,Police
A302042,2025-05-28,01:53,Lucknow,20.091547,74.15303,Clear,Minor,Motorcycle,Mechanical Failure,0,Citizen
A302043,2024-06-05,19:11,Kolkata,9.146103,73.056411,Clear,Severe,Motorcycle,Weather,0,Citizen
A302044,2023-07-02,04:04,Delhi,12.020939,75.214504,Clear,Minor,Motorcycle,Unknown,0,Police
A302045,2023-09-02,02:53,Surat,13.501808,68.086926,Hazy,Fatal,Bicycle,Mechanical Failure,0,Police
A302046,2025-03-10,08:01,Jaipur,16.380746,73.020803,Clear,Minor,Motorcycle,Bad Road,0,Police
A302047,2021-07-28,19:57,Delhi,25.052315,72.858823,Clear,Fatal,Motorcycle,Weather,0,Hospital
A302048,2023-01-26,13:47,Surat,18.046495,76.147388,Rain,Minor,Motorcycle,Speeding,1,Citizen
A302049,2022-02-14,02:54,Jaipur,21.415766,70.209008,Rain,Minor,Car,Weather,0,Police
A302050,2025-07-08,01:52,Jaipur,13.71059,74.29388,Clear,Moderate,Truck,Distracted,0,Police
A302051,2024-01-07,13:50,Surat,11.557699,76.222123,Fog,Minor,Car,Drunk Driving,0,Citizen
A302052,2021-11-09,15:32,Delhi,15.401729,69.868889,Snow (rare),Minor,Truck,Drunk Driving,1,Insurance
A302053,2025-02-14,14:31,Lucknow,11.546268,72.729042,Clear,Severe,Car,Drunk Driving,0,Hospital
A302054,2024-07-24,14:48,Hyderabad,15.339509,71.078835,Clear,Minor,Motorcycle,Distracted,0,Police
A302055,2024-07-08,04:34,Hyderabad,24.527283,74.236367,Rain,Minor,Bicycle,Distracted,0,Citizen
A302056,2024-02-27,19:55,Jaipur,16.957635,76.77913,Clear,Moderate,Motorcycle,Distracted,0,Police
A302057,2023-09-23,13:42,Delhi,18.94976,71.192403,Rain,Minor,Motorcycle,Weather,0,Citizen
A302058,2022-05-15,07:07,Bengaluru,13.076682,74.772812,Clear,Minor,Car,Distracted,0,Hospital
A302059,2023-11-05,11:54,Delhi,15.143681,75.393582,Storm,Minor,Motorcycle,Mechanical Failure,0,Police
A302060,2022-07-27,14:50,Surat,9.231778,75.806217,Clear,Minor,Bicycle,Drunk Driving,0,Police
A302061,2024-10-20,10:43,Delhi,19.345498,68.099842,Hazy,Minor,Bus,Distracted,0,Hospital
A302062,2021-10-18,00:20,Chennai,14.590252,77.561004,Rain,Minor,Bicycle,Mechanical Failure,1,Police
A302063,2022-07-20,07:56,Bengaluru,20.938283,75.605378,Hazy,Minor,Pedestrian,Bad Road,0,Police
A302064,2023-12-09,13:45,Delhi,28.192543,71.927115,Hazy,Minor,Car,Distracted,0,Police
A302065,2021-12-30,22:11,Pune,27.467886,68.252339,Rain,Minor,Motorcycle,Mechanical Failure,1,Police
A302066,2024-01-09,00:08,Jaipur,15.691268,68.882147,Clear,Moderate,Car,Drunk Driving,0,Police
A302067,2025-07-06,12:50,Surat,24.674113,70.408514,Clear,Moderate,Motorcycle,Mechanical Failure,0,Citizen
A302068,2023-02-08,14:51,Mumbai,21.185296,71.732587,Clear,Minor,Car,Unknown,1,Citizen
A302069,2023-08-17,02:03,Bengaluru,14.919025,77.575551,Clear,Minor,Car,Distracted,0,Insurance
A302070,2023-11-20,14:37,Mumbai,14.072843,73.926125,Clear,Minor,Bus,Distracted,0,Insurance
A302071,2024-04-05,15:43,Hyderabad,25.06809,75.093194,Storm,Moderate,Car,Mechanical Failure,0,Police
A302072,2025-07-03,19:04,Jaipur,9.155443,69.626287,Storm,Minor,Bus,Mechanical Failure,0,Police
A302073,2024-01-18,15:44,Jaipur,26.334447,76.353684,Storm,Minor,Bus,Unknown,0,Citizen
A302074,2024-08-16,03:05,Chennai,18.870723,69.782101,Fog,Moderate,Motorcycle,Speeding,0,Citizen
A302075,2023-06-07,10:14,Delhi,19.27411,72.903269,Clear,Minor,Car,Weather,1,Insurance
A302076,2023-04-16,04:20,Lucknow,23.328098,76.43597,Clear,Minor,Car,Bad Road,0,Police
A302077,2022-09-24,09:28,Delhi,28.46372,76.680636,Rain,Severe,Motorcycle,Unknown,0,Police
A302078,2022-01-23,12:49,Bengaluru,17.805247,77.113731,Clear,Minor,Bicycle,Drunk Driving,0,Citizen
A302079,2023-11-21,06:43,Jaipur,18.788268,68.633475,Clear,Severe,Car,Distracted,0,Police
A302080,2022-07-14,06:37,Jaipur,18.273586,75.302784,Fog,Minor,Truck,Drunk Driving,2,Police
A302081,2024-03-15,08:54,Bengaluru,21.950225,76.054534,Clear,Minor,Bus,Unknown,0,Police
A302082,2023-03-09,15:56,Pune,16.601374,70.037245,Clear,Minor,Car,Unknown,0,Police
A302083,2025-09-03,12:46,Surat,17.9391,73.854928,Clear,Minor,Car,Speeding,0,Police
A302084,2023-06-01,05:38,Pune,24.466941,76.713561,Hazy,Minor,Motorcycle,Speeding,0,Police
A302085,2023-07-01,15:15,Delhi,8.808839,70.056678,Clear,Minor,Motorcycle,Drunk Driving,0,Police
A302086,2024-12-03,07:58,Surat,15.054151,76.676606,Clear,Minor,Motorcycle,Weather,1,Police
A302087,2025-03-31,05:49,Delhi,19.997431,69.805146,Storm,Minor,Bicycle,Speeding,1,Police
A302088,2024-01-08,14:06,Surat,25.546609,72.088392,Rain,Severe,Motorcycle,Unknown,0,Police
A302089,2023-08-07,07:36,Kolkata,10.784437,70.875302,Clear,Minor,Pedestrian,Unknown,0,Police
A302090,2021-08-04,18:23,Lucknow,26.460682,73.058373,Rain,Severe,Car,Mechanical Failure,0,Police
A302091,2024-01-09,11:38,Kolkata,18.88306,76.560038,Clear,Minor,Motorcycle,Speeding,1,Citizen
A302092,2025-03-26,03:51,Pune,19.574262,73.363298,Rain,Minor,Motorcycle,Distracted,1,Citizen
A302093,2021-11-04,12:13,Bengaluru,18.27435,71.209111,Fog,Minor,Car,Distracted,0,Police
A302094,2025-09-29,11:41,Mumbai,16.506343,73.417,Hazy,Minor,Bus,Unknown,0,Police
A302095,2024-04-26,11:47,Pune,14.646802,74.685422,Hazy,Minor,Car,Unknown,0,Citizen
A302096,2024-11-25,03:33,Kolkata,27.062597,76.047071,Rain,Moderate,Motorcycle,Weather,0,Citizen
A302097,2023-01-24,04:35,Mumbai,27.83205,73.030896,Fog,Minor,Car,Mechanical Failure,0,Police
A302098,2021-12-14,18:05,Chennai,23.495882,76.200295,Clear,Moderate,Car,Mechanical Failure,1,Citizen
A302099,2022-06-24,08:10,Bengaluru,20.843716,76.923184,Snow (rare),Minor,Motorcycle,Unknown,0,Citizen
A302100,2022-06-09,01:05,Pune,14.853983,68.648151,Hazy,Moderate,Motorcycle,Weather,0,Police
A302101,2021-02-04,02:21,Delhi,8.217805,74.918577,Storm,Moderate,Bus,Distracted,0,Police
A302102,2021-04-26,16:57,Jaipur,19.368588,72.087472,Clear,Moderate,Motorcycle,Drunk Driving,1,Hospital
A302103,2021-11-11,22:50,Bengaluru,8.001426,73.239197,Clear,Minor,Bus,Speeding,0,Hospital
A302104,2024-09-20,13:35,Jaipur,22.023541,69.353837,Fog,Moderate,Car,Mechanical Failure,0,Police
A302105,2021-09-19,08:20,Chennai,25.385838,68.114451,Snow (rare),Minor,Motorcycle,Drunk Driving,0,Police
A302106,2025-04-15,02:30,Surat,19.661895,73.37226,Clear,Minor,Motorcycle,Unknown,1,Police
A302107,2025-06-04,16:00,Pune,8.817428,76.017594,Rain,Severe,Motorcycle,Drunk Driving,1,Police
A302108,2024-07-06,04:25,Surat,23.234233,71.173483,Clear,Minor,Car,Speeding,0,Police
A302109,2022-03-28,09:39,Lucknow,26.924614,75.889603,Storm,Minor,Truck,Weather,2,Police
A302110,2025-09-21,15:38,Mumbai,13.993437,69.90425,Clear,Minor,Truck,Bad Road,0,Police
A302111,2021-03-24,06:38,Hyderabad,20.590278,69.631156,Rain,Moderate,Car,Speeding,0,Hospital
A302112,2024-09-22,22:46,Kolkata,21.634346,69.964568,Storm,Minor,Motorcycle,Bad Road,1,Police
A302113,2025-07-07,09:07,Mumbai,23.550932,68.870783,Hazy,Minor,Car,Bad Road,0,Citizen
A302114,2024-01-27,00:26,Surat,18.403504,71.020023,Fog,Moderate,Bicycle,Distracted,0,Hospital
A302115,2023-12-19,14:41,Lucknow,24.600664,72.084381,Rain,Severe,Motorcycle,Weather,0,Citizen
A302116,2021-10-16,09:08,Kolkata,26.963737,75.394283,Clear,Minor,Car,Drunk Driving,0,Police
A302117,2021-05-12,22:27,Jaipur,10.591347,77.405142,Clear,Minor,Motorcycle,Distracted,0,Citizen
A302118,2025-06-07,02:22,Jaipur,10.472078,72.913217,Rain,Moderate,Car,Drunk Driving,1,Police
A302119,2024-10-01,01:05,Mumbai,27.724809,69.86405,Clear,Minor,Pedestrian,Distracted,0,Police
A302120,2025-05-14,06:11,Bengaluru,11.282527,68.115312,Clear,Moderate,Bus,Weather,0,Citizen
A302121,2021-04-24,21:58,Surat,14.077712,73.016157,Clear,Minor,Motorcycle,Unknown,0,Police
A302122,2021-10-13,04:39,Jaipur,19.001802,70.636574,Clear,Minor,Motorcycle,Bad Road,0,Police
A302123,2025-03-11,03:31,Jaipur,27.242243,68.958769,Rain,Minor,Car,Unknown,0,Police
A302124,2025-05-22,09:15,Delhi,15.935219,72.656559,Clear,Minor,Car,Distracted,0,Police
A302125,2021-01-02,17:22,Chennai,15.67666,71.809322,Rain,Moderate,Motorcycle,Bad Road,0,Citizen
A302126,2023-03-18,09:39,Surat,24.511925,70.873017,Hazy,Minor,Pedestrian,Bad Road,1,Police
A302127,2024-04-28,02:29,Bengaluru,14.472973,75.485211,Clear,Minor,Pedestrian,Bad Road,0,Police
A302128,2024-04-28,11:42,Delhi,23.951065,70.62939,Clear,Minor,Motorcycle,Unknown,0,Police
A302129,2022-09-29,19:31,Jaipur,24.461059,68.798806,Clear,Moderate,Bus,Speeding,0,Citizen
A302130,2022-11-17,06:35,Mumbai,24.563804,73.600656,Clear,Minor,Car,Speeding,1,Hospital
A302131,2023-05-20,13:11,Surat,12.178808,71.051067,Clear,Minor,Pedestrian,Speeding,0,Police
A302132,2024-01-22,20:31,Chennai,14.993301,73.649324,Fog,Minor,Car,Unknown,0,Police
A302133,2021-12-06,05:30,Surat,8.487307,77.069172,Clear,Minor,Truck,Bad Road,0,Police
A302134,2024-01-06,06:27,Lucknow,22.572287,73.354301,Clear,Minor,Motorcycle,Speeding,0,Police
A302135,2025-08-14,20:00,Delhi,28.042089,72.754048,Fog,Minor,Car,Mechanical Failure,0,Police
A302136,2025-04-30,14:34,Surat,25.462559,74.202036,Hazy,Fatal,Truck,Mechanical Failure,1,Police
A302137,2021-07-26,14:16,Lucknow,26.16495,68.236187,Snow (rare),Moderate,Bus,Drunk Driving,1,Police
A302138,2024-08-02,03:46,Hyderabad,27.827514,74.866847,Clear,Severe,Motorcycle,Speeding,0,Police
A302139,2023-08-25,00:37,Lucknow,16.583674,73.20748,Clear,Severe,Bus,Weather,0,Police
A302140,2021-03-01,08:40,Delhi,15.140593,74.994086,Clear,Moderate,Bicycle,Drunk Driving,0,Police
A302141,2023-04-02,18:51,Mumbai,15.901354,68.544329,Rain,Minor,Car,Weather,0,Police
A302142,2022-07-12,09:13,Kolkata,21.084932,68.877671,Rain,Minor,Car,Bad Road,1,Police
A302143,2024-01-22,01:27,Hyderabad,10.809867,72.451718,Clear,Moderate,Bus,Distracted,0,Police
A302144,2025-03-12,17:23,Delhi,18.579862,73.205445,Clear,Minor,Pedestrian,Distracted,2,Police
A302145,2024-11-04,02:32,Delhi,17.506586,69.59541,Clear,Minor,Motorcycle,Weather,0,Hospital
A302146,2022-12-17,04:53,Chennai,27.494299,68.573008,Storm,Moderate,Bus,Mechanical Failure,0,Police
A302147,2024-08-10,15:32,Hyderabad,14.78323,69.446388,Clear,Moderate,Car,Weather,0,Hospital
A302148,2023-10-26,03:10,Bengaluru,19.724151,72.055495,Fog,Minor,Bicycle,Mechanical Failure,0,Citizen
A302149,2024-05-10,13:16,Hyderabad,13.409299,69.660524,Clear,Minor,Motorcycle,Speeding,0,Hospital
A302150,2023-12-03,08:19,Delhi,25.237416,69.587002,Clear,Minor,Bus,Distracted,0,Police
A302151,2023-09-07,03:18,Lucknow,26.041268,73.69725,Clear,Minor,Car,Unknown,1,Police
A302152,2023-03-31,22:13,Jaipur,11.665618,75.56059,Clear,Minor,Pedestrian,Weather,1,Police
A302153,2023-10-29,17:24,Chennai,14.599609,77.176131,Clear,Minor,Car,Distracted,0,Police
A302154,2022-04-06,04:09,Delhi,19.170016,70.569295,Hazy,Minor,Car,Mechanical Failure,0,Police
A302155,2023-02-07,20:19,Hyderabad,17.932749,68.701081,Rain,Minor,Car,Speeding,0,Citizen
A302156,2023-10-13,12:45,Jaipur,24.211242,68.067382,Clear,Minor,Truck,Weather,0,Police
A302157,2021-10-21,08:37,Surat,15.139715,71.458582,Rain,Fatal,Bicycle,Unknown,0,Police
A302158,2023-12-30,13:06,Kolkata,11.111133,70.07115,Hazy,Moderate,Bicycle,Speeding,0,Hospital
A302159,2024-12-02,21:11,Chennai,18.681002,74.971649,Rain,Severe,Bus,Unknown,2,Police
A302160,2021-11-07,01:05,Mumbai,17.90268,73.13802,Rain,Minor,Pedestrian,Unknown,0,Insurance
A302161,2022-10-26,05:21,Mumbai,10.699943,68.510302,Rain,Moderate,Car,Mechanical Failure,0,Police
A302162,2024-08-08,16:18,Kolkata,28.586962,71.068617,Clear,Minor,Bus,Mechanical Failure,0,Police
A302163,2022-07-12,08:13,Mumbai,18.145327,72.204864,Fog,Minor,Car,Distracted,0,Police
A302164,2025-06-03,10:50,Chennai,16.858626,77.094424,Rain,Moderate,Bus,Drunk Driving,0,Citizen
A302165,2024-10-04,03:47,Mumbai,23.929101,72.758607,Rain,Severe,Car,Mechanical Failure,0,Police
A302166,2022-09-19,11:50,Mumbai,14.65128,71.704525,Clear,Minor,Pedestrian,Drunk Driving,0,Hospital
A302167,2024-08-28,14:58,Pune,9.225508,74.780879,Fog,Minor,Truck,Distracted,0,Police
A302168,2021-11-27,05:03,Lucknow,21.543187,74.348185,Rain,Minor,Truck,Mechanical Failure,1,Police
A302169,2024-01-24,05:01,Bengaluru,14.213702,77.677012,Hazy,Minor,Car,Bad Road,0,Police
A302170,2024-09-14,04:10,Kolkata,17.310679,73.024212,Clear,Minor,Bus,Drunk Driving,0,Police
A302171,2024-07-06,12:22,Jaipur,11.373121,70.939462,Clear,Moderate,Motorcycle,Mechanical Failure,0,Police
A302172,2024-02-14,22:24,Surat,10.423794,75.190451,Fog,Minor,Car,Drunk Driving,1,Police
A302173,2022-02-02,17:36,Lucknow,9.349135,70.517212,Clear,Moderate,Car,Drunk Driving,0,Citizen
A302174,2025-04-06,10:27,Mumbai,12.444164,73.633943,Clear,Minor,Motorcycle,Speeding,0,Citizen
A302175,2024-08-02,08:28,Surat,21.86668,74.600357,Clear,Minor,Bus,Drunk Driving,0,Citizen
A302176,2024-06-13,11:57,Mumbai,8.764992,68.008115,Rain,Minor,Car,Drunk Driving,1,Police
A302177,2021-07-09,18:47,Bengaluru,15.699843,75.562984,Clear,Minor,Car,Mechanical Failure,0,Citizen
A302178,2025-02-24,02:14,Jaipur,15.008429,76.688573,Clear,Minor,Car,Speeding,0,Police
A302179,2023-10-11,16:38,Bengaluru,18.935282,76.460482,Clear,Fatal,Car,Bad Road,0,Hospital
A302180,2022-10-22,08:16,Hyderabad,18.237785,68.960922,Clear,Minor,Motorcycle,Distracted,0,Citizen
A302181,2021-01-30,03:26,Chennai,10.642085,72.287223,Clear,Severe,Car,Weather,0,Police
A302182,2021-07-25,10:09,Lucknow,16.203765,68.236181,Clear,Moderate,Motorcycle,Mechanical Failure,0,Police
A302183,2024-07-31,06:19,Kolkata,9.095625,70.956589,Rain,Moderate,Car,Distracted,1,Police
A302184,2023-11-02,10:30,Chennai,28.379942,75.617383,Clear,Minor,Motorcycle,Drunk Driving,1,Police
A302185,2021-04-06,18:27,Delhi,24.8227,69.583307,Rain,Minor,Car,Weather,1,Police
A302186,2025-08-11,17:34,Surat,8.962594,71.631858,Clear,Minor,Bus,Drunk Driving,0,Police
A302187,2024-07-13,10:01,Kolkata,26.831744,72.916102,Rain,Severe,Motorcycle,Unknown,0,Police
A302188,2022-03-24,12:09,Kolkata,18.772891,73.870635,Rain,Moderate,Car,Unknown,0,Citizen
A302189,2022-04-22,12:31,Mumbai,9.714436,74.186125,Snow (rare),Minor,Car,Weather,0,Police
A302190,2023-05-28,19:45,Delhi,8.950254,76.755528,Rain,Minor,Motorcycle,Drunk Driving,0,Police
A302191,2025-01-05,14:01,Hyderabad,24.474321,76.836027,Clear,Moderate,Car,Speeding,0,Citizen
A302192,2022-09-22,03:41,Surat,17.46135,75.643604,Fog,Severe,Bus,Drunk Driving,0,Police
A302193,2023-07-18,13:36,Surat,13.535248,74.215366,Hazy,Minor,Car,Speeding,0,Police
A302194,2023-09-24,18:29,Delhi,28.090528,71.435716,Clear,Minor,Motorcycle,Unknown,0,Citizen
A302195,2024-04-14,00:50,Mumbai,22.272786,74.851967,Hazy,Minor,Motorcycle,Bad Road,0,Police
A302196,2024-05-18,14:10,Delhi,8.405002,76.011266,Clear,Moderate,Car,Drunk Driving,0,Police
A302197,2024-06-06,17:23,Bengaluru,16.393449,69.944928,Clear,Moderate,Motorcycle,Mechanical Failure,1,Police
A302198,2023-09-14,18:47,Delhi,13.116551,75.55246,Clear,Minor,Motorcycle,Speeding,0,Hospital
A302199,2025-08-25,04:50,Surat,11.320257,73.353537,Clear,Minor,Bus,Distracted,0,Citizen
A302200,2021-10-10,08:49,Hyderabad,20.452808,72.809572,Fog,Minor,Truck,Distracted,1,Hospital
A302201,2025-03-04,14:57,Mumbai,15.474668,68.80276,Clear,Minor,Car,Bad Road,0,Police
A302202,2025-04-23,09:16,Mumbai,24.870001,73.620893,Rain,Minor,Bus,Weather,0,Police
A302203,2023-01-03,08:48,Bengaluru,16.837087,77.430079,Clear,Minor,Car,Unknown,0,Police
A302204,2023-08-29,07:53,Surat,24.640074,75.768745,Fog,Moderate,Motorcycle,Distracted,0,Citizen
A302205,2021-08-15,16:23,Bengaluru,23.908074,70.050763,Clear,Minor,Motorcycle,Speeding,0,Police
A302206,2025-06-26,13:54,Jaipur,16.266541,71.25902,Clear,Moderate,Car,Bad Road,0,Citizen
A302207,2024-12-13,15:09,Kolkata,27.734441,73.315974,Rain,Minor,Car,Speeding,0,Police
A302208,2025-08-09,16:45,Kolkata,27.323016,71.870473,Hazy,Minor,Motorcycle,Bad Road,0,Police
A302209,2024-05-23,16:50,Delhi,18.307864,70.861334,Storm,Severe,Car,Mechanical Failure,1,Police
A302210,2024-01-26,21:23,Lucknow,25.044432,74.363743,Clear,Minor,Pedestrian,Weather,1,Police
A302211,2023-02-22,18:04,Delhi,14.029391,69.18447,Hazy,Severe,Car,Bad Road,0,Police
A302212,2025-08-16,20:43,Pune,20.943553,75.921649,Rain,Moderate,Motorcycle,Distracted,0,Citizen
A302213,2023-11-11,15:32,Hyderabad,18.460788,73.828532,Snow (rare),Fatal,Motorcycle,Bad Road,0,Citizen
A302214,2024-06-27,01:42,Surat,16.99818,69.299936,Clear,Minor,Truck,Bad Road,0,Police
A302215,2023-04-28,13:30,Kolkata,22.994131,68.397183,Rain,Minor,Car,Distracted,1,Police
A302216,2023-05-03,05:41,Chennai,8.626064,69.260262,Fog,Moderate,Car,Bad Road,0,Police
A302217,2022-08-19,19:00,Hyderabad,23.03603,72.915127,Fog,Severe,Truck,Weather,0,Police
A302218,2024-08-11,12:41,Pune,21.299334,71.292251,Clear,Severe,Car,Mechanical Failure,0,Citizen
A302219,2022-12-26,15:11,Mumbai,13.902009,68.161862,Rain,Severe,Bus,Weather,0,Hospital
A302220,2021-07-09,07:45,Lucknow,16.24467,72.983333,Clear,Moderate,Motorcycle,Drunk Driving,0,Police
A302221,2024-10-09,21:53,Lucknow,8.372148,76.381422,Snow (rare),Minor,Pedestrian,Drunk Driving,0,Citizen
A302222,2025-08-02,22:06,Pune,12.806679,68.11015,Rain,Minor,Car,Bad Road,0,Citizen
A302223,2024-05-26,06:35,Kolkata,19.297034,69.619221,Rain,Minor,Car,Mechanical Failure,0,Police
A302224,2024-01-20,07:00,Delhi,9.435054,72.799468,Rain,Minor,Car,Weather,1,Police
A302225,2023-08-02,11:24,Jaipur,23.367076,72.027424,Rain,Minor,Bus,Speeding,0,Police
A302226,2021-09-07,10:10,Bengaluru,26.971984,69.786598,Hazy,Severe,Car,Weather,0,Police
A302227,2021-03-11,19:30,Kolkata,21.442594,71.003811,Clear,Moderate,Motorcycle,Speeding,0,Citizen
A302228,2025-08-13,03:53,Surat,27.217335,69.636429,Fog,Moderate,Bus,Mechanical Failure,0,Citizen
A302229,2021-02-04,13:39,Lucknow,15.953354,74.518422,Hazy,Minor,Motorcycle,Bad Road,0,Police
A302230,2024-01-06,02:16,Surat,12.649606,72.355777,Clear,Minor,Motorcycle,Mechanical Failure,1,Police
A302231,2021-07-25,19:56,Mumbai,17.041933,71.023382,Clear,Minor,Car,Bad Road,1,Police
A302232,2021-08-21,04:48,Surat,9.725095,73.897183,Clear,Minor,Bus,Mechanical Failure,0,Police
A302233,2022-10-11,22:41,Jaipur,18.10718,69.81083,Clear,Minor,Pedestrian,Mechanical Failure,0,Police
A302234,2021-10-15,00:29,Delhi,23.495241,75.205105,Clear,Severe,Car,Weather,0,Police
A302235,2022-01-04,11:34,Lucknow,9.821605,72.895742,Clear,Moderate,Car,Unknown,0,Police
A302236,2024-11-20,10:17,Surat,26.466751,69.87753,Rain,Minor,Car,Speeding,0,Citizen
A302237,2025-04-25,18:07,Kolkata,27.710388,70.562626,Clear,Severe,Car,Speeding,0,Hospital
A302238,2023-05-30,14:04,Bengaluru,23.312117,77.394776,Rain,Minor,Car,Speeding,0,Police
A302239,2022-11-04,14:33,Lucknow,22.348673,70.39477,Clear,Moderate,Car,Unknown,0,Police
A302240,2025-01-26,11:07,Mumbai,27.178569,71.664643,Clear,Minor,Bicycle,Speeding,0,Insurance
A302241,2024-12-21,03:48,Bengaluru,12.082103,68.635235,Clear,Moderate,Motorcycle,Distracted,1,Citizen
A302242,2023-09-04,10:16,Surat,8.630039,74.161178,Hazy,Minor,Motorcycle,Unknown,0,Citizen
A302243,2023-11-05,22:00,Lucknow,17.584166,70.578953,Hazy,Minor,Truck,Weather,0,Citizen
A302244,2024-05-23,18:34,Hyderabad,17.273747,73.494798,Clear,Minor,Bus,Unknown,0,Police
A302245,2024-06-09,20:47,Delhi,28.574497,71.751641,Hazy,Minor,Car,Speeding,0,Police
A302246,2025-04-24,15:24,Mumbai,12.242648,72.477083,Rain,Minor,Truck,Mechanical Failure,0,Police
A302247,2021-11-26,07:42,Kolkata,27.045577,68.403984,Hazy,Severe,Bicycle,Speeding,0,Hospital
A302248,2023-01-18,09:41,Kolkata,20.40914,70.594389,Rain,Minor,Truck,Bad Road,1,Police
A302249,2022-04-19,11:54,Pune,15.918554,71.471516,Clear,Moderate,Pedestrian,Drunk Driving,1,Police
A302250,2022-11-11,14:01,Kolkata,12.140134,68.924107,Clear,Minor,Pedestrian,Weather,0,Police
A302251,2023-08-07,18:29,Mumbai,26.568433,76.561063,Rain,Severe,Bus,Weather,1,Police
A302252,2022-10-07,16:14,Kolkata,16.485995,77.637284,Clear,Minor,Motorcycle,Unknown,0,Police
A302253,2024-09-24,03:14,Bengaluru,27.696206,69.124041,Fog,Minor,Bus,Weather,0,Police
A302254,2023-08-15,19:20,Surat,21.811459,75.275214,Clear,Moderate,Bus,Drunk Driving,0,Police
A302255,2022-01-28,15:49,Delhi,22.642435,72.701878,Clear,Minor,Bus,Weather,1,Police
A302256,2025-09-28,00:43,Bengaluru,21.133757,70.608779,Rain,Minor,Car,Speeding,0,Citizen
A302257,2023-05-26,19:44,Kolkata,18.64379,74.568054,Clear,Moderate,Truck,Mechanical Failure,0,Police
A302258,2023-09-20,01:56,Chennai,16.033465,73.235486,Clear,Minor,Motorcycle,Speeding,0,Police
A302259,2022-09-27,17:46,Delhi,11.539053,73.140451,Clear,Minor,Pedestrian,Drunk Driving,0,Hospital
A302260,2025-07-12,16:08,Pune,8.110449,75.365645,Clear,Moderate,Motorcycle,Bad Road,0,Hospital
A302261,2021-04-23,20:18,Jaipur,18.048438,70.386419,Rain,Fatal,Car,Distracted,0,Police
A302262,2025-09-12,22:21,Hyderabad,23.567118,76.505303,Clear,Minor,Car,Distracted,0,Hospital
A302263,2024-04-06,07:51,Jaipur,17.48786,70.833331,Clear,Minor,Bicycle,Bad Road,0,Citizen
A302264,2023-08-07,20:35,Delhi,8.160283,74.411616,Clear,Moderate,Motorcycle,Weather,0,Police
A302265,2023-11-29,18:26,Hyderabad,10.145199,73.091458,Fog,Minor,Car,Distracted,0,Police
A302266,2023-09-17,01:22,Jaipur,8.723931,74.182893,Rain,Severe,Motorcycle,Drunk Driving,1,Police
A302267,2023-08-22,02:21,Pune,23.575944,70.221258,Clear,Moderate,Motorcycle,Speeding,1,Police
A302268,2021-02-05,19:32,Lucknow,22.309755,73.702037,Clear,Severe,Truck,Drunk Driving,0,Police
A302269,2021-09-08,04:12,Bengaluru,20.284145,71.37654,Clear,Moderate,Truck,Weather,1,Hospital
A302270,2021-03-23,14:48,Kolkata,16.403028,68.892058,Clear,Minor,Motorcycle,Speeding,1,Police
A302271,2021-11-05,15:57,Delhi,21.519243,77.448306,Rain,Minor,Truck,Weather,1,Police
A302272,2021-06-17,19:51,Jaipur,12.212778,71.759492,Fog,Moderate,Car,Bad Road,0,Police
A302273,2024-11-11,01:55,Chennai,28.217532,68.975527,Rain,Severe,Motorcycle,Distracted,1,Citizen
A302274,2025-04-09,11:56,Kolkata,11.800161,76.885053,Clear,Moderate,Truck,Unknown,1,Citizen
A302275,2023-03-14,03:45,Jaipur,14.030918,74.998254,Hazy,Moderate,Car,Bad Road,0,Citizen
A302276,2022-10-16,13:42,Hyderabad,15.876372,74.723011,Clear,Minor,Car,Speeding,0,Citizen
A302277,2025-05-30,10:55,Pune,21.032911,71.004316,Hazy,Moderate,Bus,Weather,0,Citizen
A302278,2021-07-03,15:01,Bengaluru,12.272905,72.268184,Clear,Minor,Motorcycle,Unknown,1,Police
A302279,2021-04-20,20:41,Delhi,25.193704,74.804677,Clear,Fatal,Bus,Distracted,1,Police
A302280,2023-01-22,15:58,Surat,16.2834,75.331899,Fog,Minor,Car,Mechanical Failure,0,Police
A302281,2025-08-28,00:54,Pune,17.06547,72.448987,Clear,Minor,Car,Speeding,0,Police
A302282,2023-01-19,19:38,Chennai,13.167105,70.070236,Rain,Moderate,Car,Weather,0,Hospital
A302283,2023-09-01,09:04,Jaipur,10.0075,74.286254,Clear,Moderate,Pedestrian,Mechanical Failure,0,Police
A302284,2022-08-21,16:47,Jaipur,27.764669,76.788955,Rain,Moderate,Car,Weather,0,Police
A302285,2025-01-24,20:39,Pune,9.845494,73.339445,Hazy,Moderate,Bus,Speeding,0,Citizen
A302286,2024-05-05,18:04,Bengaluru,9.469031,71.985626,Clear,Minor,Car,Speeding,0,Citizen
A302287,2023-01-06,08:06,Kolkata,11.559851,69.206692,Rain,Moderate,Car,Bad Road,1,Police
A302288,2022-06-30,15:49,Bengaluru,15.903459,68.916005,Fog,Moderate,Motorcycle,Bad Road,0,Police
A302289,2023-03-29,05:05,Mumbai,23.995263,74.174274,Rain,Minor,Truck,Weather,1,Police
A302290,2023-10-23,01:51,Lucknow,14.27787,73.989965,Rain,Minor,Car,Weather,0,Police
A302291,2022-10-25,14:55,Delhi,14.789379,73.95111,Storm,Minor,Motorcycle,Unknown,0,Insurance
A302292,2025-01-27,17:22,Delhi,27.346178,68.795558,Rain,Minor,Motorcycle,Weather,0,Police
A302293,2025-02-25,03:58,Kolkata,24.893208,73.209926,Fog,Severe,Car,Unknown,0,Police
A302294,2022-05-03,13:25,Lucknow,24.051035,77.438322,Clear,Moderate,Bus,Weather,0,Hospital
A302295,2021-11-20,14:46,Bengaluru,18.618094,74.727719,Clear,Minor,Motorcycle,Drunk Driving,0,Police
A302296,2021-06-10,12:21,Lucknow,17.969576,68.475609,Fog,Minor,Motorcycle,Drunk Driving,0,Citizen
A302297,2024-12-04,02:36,Hyderabad,23.288368,68.237233,Clear,Moderate,Truck,Distracted,0,Police
A302298,2021-02-07,20:48,Lucknow,24.783753,69.917684,Fog,Moderate,Car,Drunk Driving,0,Citizen
A302299,2022-02-15,22:27,Mumbai,17.32209,69.704097,Rain,Severe,Car,Drunk Driving,0,Police
A302300,2022-04-17,14:32,Bengaluru,26.428338,68.231809,Clear,Severe,Motorcycle,Distracted,0,Police
A302301,2023-09-13,18:09,Surat,26.629241,77.27927,Clear,Severe,Motorcycle,Unknown,0,Police
A302302,2023-10-02,17:09,Lucknow,21.21505,75.935947,Hazy,Minor,Car,Distracted,2,Police
A302303,2022-07-03,01:45,Mumbai,14.628572,72.804926,Rain,Severe,Bus,Drunk Driving,0,Insurance
A302304,2024-12-09,16:22,Jaipur,12.661707,72.462525,Rain,Minor,Car,Drunk Driving,1,Insurance
A302305,2022-02-05,06:28,Chennai,18.52845,72.460895,Rain,Moderate,Car,Unknown,0,Police
A302306,2022-10-22,03:28,Chennai,20.830377,71.661165,Clear,Moderate,Motorcycle,Unknown,0,Police
A302307,2025-07-19,04:46,Bengaluru,23.943198,75.505182,Fog,Minor,Motorcycle,Weather,0,Police
A302308,2022-12-17,02:14,Chennai,22.519368,72.384798,Rain,Severe,Car,Unknown,0,Hospital
A302309,2025-07-30,19:08,Bengaluru,19.887249,74.545429,Hazy,Moderate,Car,Bad Road,0,Police
A302310,2024-03-23,12:05,Hyderabad,8.858945,69.547426,Clear,Moderate,Car,Speeding,0,Police
A302311,2022-05-18,04:52,Chennai,14.527268,71.737877,Clear,Moderate,Truck,Distracted,0,Police
A302312,2022-01-28,18:32,Kolkata,24.04866,68.545134,Clear,Moderate,Bicycle,Distracted,0,Citizen
A302313,2021-01-06,12:58,Jaipur,23.845561,73.338509,Clear,Moderate,Motorcycle,Drunk Driving,0,Police
A302314,2024-05-14,11:04,Pune,25.41554,73.090084,Fog,Moderate,Motorcycle,Unknown,0,Hospital
A302315,2021-06-29,18:26,Hyderabad,16.062145,68.943662,Clear,Minor,Bus,Bad Road,0,Police
A302316,2025-07-13,22:44,Jaipur,15.872909,75.349304,Clear,Minor,Car,Unknown,0,Police
A302317,2025-05-07,06:57,Surat,27.579504,70.694323,Clear,Moderate,Motorcycle,Speeding,0,Insurance
A302318,2025-01-06,16:55,Surat,25.072059,74.307202,Hazy,Minor,Motorcycle,Drunk Driving,0,Police
A302319,2023-03-10,20:11,Pune,24.098949,75.655893,Clear,Severe,Truck,Mechanical Failure,0,Citizen
A302320,2021-07-08,04:37,Kolkata,8.719266,74.160463,Clear,Severe,Car,Unknown,0,Hospital
A302321,2024-10-02,01:47,Lucknow,16.294403,72.243853,Clear,Severe,Car,Mechanical Failure,0,Hospital
A302322,2021-08-10,06:48,Jaipur,21.454473,69.233775,Clear,Minor,Bus,Distracted,2,Police
A302323,2022-05-22,11:16,Hyderabad,9.475442,77.08632,Clear,Moderate,Bus,Unknown,0,Hospital
A302324,2023-06-27,15:06,Kolkata,17.107305,70.709734,Storm,Minor,Car,Mechanical Failure,0,Police
A302325,2022-06-29,16:47,Bengaluru,27.102055,75.099633,Clear,Moderate,Truck,Weather,1,Police
A302326,2021-03-07,03:53,Surat,25.203765,69.119876,Storm,Minor,Bus,Weather,0,Police
A302327,2024-12-19,04:22,Kolkata,8.845864,68.33816,Clear,Moderate,Bus,Distracted,0,Insurance
A302328,2024-04-16,00:28,Jaipur,13.197734,70.170782,Clear,Minor,Bus,Distracted,0,Police
A302329,2023-11-22,14:23,Delhi,23.267681,70.052854,Hazy,Minor,Bus,Distracted,0,Police
A302330,2021-01-11,10:42,Delhi,17.426554,73.784334,Hazy,Severe,Motorcycle,Drunk Driving,0,Citizen
A302331,2021-03-06,03:58,Kolkata,14.23397,71.561334,Clear,Minor,Car,Bad Road,0,Police
A302332,2023-05-29,19:12,Lucknow,28.480472,71.423351,Clear,Moderate,Motorcycle,Mechanical Failure,1,Citizen
A302333,2025-05-25,00:48,Jaipur,18.35906,74.967414,Clear,Minor,Truck,Weather,0,Police
A302334,2023-10-17,03:21,Surat,26.41316,70.930701,Clear,Minor,Motorcycle,Distracted,0,Citizen
A302335,2022-12-02,22:36,Bengaluru,23.339808,70.846726,Rain,Moderate,Car,Unknown,1,Police
A302336,2024-12-29,09:38,Hyderabad,13.706846,68.469636,Clear,Minor,Bus,Distracted,0,Police
A302337,2023-10-18,14:01,Surat,19.867235,69.174398,Clear,Severe,Bicycle,Drunk Driving,0,Citizen
A302338,2023-10-15,14:12,Bengaluru,10.995483,72.650862,Clear,Severe,Truck,Mechanical Failure,1,Hospital
A302339,2025-07-14,11:28,Delhi,25.408798,68.752639,Clear,Minor,Car,Speeding,0,Police
A302340,2021-03-28,15:51,Kolkata,11.709253,77.046998,Clear,Moderate,Car,Distracted,0,Police
A302341,2025-05-17,09:09,Jaipur,20.804446,73.858403,Hazy,Moderate,Bus,Distracted,0,Hospital
A302342,2024-07-21,10:35,Mumbai,24.579306,75.304887,Clear,Minor,Car,Bad Road,0,Citizen
A302343,2023-01-09,02:20,Delhi,23.196672,73.371115,Clear,Moderate,Truck,Unknown,1,Police
A302344,2023-06-20,00:40,Jaipur,25.272134,71.73208,Hazy,Minor,Motorcycle,Drunk Driving,0,Police
A302345,2022-01-21,18:47,Pune,17.318984,68.258066,Fog,Minor,Motorcycle,Unknown,0,Police
A302346,2025-04-21,11:17,Jaipur,27.483998,75.285633,Clear,Minor,Motorcycle,Drunk Driving,0,Police
A302347,2025-04-21,22:42,Surat,19.496875,70.429651,Rain,Moderate,Car,Weather,1,Citizen
A302348,2022-09-10,13:23,Delhi,14.969462,70.342185,Rain,Minor,Bus,Distracted,0,Insurance
A302349,2021-04-05,07:10,Pune,21.090444,70.05184,Clear,Minor,Car,Drunk Driving,0,Citizen
A302350,2025-01-16,19:42,Chennai,27.744106,73.773652,Clear,Minor,Motorcycle,Drunk Driving,1,Citizen
A302351,2021-04-12,01:21,Chennai,23.420459,68.339767,Clear,Fatal,Motorcycle,Distracted,0,Police
A302352,2022-08-01,16:50,Kolkata,27.729709,74.768752,Rain,Severe,Car,Drunk Driving,0,Police
A302353,2023-07-07,06:23,Pune,14.565226,70.238686,Clear,Minor,Car,Unknown,0,Police
A302354,2024-05-24,20:44,Bengaluru,10.813602,73.220749,Clear,Moderate,Motorcycle,Weather,0,Police
A302355,2025-07-18,05:00,Mumbai,19.877626,75.687678,Clear,Moderate,Pedestrian,Weather,0,Police
A302356,2023-11-12,12:05,Delhi,20.270367,68.299678,Hazy,Minor,Bus,Unknown,0,Police
A302357,2022-12-14,01:03,Kolkata,8.599765,76.93917,Fog,Moderate,Car,Bad Road,1,Hospital
A302358,2025-07-04,08:11,Chennai,19.810514,74.572969,Storm,Severe,Motorcycle,Unknown,1,Citizen
A302359,2024-05-22,16:14,Kolkata,23.545039,71.254807,Clear,Fatal,Motorcycle,Bad Road,0,Hospital
A302360,2023-07-11,20:03,Mumbai,9.673763,75.645718,Clear,Moderate,Car,Unknown,0,Police
A302361,2022-12-21,06:36,Chennai,16.305453,71.143224,Clear,Minor,Truck,Speeding,0,Citizen
A302362,2022-05-16,17:48,Jaipur,21.674335,72.238101,Rain,Minor,Car,Unknown,0,Police
A302363,2022-03-20,07:06,Kolkata,25.053075,68.470659,Clear,Minor,Car,Mechanical Failure,1,Citizen
A302364,2024-04-17,04:44,Bengaluru,14.819218,76.505132,Clear,Moderate,Motorcycle,Drunk Driving,0,Citizen
A302365,2021-06-23,21:53,Chennai,13.769677,69.329552,Hazy,Minor,Bus,Speeding,0,Police
A302366,2022-03-22,14:24,Hyderabad,23.286604,74.521839,Rain,Minor,Car,Mechanical Failure,0,Police
A302367,2022-06-01,01:58,Chennai,8.325842,75.420188,Fog,Severe,Pedestrian,Bad Road,1,Police
A302368,2023-09-24,12:15,Chennai,8.954102,75.467386,Clear,Minor,Car,Drunk Driving,0,Police
A302369,2024-08-11,14:12,Chennai,23.682405,75.773108,Clear,Fatal,Motorcycle,Unknown,0,Hospital
A302370,2025-06-14,00:52,Hyderabad,14.104596,75.782369,Clear,Minor,Motorcycle,Unknown,0,Hospital
A302371,2025-05-26,01:01,Lucknow,17.412558,70.360888,Clear,Severe,Bus,Bad Road,0,Police
A302372,2023-11-21,07:12,Pune,23.155524,68.067539,Fog,Minor,Bus,Bad Road,0,Police
A302373,2021-09-21,03:53,Mumbai,27.74997,77.407199,Clear,Minor,Car,Unknown,1,Police
A302374,2021-10-29,00:15,Bengaluru,9.153821,68.315328,Clear,Minor,Motorcycle,Speeding,1,Citizen
A302375,2025-03-07,02:34,Lucknow,15.026147,73.847305,Snow (rare),Minor,Bicycle,Drunk Driving,0,Police
A302376,2025-07-18,14:48,Kolkata,28.483009,76.425936,Rain,Minor,Car,Mechanical Failure,0,Police
A302377,2025-06-23,19:09,Bengaluru,15.203143,76.898574,Clear,Minor,Motorcycle,Speeding,1,Police
A302378,2023-12-17,17:44,Hyderabad,26.425434,74.623814,Fog,Minor,Bicycle,Unknown,1,Police
A302379,2024-08-25,11:57,Surat,22.286285,68.704991,Clear,Minor,Truck,Distracted,0,Hospital
A302380,2022-11-17,15:00,Mumbai,24.323964,70.821479,Clear,Severe,Car,Drunk Driving,0,Hospital
A302381,2025-06-16,20:43,Kolkata,8.108823,73.314213,Fog,Minor,Motorcycle,Unknown,0,Police
A302382,2021-03-15,17:36,Hyderabad,22.305287,75.119696,Clear,Moderate,Motorcycle,Bad Road,0,Hospital
A302383,2025-06-30,08:09,Lucknow,17.039139,71.719616,Hazy,Minor,Car,Mechanical Failure,1,Insurance
A302384,2024-09-26,05:46,Hyderabad,17.835591,69.152253,Clear,Moderate,Car,Mechanical Failure,0,Citizen
A302385,2022-02-21,06:28,Lucknow,18.887925,74.236127,Rain,Minor,Bus,Mechanical Failure,0,Police
A302386,2024-04-24,08:28,Delhi,26.151531,70.220968,Clear,Severe,Motorcycle,Speeding,0,Police
A302387,2021-08-15,11:09,Chennai,19.502986,76.358053,Storm,Minor,Car,Weather,0,Police
A302388,2025-02-14,18:15,Surat,20.601118,69.563724,Fog,Severe,Car,Mechanical Failure,0,Police
A302389,2023-07-10,20:58,Bengaluru,8.314636,69.929476,Clear,Fatal,Motorcycle,Unknown,0,Police
A302390,2025-02-14,11:58,Surat,25.205657,74.463858,Rain,Minor,Truck,Mechanical Failure,1,Police
A302391,2023-11-24,22:19,Hyderabad,14.314906,74.215308,Rain,Minor,Truck,Mechanical Failure,0,Police
A302392,2023-05-23,20:51,Jaipur,23.363029,68.033763,Clear,None,Pedestrian,Distracted,0,Police
A302393,2023-03-02,19:00,Lucknow,27.424176,73.47612,Clear,Minor,Motorcycle,Distracted,0,Citizen
A302394,2023-12-07,16:06,Hyderabad,15.001566,69.328644,Clear,Minor,Car,Mechanical Failure,0,Citizen
A302395,2022-01-10,16:40,Hyderabad,16.467891,68.455184,Clear,Moderate,Truck,Unknown,1,Citizen
A302396,2021-04-26,17:36,Bengaluru,15.159942,68.04527,Storm,Minor,Bus,Bad Road,0,Citizen
A302397,2023-06-05,13:21,Lucknow,16.582228,75.296948,Rain,Moderate,Car,Weather,1,Citizen
A302398,2024-07-27,10:20,Bengaluru,15.457165,72.214089,Hazy,Moderate,Bicycle,Distracted,0,Insurance
A302399,2023-02-01,16:58,Delhi,23.220566,68.995467,Clear,Minor,Car,Drunk Driving,0,Hospital
A302400,2022-02-11,01:55,,24.071473,76.77804,Fog,Minor,Motorcycle,Weather,2,Citizen
A302401,2022-05-04,08:06,Mumbai,15.982847,68.470528,Rain,Minor,Car,Drunk Driving,0,Citizen
A302402,2024-12-22,05:29,Surat,24.894891,73.141669,Clear,Moderate,Bus,Unknown,0,Hospital
A302403,2024-08-05,11:05,Lucknow,19.673354,70.316233,Fog,Minor,Car,Speeding,0,Police
A302404,2021-11-05,18:36,Surat,22.927329,77.262261,Clear,Moderate,Truck,Weather,0,Citizen
A302405,2021-08-13,02:12,Pune,21.70323,68.642772,Clear,Severe,Bus,Drunk Driving,2,Police
A302406,2023-09-20,06:21,Hyderabad,25.17735,76.352412,Clear,None,Motorcycle,Distracted,0,Citizen
A302407,2023-02-17,01:45,Bengaluru,21.163231,69.981901,Hazy,Minor,Motorcycle,Bad Road,0,Citizen
A302408,2024-09-16,18:29,Lucknow,20.617548,72.872191,Clear,Fatal,Pedestrian,Weather,0,Citizen
A302409,2025-03-25,10:51,Jaipur,17.233065,70.485494,Hazy,Moderate,Motorcycle,Bad Road,0,Citizen
A302410,2024-06-02,11:34,Chennai,20.014497,69.488365,Clear,Minor,Motorcycle,Weather,0,Insurance
A302411,2023-11-14,00:58,Delhi,8.903883,74.184374,Clear,Moderate,Bus,Speeding,0,Insurance
A302412,2022-02-27,09:35,Kolkata,20.154254,73.739322,Clear,Minor,Bus,Unknown,0,Police
A302413,2024-10-29,08:04,Delhi,10.442882,75.674123,Rain,Moderate,Truck,Mechanical Failure,0,Police
A302414,2025-02-11,14:27,Delhi,10.375417,72.287969,Clear,Minor,Bus,Unknown,0,Citizen
A302415,2024-09-05,19:24,Surat,9.265737,73.755184,Rain,Minor,Bicycle,Unknown,0,Police
A302416,2024-12-30,02:07,Surat,28.654147,74.162036,Rain,Severe,Car,Mechanical Failure,0,Insurance
A302417,2023-06-02,21:57,Lucknow,15.491271,71.741914,Rain,Minor,Car,Weather,0,Police
A302418,2023-01-28,17:51,Delhi,27.266447,69.420757,Fog,Moderate,Motorcycle,Unknown,0,Citizen
A302419,2023-04-01,04:31,Jaipur,19.977117,75.486499,Clear,Minor,Bus,Drunk Driving,0,Citizen
A302420,2021-12-29,15:16,Bengaluru,12.416366,68.546071,Clear,Fatal,Car,Unknown,0,Citizen
A302421,2024-12-09,01:20,Delhi,26.049833,72.207864,Clear,Minor,Car,Distracted,1,Police
A302422,2025-01-16,11:25,Surat,20.349638,73.248931,Clear,Minor,Bus,Weather,2,Citizen
A302423,2022-03-21,08:48,Delhi,14.729441,77.361141,Rain,Minor,Car,Distracted,0,Police
A302424,2025-03-15,16:50,Jaipur,23.370542,70.830653,Clear,Minor,Motorcycle,Bad Road,0,Citizen
A302425,2021-05-22,00:32,Delhi,25.114063,68.730383,Fog,Minor,Bus,Speeding,1,Citizen
A302426,2023-10-19,02:27,Kolkata,24.702456,75.218995,Rain,Minor,Motorcycle,Distracted,0,Citizen
A302427,2023-04-01,15:10,Lucknow,27.89006,74.297203,Clear,Minor,Bus,Bad Road,0,Police
A302428,2025-08-31,22:54,Bengaluru,24.572421,76.343888,Clear,Severe,Car,Speeding,0,Police
A302429,2021-03-23,21:08,Pune,24.327698,73.481205,Clear,Minor,Motorcycle,Speeding,1,Police
A302430,2025-04-15,04:51,Chennai,28.002057,68.957028,Clear,Minor,Car,Speeding,0,Police
A302431,2023-07-28,12:50,Kolkata,16.785197,77.264978,Clear,Moderate,Pedestrian,Unknown,0,Citizen
A302432,2024-07-28,21:40,Bengaluru,20.868508,69.770622,Clear,Minor,Car,Bad Road,0,Citizen
A302433,2024-05-10,18:27,Delhi,26.67497,75.111407,Rain,Moderate,Motorcycle,Drunk Driving,0,Police
A302434,2025-05-28,13:05,Delhi,10.156513,77.403357,Clear,Minor,Truck,Drunk Driving,0,Police
A302435,2024-05-02,11:32,Hyderabad,12.962673,77.168847,Fog,Minor,Motorcycle,Bad Road,1,Police
A302436,2024-10-12,02:09,Surat,25.621985,71.11172,Rain,Moderate,Car,Weather,0,Hospital
A302437,2023-04-18,16:12,Delhi,9.560077,75.873991,Rain,Severe,Motorcycle,Weather,1,Citizen
A302438,2022-11-26,15:22,Chennai,15.33451,73.01481,Clear,Moderate,Car,Speeding,0,Police
A302439,2024-06-07,19:01,Delhi,19.060971,73.24627,Clear,Minor,Car,Drunk Driving,0,Citizen
A302440,2023-09-20,17:45,Hyderabad,27.495553,74.477328,Clear,Minor,Motorcycle,Mechanical Failure,0,Police
A302441,2021-09-20,04:15,Chennai,10.083189,69.34898,Clear,Minor,Bus,Distracted,2,Police
A302442,2021-11-20,11:53,Bengaluru,17.269477,72.53184,Fog,Minor,Pedestrian,Weather,0,Police
A302443,2022-11-14,04:58,Pune,22.572297,77.275069,Clear,Severe,Truck,Drunk Driving,1,Police
A302444,2023-10-23,14:56,Delhi,12.018922,73.164325,Hazy,Minor,Car,Unknown,1,Police
A302445,2024-04-17,13:14,Bengaluru,21.280791,73.236354,Rain,Minor,Motorcycle,Bad Road,0,Insurance
A302446,2021-03-21,15:44,Kolkata,12.757821,68.038579,Storm,Minor,Car,Drunk Driving,1,Police
A302447,2022-02-24,09:10,Lucknow,25.448396,73.109232,Clear,Moderate,Motorcycle,Bad Road,1,Police
A302448,2024-04-27,19:44,Pune,11.508648,75.140739,Hazy,Moderate,Bus,Bad Road,0,Police
A302449,2024-12-22,10:52,Jaipur,9.882109,76.705276,Storm,Minor,Car,Bad Road,0,Police
A302450,2021-02-07,07:39,Chennai,20.732095,69.586946,Rain,Fatal,Car,Distracted,0,Police
A302451,2022-11-27,10:24,Kolkata,17.752679,73.005887,Clear,Moderate,Motorcycle,Mechanical Failure,1,Citizen
A302452,2024-10-08,16:00,Kolkata,25.560322,75.410762,Clear,Moderate,Truck,Mechanical Failure,0,Police
A302453,2022-08-04,04:55,Chennai,19.112073,76.253012,Fog,Minor,Car,Bad Road,1,Police
A302454,2021-06-22,14:20,Chennai,15.087462,70.069718,Clear,Minor,Truck,Bad Road,0,Citizen
A302455,2023-11-04,19:08,Kolkata,22.88554,74.5535,Clear,Moderate,Car,Speeding,0,Insurance
A302456,2024-10-12,12:07,Chennai,16.976592,73.163046,Fog,Minor,Car,Speeding,0,Police
A302457,2021-02-25,07:14,Bengaluru,11.98115,71.819345,Clear,Moderate,Car,Mechanical Failure,0,Police
A302458,2022-04-17,07:41,Mumbai,17.226798,76.677823,Rain,Minor,Car,Drunk Driving,0,Police
A302459,2025-08-17,15:51,Surat,21.86768,70.090988,Clear,Moderate,Car,Bad Road,0,Citizen
A302460,2021-11-11,11:58,Hyderabad,9.121935,68.917988,Rain,Moderate,Car,Distracted,1,Citizen
A302461,2021-10-07,19:24,Chennai,10.180145,69.342667,Fog,Moderate,Motorcycle,Unknown,1,Hospital
A302462,2021-10-03,13:41,Bengaluru,10.663982,69.985456,Clear,Minor,Bicycle,Bad Road,1,Police
A302463,2025-06-20,18:00,Surat,22.558695,73.87742,Clear,Moderate,Bus,Weather,0,Police
A302464,2024-08-03,06:28,Delhi,27.286413,68.780102,Rain,Minor,Car,Speeding,1,Police
A302465,2025-04-21,17:54,Lucknow,21.128851,72.079303,Rain,Minor,Car,Bad Road,0,Police
A302466,2022-06-21,12:23,Kolkata,12.598898,76.277449,Fog,Minor,Car,Speeding,0,Police
A302467,2025-03-14,01:28,Pune,24.163783,72.123264,Rain,Minor,Pedestrian,Drunk Driving,0,Citizen
A302468,2021-06-26,20:05,Pune,27.659278,72.736192,Storm,Minor,Car,Speeding,0,Citizen
A302469,2021-11-16,15:54,Kolkata,19.0258,74.86994,Clear,Moderate,Car,Drunk Driving,0,Police
A302470,2023-12-29,22:05,Delhi,18.746153,73.553503,Snow (rare),Minor,Car,Mechanical Failure,0,Citizen
A302471,2023-12-27,14:35,Lucknow,24.644494,72.896609,Clear,Minor,Truck,Unknown,0,Police
A302472,2025-02-27,16:48,Lucknow,21.103757,74.610257,Clear,Minor,Motorcycle,Weather,0,Police
A302473,2023-11-07,02:53,Bengaluru,10.209396,77.232499,Clear,Minor,Bicycle,Speeding,1,Police
A302474,2023-12-21,01:23,Surat,20.18694,68.126067,Rain,Minor,Bus,Weather,0,Insurance
A302475,2022-01-07,03:18,Bengaluru,27.886858,71.668062,Clear,Moderate,Car,Drunk Driving,0,Police
A302476,2024-02-01,19:55,Pune,26.836711,69.859847,Clear,Moderate,Bicycle,Distracted,0,Police
A302477,2022-10-18,13:20,Delhi,19.549799,71.519422,Rain,Minor,Truck,Weather,2,Police
A302478,2021-08-10,13:50,Delhi,14.72376,76.153856,Clear,Minor,Bus,Drunk Driving,0,Citizen
A302479,2025-01-24,07:32,Jaipur,18.532374,75.912847,Rain,Minor,Car,Drunk Driving,0,Police
A302480,2021-02-24,20:13,Mumbai,12.862324,77.39508,Clear,Minor,Bus,Mechanical Failure,0,Police
A302481,2025-05-16,20:14,Kolkata,17.598866,77.371886,Clear,Minor,Bicycle,Bad Road,0,Police
A302482,2021-09-05,15:32,Surat,12.964294,69.39977,Rain,Minor,Car,Drunk Driving,0,Police
A302483,2025-09-14,20:48,,10.474615,74.040073,Storm,Fatal,Car,Distracted,0,Insurance
A302484,2022-01-25,07:03,Chennai,21.683621,73.173306,Fog,Fatal,Car,Distracted,0,Police
A302485,2023-11-25,17:34,Kolkata,10.660362,74.422972,Clear,Minor,Motorcycle,Drunk Driving,0,Police
A302486,2022-09-20,15:55,Chennai,16.20964,69.877922,Hazy,Moderate,Car,Drunk Driving,1,Citizen
A302487,2023-07-19,20:34,Hyderabad,10.988036,71.824062,Clear,Severe,Bus,Distracted,0,Police
A302488,2022-02-10,11:21,Lucknow,10.988895,75.012617,Fog,Minor,Bus,Bad Road,0,Citizen
A302489,2025-06-19,15:41,Surat,13.959614,74.284182,Clear,Moderate,Motorcycle,Speeding,1,Citizen
A302490,2022-08-12,19:29,Bengaluru,12.351196,74.727536,Fog,Severe,Bus,Weather,1,Police
A302491,2021-03-26,05:41,Mumbai,8.915719,72.396856,Clear,Minor,Bus,Distracted,0,Police
A302492,2023-03-23,15:33,Mumbai,12.872716,75.698785,Clear,Minor,Motorcycle,Bad Road,0,Citizen
A302493,2022-05-27,12:45,Lucknow,21.220787,68.022593,Rain,Fatal,Car,Distracted,0,Police
A302494,2023-05-17,03:42,Lucknow,23.251294,77.647945,Hazy,Minor,Car,Unknown,0,Police
A302495,2022-01-01,14:27,Jaipur,24.084641,77.062455,Hazy,Severe,Motorcycle,Distracted,0,Hospital
A302496,2024-03-02,03:14,Surat,11.608533,75.539651,Clear,Moderate,Truck,Bad Road,0,Citizen
A302497,2022-10-31,17:40,Hyderabad,15.693919,74.778307,Clear,Minor,Car,Mechanical Failure,0,Police
A302498,2023-07-20,02:04,Lucknow,18.507051,68.191026,Rain,Moderate,Motorcycle,Speeding,0,Citizen
A302499,2022-04-20,06:42,Kolkata,24.844967,69.091748,Clear,Fatal,Car,Weather,0,Police
A302500,2024-08-09,10:20,Pune,25.28514,70.360826,Rain,Minor,Car,Distracted,1,Hospital
A302501,2023-01-07,01:54,Mumbai,16.813774,72.160557,Rain,Minor,Car,Speeding,0,Insurance
A302502,2022-04-28,14:30,Pune,10.489511,68.865428,Clear,Moderate,Bicycle,Bad Road,2,Police
A302503,2025-06-08,11:57,Chennai,8.067337,71.835493,Clear,Moderate,Car,Distracted,2,Hospital
A302504,2023-06-24,15:08,Delhi,20.01701,73.231722,Clear,Minor,Motorcycle,Bad Road,0,Citizen
A302505,2024-03-19,16:57,Delhi,26.615787,75.804388,Clear,Minor,Car,Mechanical Failure,0,Hospital
A302506,2023-04-17,06:46,Pune,16.586115,72.919009,Rain,Minor,Car,Speeding,0,Police
A302507,2025-09-05,17:29,Chennai,20.013009,70.012111,Hazy,Minor,Motorcycle,Distracted,0,Citizen
A302508,2024-03-12,21:18,Pune,17.167973,73.982529,Rain,Minor,Truck,Speeding,0,Citizen
A302509,2023-10-28,14:11,Jaipur,8.674586,76.821991,Clear,Fatal,Car,Drunk Driving,0,Police
A302510,2023-08-29,12:32,Hyderabad,20.185379,76.554584,Clear,Minor,Motorcycle,Unknown,1,Police
A302511,2025-05-24,07:26,Hyderabad,25.349019,68.155785,Rain,Moderate,Motorcycle,Speeding,1,Police
A302512,2025-09-15,18:46,Jaipur,21.200843,68.469337,Clear,Severe,Car,Unknown,1,Police
A302513,2022-12-20,11:51,Hyderabad,14.846033,77.480343,Clear,Minor,Pedestrian,Weather,0,Police
A302514,2024-07-28,10:04,Hyderabad,22.34677,68.414785,Clear,Minor,Car,Unknown,2,Police
A302515,2023-06-30,22:12,Jaipur,16.154573,72.885081,Rain,Minor,Car,Mechanical Failure,0,Citizen
A302516,2022-12-24,15:38,Surat,9.995985,76.07538,Fog,Moderate,Car,Mechanical Failure,0,Citizen
A302517,2024-11-06,06:17,Chennai,16.05237,72.425252,Storm,Minor,Motorcycle,Distracted,0,Police
A302518,2021-08-22,21:51,Bengaluru,27.640111,76.257479,Clear,Minor,Bus,Speeding,1,Police
A302519,2025-04-14,12:36,Lucknow,14.036943,69.090877,Rain,Minor,Motorcycle,Mechanical Failure,0,Police
A302520,2023-05-08,19:33,Kolkata,8.162713,74.493499,Hazy,Minor,Bus,Speeding,0,Police
A302521,2021-04-02,14:20,Bengaluru,19.012716,70.481818,Hazy,None,Bus,Drunk Driving,0,Hospital
A302522,2021-01-19,20:37,Mumbai,22.064738,77.520137,Fog,Moderate,Car,Unknown,1,Hospital
A302523,2024-06-03,10:44,Hyderabad,20.338221,69.53906,Clear,Moderate,Car,Bad Road,1,Police
A302524,2021-12-28,07:55,Delhi,12.350969,69.52631,Rain,Minor,Car,Weather,1,Citizen
A302525,2021-06-04,17:27,Jaipur,25.105089,76.384379,Clear,Moderate,Car,Weather,0,Police
A302526,2021-02-06,00:45,Mumbai,20.88219,72.126741,Clear,Moderate,Motorcycle,Weather,1,Police
A302527,2023-02-04,13:29,Surat,17.669191,77.022375,Clear,Minor,Car,Distracted,0,Police
A302528,2024-03-30,02:20,Lucknow,26.215573,69.70282,Clear,Minor,Car,Weather,0,Citizen
A302529,2024-04-11,09:46,Bengaluru,10.852934,75.433166,Fog,Minor,Car,Weather,1,Police
A302530,2021-04-28,07:58,Bengaluru,21.703621,74.653445,Clear,Severe,Car,Speeding,0,Citizen
A302531,2021-06-15,13:57,Delhi,17.654743,73.964515,Hazy,Severe,Car,Mechanical Failure,0,Police
A302532,2024-09-22,12:32,Jaipur,20.761445,74.758396,Fog,Severe,Car,Speeding,1,Police
A302533,2022-06-17,09:04,Bengaluru,19.055909,73.556275,Clear,Minor,Car,Distracted,1,Police
A302534,2023-05-05,08:25,Hyderabad,28.210325,75.434636,Clear,Moderate,Car,Unknown,0,Police
A302535,2021-02-13,10:41,Jaipur,20.74058,69.905109,Hazy,Minor,Motorcycle,Distracted,0,Hospital
A302536,2025-05-24,02:09,Chennai,13.876906,70.204307,Clear,Minor,Truck,Unknown,0,Police
A302537,2023-05-06,15:46,Surat,26.373015,69.201902,Clear,Minor,Car,Distracted,0,Citizen
A302538,2024-04-11,04:58,Hyderabad,9.782342,68.446353,Fog,Moderate,Bus,Bad Road,1,Police
A302539,2023-12-10,08:20,Chennai,10.773024,77.326714,Clear,Moderate,Car,Distracted,0,Police
A302540,2023-12-16,19:05,Hyderabad,13.469389,77.602064,Clear,Severe,Car,Drunk Driving,0,Hospital
A302541,2021-03-28,19:26,Mumbai,28.102918,75.959611,Rain,Moderate,Motorcycle,Distracted,0,Police
A302542,2022-02-24,10:41,Mumbai,13.958534,74.564941,Hazy,Moderate,Car,Unknown,0,Police
A302543,2025-07-17,04:17,Kolkata,13.500361,74.971723,Storm,Moderate,Motorcycle,Bad Road,1,Police
A302544,2025-07-09,16:44,Chennai,9.879058,76.088787,Clear,Moderate,Bus,Mechanical Failure,0,Police
A302545,2025-01-14,06:08,Surat,8.2519,69.598477,Fog,Minor,Car,Speeding,0,Hospital
A302546,2021-10-26,06:12,Lucknow,10.221012,68.603232,Clear,Minor,Bus,Mechanical Failure,0,Citizen
A302547,2025-07-17,05:04,Jaipur,12.856438,76.512253,Clear,Minor,Car,Unknown,1,Police
A302548,2022-06-08,11:15,Kolkata,28.057743,71.089719,Clear,Severe,Truck,Speeding,2,Police
A302549,2022-04-13,21:01,Kolkata,15.84155,71.91146,Clear,Minor,Motorcycle,Distracted,0,Citizen
A302550,2022-09-22,11:52,Delhi,15.697069,74.571897,Rain,Minor,Car,Unknown,1,Hospital
A302551,2023-06-13,20:16,Chennai,12.041011,68.665204,Clear,Moderate,Truck,Weather,0,Citizen
A302552,2025-04-05,06:01,Mumbai,8.966887,71.118549,Fog,Minor,Car,Mechanical Failure,1,Hospital
A302553,2024-08-04,02:21,Surat,24.64966,69.858193,Rain,Moderate,Motorcycle,Bad Road,0,Police
A302554,2024-04-08,05:29,Bengaluru,12.960927,70.330494,Clear,Minor,Car,Unknown,0,Police
A302555,2024-02-25,18:38,Pune,14.238914,76.703411,Rain,Minor,Pedestrian,Weather,1,Police
A302556,2025-05-09,10:54,Bengaluru,26.532212,69.17241,Rain,Minor,Motorcycle,Distracted,0,Police
A302557,2024-05-10,08:30,Jaipur,19.380028,69.460804,Rain,Minor,Bus,Drunk Driving,0,Insurance
A302558,2023-04-01,09:12,Mumbai,9.465451,75.139424,Rain,Minor,Motorcycle,Unknown,0,Police
A302559,2021-08-12,22:49,Pune,10.888264,72.036838,Hazy,Severe,Car,Drunk Driving,0,Police
A302560,2021-02-25,00:16,Hyderabad,19.625924,75.881832,Clear,Severe,Truck,Weather,1,Citizen
A302561,2023-05-11,22:54,Chennai,26.052589,73.216119,Clear,Minor,Truck,Bad Road,0,Police
A302562,2025-04-14,07:58,Hyderabad,20.526249,68.597252,Rain,Minor,Bicycle,Unknown,1,Citizen
A302563,2021-11-03,05:25,Lucknow,15.988202,72.298484,Fog,Minor,Motorcycle,Speeding,0,Police
A302564,2021-08-05,12:35,Pune,17.887263,70.573499,Clear,Minor,Motorcycle,Drunk Driving,0,Police
A302565,2022-03-23,08:15,Kolkata,24.725381,77.274893,Storm,Minor,Motorcycle,Weather,2,Police
A302566,2023-02-19,13:36,Hyderabad,21.228194,70.683889,Clear,Minor,Car,Bad Road,0,Citizen
A302567,2021-12-23,15:40,Mumbai,23.093422,69.173647,Clear,Minor,Car,Mechanical Failure,0,Police
A302568,2024-08-17,10:11,Delhi,18.67125,77.114919,Storm,Minor,Motorcycle,Unknown,0,Citizen
A302569,2022-06-24,12:37,Surat,23.302647,70.307454,Clear,Moderate,Bicycle,Distracted,0,Police
A302570,2022-07-01,04:24,Kolkata,16.52461,73.443784,Hazy,Minor,Bus,Bad Road,0,Police
A302571,2025-06-01,07:13,Surat,11.710146,75.053466,Clear,Severe,Car,Mechanical Failure,2,Citizen
A302572,2024-10-14,02:35,Jaipur,9.86349,68.10305,Clear,Minor,Motorcycle,Drunk Driving,1,Police
A302573,2021-04-14,22:32,Surat,26.156417,68.475772,Clear,Minor,Truck,Speeding,0,Citizen
A302574,2023-06-26,19:54,Hyderabad,14.156441,71.102027,Clear,Minor,Car,Unknown,0,Citizen
A302575,2024-05-01,07:21,Kolkata,17.589076,74.476863,Fog,Moderate,Car,Drunk Driving,0,Police
A302576,2025-08-30,08:49,Pune,22.517782,69.848955,Rain,Minor,Car,Unknown,0,Citizen
A302577,2022-06-22,04:34,Surat,21.781836,74.958289,Rain,Minor,Car,Weather,0,Citizen
A302578,2024-02-18,08:49,Jaipur,28.406402,74.508995,Rain,Minor,Bus,Distracted,1,Police
A302579,2024-10-11,21:45,Jaipur,17.736425,69.961094,Clear,Minor,Motorcycle,Weather,0,Hospital
A302580,2023-02-27,02:24,Surat,8.591132,72.270583,Rain,Minor,Bus,Bad Road,1,Police
A302581,2024-12-12,15:53,Delhi,23.55308,76.461752,Clear,Minor,Bus,Mechanical Failure,0,Police
A302582,2025-07-04,03:55,Bengaluru,12.18497,76.517381,Fog,Minor,Car,Drunk Driving,0,Police
A302583,2024-03-10,05:01,Surat,25.889855,75.701821,Storm,Minor,Car,Drunk Driving,1,Police
A302584,2022-03-23,22:47,Lucknow,18.940265,70.362428,Clear,Minor,Car,Distracted,0,Police
A302585,2023-04-18,06:12,Delhi,11.023779,76.781203,Rain,Minor,Truck,Mechanical Failure,0,Citizen
A302586,2024-04-29,17:53,Bengaluru,9.219402,77.421809,Clear,Moderate,Bus,Distracted,0,Police
A302587,2022-11-19,12:50,Bengaluru,28.458583,72.757902,Clear,Fatal,Car,Mechanical Failure,0,Police
A302588,2021-06-11,03:47,Pune,13.68572,73.578995,Clear,Minor,Motorcycle,Bad Road,0,Police
A302589,2021-05-02,13:48,Kolkata,19.710407,77.233712,Rain,Minor,Motorcycle,Mechanical Failure,0,Citizen
A302590,2021-06-03,18:32,Surat,9.210963,72.898804,Rain,Minor,Motorcycle,Bad Road,0,Citizen
A302591,2025-04-06,02:06,Lucknow,19.735481,75.316043,Fog,Minor,Car,Weather,0,Hospital
A302592,2022-11-01,21:35,Surat,27.687183,71.632753,Fog,Fatal,Car,Distracted,2,Police
A302593,2024-06-06,22:23,Mumbai,10.668331,77.393952,Clear,Minor,Motorcycle,Distracted,1,Citizen
A302594,2022-05-10,17:04,Mumbai,26.175005,76.346682,Clear,Moderate,Truck,Weather,0,Police
A302595,2023-10-02,18:48,Kolkata,11.411438,70.022576,Clear,Minor,Motorcycle,Mechanical Failure,0,Police
A302596,2022-11-18,13:40,,21.915733,74.036741,Clear,Moderate,Car,Bad Road,0,Citizen
A302597,2024-02-17,22:22,Jaipur,14.592692,68.962833,Clear,Minor,Motorcycle,Drunk Driving,1,Citizen
A302598,2021-08-29,05:49,Pune,23.146594,72.554703,Clear,Minor,Motorcycle,Speeding,2,Hospital
A302599,2021-07-21,03:25,Bengaluru,12.060993,70.149377,Clear,Minor,Bus,Bad Road,0,Police
A302600,2021-06-20,07:19,Mumbai,21.115328,77.083727,Clear,Minor,Car,Unknown,0,Police
A302601,2025-06-19,17:11,Pune,27.075471,76.626783,Hazy,Fatal,Truck,Mechanical Failure,1,Police
A302602,2024-05-21,03:33,Delhi,24.898684,76.39249,Clear,Moderate,Car,Drunk Driving,0,Police
A302603,2025-03-29,08:55,Hyderabad,23.90691,68.398385,Clear,Minor,Bus,Drunk Driving,1,Police
A302604,2025-05-15,06:22,Lucknow,16.617043,69.584125,Clear,Moderate,Bus,Speeding,0,Hospital
A302605,2021-10-13,02:45,Lucknow,22.882511,69.655863,Clear,Minor,Motorcycle,Bad Road,0,Hospital
A302606,2025-02-19,20:49,Surat,15.858306,76.704025,Clear,Minor,Motorcycle,Mechanical Failure,0,Police
A302607,2021-03-07,06:27,Jaipur,13.944277,75.146055,Rain,Moderate,Truck,Unknown,0,Hospital
A302608,2021-03-04,08:09,Surat,16.822652,76.531697,Clear,Minor,Truck,Speeding,0,Police
A302609,2023-07-16,15:14,Hyderabad,9.708832,68.584554,Clear,Minor,Car,Drunk Driving,0,Police
A302610,2022-05-31,13:39,Mumbai,26.27361,76.58202,Clear,Minor,Motorcycle,Distracted,1,Police
A302611,2024-09-19,03:26,Pune,14.431701,73.360226,Rain,Moderate,Bus,Drunk Driving,2,Police
A302612,2021-02-09,06:23,Delhi,25.783653,74.720567,Clear,Fatal,Car,Distracted,0,Police
A302613,2023-11-03,14:11,Hyderabad,13.457182,68.536495,Rain,Minor,Car,Mechanical Failure,0,Citizen
A302614,2021-01-04,13:43,Mumbai,21.49165,68.733712,Rain,Moderate,Car,Bad Road,0,Police
A302615,2021-07-10,07:01,Mumbai,16.792241,71.402298,Clear,Severe,Bus,Distracted,0,Police
A302616,2023-04-08,02:25,Chennai,21.153807,72.018571,Rain,Minor,Car,Unknown,2,Police
A302617,2023-06-02,08:04,Surat,20.895219,72.748967,Fog,Moderate,Pedestrian,Mechanical Failure,1,Police
A302618,2023-04-08,06:07,Surat,12.10956,76.919828,Clear,Minor,Bus,Weather,0,Insurance
A302619,2023-08-12,02:24,Delhi,12.669619,77.057946,Rain,Minor,Motorcycle,Speeding,0,Police
A302620,2025-08-16,06:11,Delhi,9.042627,71.562415,Fog,Minor,Bus,Unknown,1,Police
A302621,2024-08-13,07:53,Jaipur,18.857704,72.425651,Storm,Minor,Truck,Distracted,0,Police
A302622,2025-06-02,19:56,Mumbai,18.896801,73.517957,Clear,Minor,Car,Speeding,0,Police
A302623,2025-04-13,13:08,Mumbai,26.76802,73.377433,Rain,Severe,Car,Distracted,0,Police
A302624,2021-10-31,19:51,Hyderabad,24.120257,74.579305,Clear,Moderate,Motorcycle,Weather,0,Hospital
A302625,2022-03-01,05:21,Bengaluru,20.919595,71.279004,Clear,Minor,Bus,Weather,0,Police
A302626,2021-12-20,14:19,Jaipur,10.48125,69.760919,Rain,Minor,Truck,Weather,0,Hospital
A302627,2025-03-31,14:43,,12.126761,73.987022,Fog,Minor,Motorcycle,Drunk Driving,0,Police
A302628,2023-01-01,17:33,Delhi,13.972691,69.14684,Clear,Minor,Motorcycle,Speeding,0,Citizen
A302629,2021-11-29,22:47,Pune,26.105834,69.517364,Clear,Minor,Motorcycle,Distracted,2,Citizen
A302630,2022-02-23,18:28,Mumbai,9.020841,71.076572,Clear,Minor,Bus,Distracted,0,Police
A302631,2021-07-10,14:09,Mumbai,20.729737,77.295189,Rain,Minor,Bicycle,Mechanical Failure,0,Police
A302632,2024-01-23,05:06,Hyderabad,15.680677,71.874724,Clear,Minor,Car,Distracted,0,Citizen
A302633,2025-09-11,18:13,,27.941673,74.827607,Fog,Minor,Car,Bad Road,0,Citizen
A302634,2021-01-29,13:15,Lucknow,23.367315,69.043223,Clear,Minor,Car,Drunk Driving,2,Citizen
A302635,2021-07-05,19:52,Surat,15.431514,73.188194,Rain,Minor,Bus,Distracted,0,Hospital
A302636,2023-04-16,17:39,Jaipur,16.525097,76.776872,Clear,Moderate,Bus,Speeding,1,Police
A302637,2024-01-26,22:31,Hyderabad,28.441218,70.635528,Clear,Minor,Car,Speeding,1,Hospital
A302638,2024-09-07,22:47,Kolkata,16.863517,72.211099,Clear,Minor,Motorcycle,Distracted,1,Police
A302639,2024-12-26,18:34,Lucknow,13.816769,74.652399,Rain,Moderate,Motorcycle,Bad Road,0,Police
A302640,2025-01-18,18:24,Pune,24.422605,68.32137,Clear,Minor,Bus,Bad Road,1,Police
A302641,2023-02-13,09:52,Surat,25.588298,72.323861,Snow (rare),Minor,Motorcycle,Unknown,0,Police
A302642,2022-05-16,02:50,Surat,10.326359,71.070336,Hazy,Minor,Car,Mechanical Failure,0,Police
A302643,2021-05-01,19:17,Lucknow,15.921361,68.311467,Rain,Minor,Car,Speeding,0,Police
A302644,2022-03-23,04:05,Chennai,27.074881,76.909541,Clear,Severe,Bus,Unknown,0,Hospital
A302645,2021-11-24,08:42,Mumbai,19.138896,77.47705,Clear,Minor,Car,Speeding,0,Police
A302646,2024-08-22,15:14,,15.712779,72.280491,Clear,Minor,Car,Speeding,0,Police
A302647,2024-02-13,01:16,Lucknow,22.657821,76.160566,Rain,Minor,Motorcycle,Mechanical Failure,0,Police
A302648,2025-08-08,16:44,,13.87378,72.87286,Clear,Minor,Car,Speeding,0,Citizen
A302649,2023-01-05,18:06,Hyderabad,28.340235,70.710377,Clear,Minor,Motorcycle,Speeding,0,Police
A302650,2025-09-13,00:14,Lucknow,10.369298,70.480985,Rain,Minor,Bicycle,Weather,0,Police
A302651,2024-02-20,01:27,Pune,12.331168,71.775468,Clear,Minor,Bus,Speeding,0,Police
A302652,2023-04-23,16:44,Kolkata,25.898582,73.552337,Rain,Fatal,Motorcycle,Bad Road,0,Police
A302653,2023-07-20,09:35,Kolkata,15.218338,68.994835,Clear,Minor,Car,Drunk Driving,0,Police
A302654,2023-02-18,01:35,Delhi,28.268029,76.333035,Clear,Minor,Car,Distracted,0,Citizen
A302655,2024-09-20,01:40,Pune,27.943549,71.832658,Clear,Minor,Car,Speeding,0,Citizen
A302656,2024-12-26,00:03,Lucknow,19.878337,68.484142,Hazy,Minor,Motorcycle,Unknown,0,Police
A302657,2021-03-03,22:22,Bengaluru,9.562808,70.381618,Rain,Moderate,Motorcycle,Drunk Driving,0,Insurance
A302658,2022-08-13,04:04,Kolkata,15.108887,76.613577,Clear,Minor,Car,Distracted,0,Citizen
A302659,2025-08-26,19:24,Chennai,15.565368,76.725945,Clear,Severe,Car,Mechanical Failure,3,Police
A302660,2023-11-07,16:13,Mumbai,19.027185,72.573343,Clear,Minor,Bus,Speeding,1,Police
A302661,2022-05-01,22:38,Bengaluru,21.575567,76.830575,Hazy,Minor,Motorcycle,Distracted,0,Police
A302662,2024-01-04,16:43,Chennai,20.167141,76.163527,Fog,Minor,Car,Distracted,0,Police
A302663,2023-01-15,18:50,Chennai,20.385542,68.381768,Clear,Minor,Motorcycle,Distracted,0,Hospital
A302664,2022-02-23,16:42,Chennai,20.581362,76.552292,Clear,Moderate,Motorcycle,Unknown,1,Police
A302665,2021-04-04,00:43,Kolkata,8.968998,70.493169,Clear,Severe,Car,Mechanical Failure,0,Citizen
A302666,2025-09-12,10:45,Jaipur,22.815615,72.485462,Clear,Minor,Truck,Drunk Driving,0,Police
A302667,2023-03-25,01:26,Lucknow,25.766472,71.166496,Rain,Minor,Car,Mechanical Failure,0,Citizen
A302668,2021-10-16,02:58,Mumbai,9.434915,76.556241,Hazy,Minor,Car,Bad Road,0,Police
A302669,2021-03-04,22:00,Jaipur,26.393059,68.61051,Clear,Minor,Motorcycle,Speeding,0,Hospital
A302670,2022-03-10,21:34,Hyderabad,25.920944,76.172344,Hazy,Minor,Bicycle,Drunk Driving,0,Police
A302671,2023-01-13,05:23,Bengaluru,9.900828,76.233582,Hazy,Moderate,Truck,Distracted,1,Citizen
A302672,2022-08-30,22:47,Kolkata,17.4625,74.289649,Clear,Minor,Car,Speeding,1,Citizen
A302673,2023-04-01,11:12,Jaipur,9.308221,73.912727,Clear,Moderate,Pedestrian,Weather,1,Citizen
A302674,2025-07-24,07:04,Pune,26.33054,77.649956,Storm,Moderate,Motorcycle,Mechanical Failure,1,Police
A302675,2022-08-12,14:45,Mumbai,23.151666,77.205959,Clear,Moderate,Bus,Drunk Driving,2,Insurance
A302676,2024-10-18,04:03,Jaipur,16.142604,74.45512,Clear,Moderate,Pedestrian,Speeding,1,Citizen
A302677,2023-01-05,07:16,Pune,27.363774,70.456716,Clear,Minor,Bus,Unknown,0,Citizen
A302678,2025-09-04,01:10,Lucknow,11.778819,69.886567,Hazy,Minor,Bus,Mechanical Failure,0,Citizen
A302679,2023-08-18,17:32,Hyderabad,23.210148,75.003436,Rain,Moderate,Bus,Mechanical Failure,0,Hospital
A302680,2021-01-12,19:23,Delhi,25.179179,70.613664,Clear,Minor,Car,Mechanical Failure,0,Police
A302681,2023-09-07,13:11,Surat,12.058828,75.169277,Hazy,Moderate,Motorcycle,Distracted,1,Citizen
A302682,2023-07-13,11:11,Bengaluru,23.502453,74.115016,Hazy,Fatal,Motorcycle,Bad Road,1,Police
A302683,2021-08-24,14:05,Delhi,8.421968,75.848207,Rain,Minor,Truck,Bad Road,0,Police
A302684,2021-01-29,00:21,Surat,16.737458,74.602112,Rain,Severe,Car,Bad Road,0,Police
A302685,2022-10-09,18:53,Surat,24.668464,68.031405,Clear,Minor,Truck,Bad Road,1,Citizen
A302686,2021-11-24,19:04,Surat,21.843295,68.091449,Clear,None,Pedestrian,Bad Road,0,Hospital
A302687,2025-09-01,16:23,Pune,13.367756,69.541314,Clear,Minor,Car,Speeding,1,Police
A302688,2023-12-06,21:36,Delhi,9.300701,75.556723,Clear,Fatal,Bicycle,Weather,0,Police
A302689,2025-02-23,17:20,Lucknow,18.793719,70.244503,Hazy,Minor,Car,Speeding,1,Citizen
A302690,2023-01-01,22:40,Jaipur,9.239062,71.106008,Rain,Severe,Car,Weather,0,Citizen
A302691,2025-09-28,01:19,Jaipur,16.741355,70.385303,Clear,Minor,Car,Weather,0,Police
A302692,2025-09-04,06:39,Jaipur,20.058071,75.15623,Clear,Minor,Bus,Speeding,0,Citizen
A302693,2024-01-18,11:06,Pune,19.118906,72.491501,Rain,Moderate,Car,Distracted,0,Citizen
A302694,2021-03-30,03:53,Surat,18.587339,72.427029,Rain,Severe,Motorcycle,Distracted,1,Citizen
A302695,2022-06-04,14:38,Surat,14.674273,70.923373,Clear,Moderate,Bus,Bad Road,0,Hospital
A302696,2024-11-20,16:31,Lucknow,12.495279,77.418477,Hazy,Moderate,Car,Speeding,0,Police
A302697,2021-01-04,01:00,Delhi,27.884074,71.1172,Rain,Minor,Motorcycle,Distracted,0,Police
A302698,2025-09-03,15:26,Surat,12.127636,77.230036,Storm,Severe,Bus,Speeding,1,Police
A302699,2024-07-05,14:38,Delhi,23.154952,68.606252,Clear,Minor,Truck,Bad Road,0,Hospital
A302700,2024-04-13,05:57,Lucknow,15.512583,74.565596,Clear,Moderate,Pedestrian,Drunk Driving,2,Citizen
A302701,2024-04-01,05:41,Delhi,12.408993,68.663326,Hazy,Fatal,Motorcycle,Unknown,0,Police
A302702,2021-10-27,01:08,Delhi,11.639155,68.118522,Rain,Minor,Car,Unknown,0,Citizen
A302703,2023-09-20,20:30,Pune,10.604714,74.500157,Clear,Minor,Car,Bad Road,0,Police
A302704,2022-01-28,08:09,Pune,19.232506,69.606947,Clear,Minor,Motorcycle,Weather,1,Police
A302705,2024-11-24,16:50,Surat,12.643459,72.568594,Clear,Moderate,Car,Weather,0,Police
A302706,2023-01-17,06:36,Bengaluru,22.751986,75.75383,Snow (rare),Minor,Car,Unknown,0,Police
A302707,2024-12-18,10:28,Pune,8.525302,73.331257,Fog,Severe,Motorcycle,Weather,0,Citizen
A302708,2023-11-17,22:12,Delhi,20.800315,69.93253,Clear,Moderate,Bus,Mechanical Failure,1,Citizen
A302709,2022-06-10,21:53,Surat,12.200725,68.276361,Hazy,Minor,Motorcycle,Distracted,0,Police
A302710,2025-04-05,02:47,Delhi,27.449083,76.911949,Clear,Minor,Car,Distracted,2,Citizen
A302711,2025-05-30,01:49,Hyderabad,11.758097,73.708547,Clear,Moderate,Car,Drunk Driving,2,Police
A302712,2023-11-14,01:12,,15.591239,73.705488,Rain,Moderate,Pedestrian,Distracted,0,Citizen
A302713,2021-01-29,16:42,Bengaluru,25.180738,76.521587,Storm,Fatal,Car,Unknown,0,Police
A302714,2024-11-24,21:46,Surat,18.011209,76.445031,Clear,Minor,Motorcycle,Unknown,0,Police
A302715,2022-11-22,22:55,Pune,17.669193,69.674937,Fog,Minor,Motorcycle,Bad Road,0,Police
A302716,2025-09-23,00:52,Hyderabad,17.082184,69.110566,Clear,Minor,Car,Weather,0,Citizen
A302717,2024-03-14,15:18,Kolkata,14.177929,72.043041,Clear,Moderate,Car,Weather,1,Police
A302718,2023-01-23,02:09,Surat,25.595113,72.57274,Clear,Fatal,Car,Distracted,0,Hospital
A302719,2024-05-31,16:56,Hyderabad,27.844098,75.30297,Storm,Moderate,Car,Mechanical Failure,0,Police
A302720,2023-11-03,04:36,Hyderabad,16.233224,70.161534,Rain,Fatal,Pedestrian,Drunk Driving,0,Police
A302721,2025-05-07,08:37,Mumbai,17.258126,75.087173,Fog,Fatal,Car,Unknown,0,Police
A302722,2021-12-21,15:38,Bengaluru,27.272511,68.682624,Clear,Fatal,Motorcycle,Mechanical Failure,0,Police
A302723,2021-09-09,11:24,Lucknow,8.680724,71.942421,Clear,Minor,Bus,Drunk Driving,0,Citizen
A302724,2021-03-25,13:36,Jaipur,10.456702,74.78983,Rain,Severe,Truck,Mechanical Failure,0,Police
A302725,2021-08-26,07:45,Surat,21.502835,74.719711,Clear,Fatal,Motorcycle,Speeding,0,Citizen
A302726,2022-06-23,05:12,Bengaluru,16.335467,73.044362,Fog,Minor,Car,Mechanical Failure,1,Citizen
A302727,2024-04-12,06:57,Surat,21.598616,76.502262,Hazy,Minor,Car,Speeding,0,Citizen
A302728,2021-12-06,04:12,Chennai,27.830016,77.105901,Rain,Moderate,Truck,Mechanical Failure,0,Police
A302729,2023-08-16,11:21,Pune,19.272346,68.208345,Clear,Minor,Bus,Mechanical Failure,0,Police
A302730,2025-09-10,09:16,Lucknow,13.485745,69.740366,Storm,Minor,Car,Drunk Driving,0,Citizen
A302731,2024-11-30,22:48,Delhi,9.127174,76.926447,Clear,Minor,Bus,Mechanical Failure,0,Insurance
A302732,2021-11-16,11:52,Jaipur,23.636788,72.316168,Hazy,Moderate,Car,Drunk Driving,1,Police
A302733,2025-09-06,13:39,Delhi,8.732254,75.413993,Fog,Minor,Motorcycle,Bad Road,0,Police
A302734,2023-11-13,19:24,Kolkata,27.31012,72.171606,Rain,Minor,Motorcycle,Weather,0,Citizen
A302735,2023-10-29,04:14,Kolkata,18.611403,76.650859,Clear,Moderate,Car,Mechanical Failure,1,Police
A302736,2021-10-06,19:15,Jaipur,19.176303,73.241927,Clear,Minor,Motorcycle,Unknown,1,Citizen
A302737,2024-07-28,07:48,Bengaluru,11.844273,74.081922,Rain,Minor,Truck,Bad Road,0,Police
A302738,2021-10-04,22:17,Lucknow,9.958725,71.01693,Fog,Minor,Car,Unknown,0,Citizen
A302739,2023-10-29,07:36,Delhi,25.648973,76.829657,Rain,Minor,Motorcycle,Distracted,0,Citizen
A302740,2022-09-22,02:57,Bengaluru,15.160292,70.489158,Rain,Moderate,Car,Drunk Driving,1,Police
A302741,2022-04-02,16:21,Mumbai,25.237689,75.393453,Fog,Minor,Truck,Weather,0,Citizen
A302742,2021-07-25,19:00,Kolkata,8.479529,77.015203,Rain,Moderate,Motorcycle,Speeding,0,Police
A302743,2025-02-24,13:04,Mumbai,19.154454,70.131494,Clear,Minor,Motorcycle,Mechanical Failure,1,Citizen
A302744,2022-01-31,02:55,Kolkata,20.81801,71.351608,Rain,Minor,Car,Drunk Driving,0,Citizen
A302745,2023-07-07,01:06,Jaipur,17.412272,77.427466,Clear,Fatal,Bus,Unknown,1,Citizen
A302746,2022-11-10,06:50,Mumbai,23.607338,73.901729,Fog,Minor,Motorcycle,Mechanical Failure,0,Police
A302747,2021-04-09,07:40,Surat,15.483469,77.111755,Rain,Minor,Car,Distracted,2,Police
A302748,2024-04-20,02:07,Bengaluru,22.026177,70.611473,Rain,Minor,Motorcycle,Speeding,1,Hospital
A302749,2024-02-12,06:44,Hyderabad,23.780189,74.359294,Rain,Minor,Bus,Speeding,1,Citizen
A302750,2022-10-22,08:25,Surat,23.608996,75.803128,Clear,Moderate,Bicycle,Mechanical Failure,0,Police
A302751,2025-01-27,03:32,Surat,15.928826,71.684274,Clear,Moderate,Car,Distracted,0,Police
A302752,2025-06-20,17:23,Pune,17.003674,69.90342,Clear,Minor,Car,Unknown,0,Police
A302753,2025-03-20,12:57,Kolkata,14.457917,77.234639,Clear,Moderate,Truck,Distracted,1,Police
A302754,2025-09-14,12:50,Surat,9.090423,72.113657,Rain,Minor,Bicycle,Distracted,1,Citizen
A302755,2023-06-20,03:40,Jaipur,22.923763,68.326542,Clear,Moderate,Bus,Distracted,1,Police
A302756,2022-12-19,10:58,Surat,15.287353,76.2856,Clear,Minor,Bicycle,Drunk Driving,0,Police
A302757,2021-12-31,14:14,Surat,21.49087,76.152195,Rain,Moderate,Car,Weather,0,Insurance
A302758,2022-06-25,01:04,Pune,11.234333,70.793789,Clear,Minor,Motorcycle,Unknown,0,Police
A302759,2024-04-24,14:22,Mumbai,10.822246,76.982604,Rain,Minor,Motorcycle,Unknown,0,Police
A302760,2023-10-15,12:53,Bengaluru,27.574326,76.913534,Fog,Minor,Motorcycle,Distracted,0,Insurance
A302761,2023-02-17,19:01,Surat,23.120862,73.256183,Clear,Minor,Bicycle,Unknown,0,Police
A302762,2025-09-20,08:33,Lucknow,8.039423,77.236446,Rain,Severe,Motorcycle,Unknown,0,Citizen
A302763,2021-06-12,03:14,Surat,15.694631,70.676862,Hazy,Moderate,Motorcycle,Mechanical Failure,0,Police
A302764,2021-02-10,09:25,Pune,24.784223,74.769456,Clear,Minor,Pedestrian,Bad Road,0,Police
A302765,2022-05-29,02:26,Jaipur,12.903462,71.453165,Rain,Minor,Bus,Speeding,0,Citizen
A302766,2023-03-01,00:27,Lucknow,19.303322,75.086137,Clear,Minor,Car,Mechanical Failure,0,Police
A302767,2021-04-24,14:02,Delhi,28.538153,74.466615,Clear,Moderate,Truck,Distracted,0,Citizen
A302768,2024-04-08,00:14,Jaipur,14.246766,73.871566,Hazy,Minor,Motorcycle,Weather,0,Citizen
A302769,2022-02-08,17:39,Surat,14.972556,75.402578,Fog,Minor,Pedestrian,Weather,0,Police
A302770,2022-06-30,13:00,Lucknow,21.784487,71.98278,Storm,Severe,Motorcycle,Distracted,0,Citizen
A302771,2024-06-12,14:23,Bengaluru,25.820598,71.442096,Rain,Minor,Car,Unknown,0,Citizen
A302772,2023-04-19,06:14,Hyderabad,20.043554,68.419527,Clear,Minor,Motorcycle,Mechanical Failure,0,Police
A302773,2022-01-26,22:29,Hyderabad,23.075626,68.60412,Clear,Minor,Car,Mechanical Failure,2,Police
A302774,2025-02-22,05:53,Mumbai,23.664484,76.869402,Fog,Minor,Car,Mechanical Failure,0,Police
A302775,2023-07-09,09:40,Surat,12.277018,75.04638,Clear,Minor,Motorcycle,Bad Road,0,Police
A302776,2021-12-24,03:27,Lucknow,22.102924,69.236182,Clear,Minor,Car,Weather,0,Police
A302777,2025-06-22,20:09,Hyderabad,22.868942,69.154464,Clear,Severe,Car,Distracted,1,Police
A302778,2025-06-17,06:18,Jaipur,18.425021,68.882794,Clear,Fatal,Car,Bad Road,1,Police
A302779,2023-03-22,09:26,Bengaluru,17.484415,68.701692,Clear,Minor,Truck,Distracted,0,Citizen
A302780,2024-11-30,03:21,Hyderabad,12.825347,73.082615,Snow (rare),Moderate,Truck,Speeding,0,Police
A302781,2023-12-29,21:09,Lucknow,25.618389,73.495822,Clear,Minor,Car,Speeding,0,Citizen
A302782,2024-01-08,07:52,Delhi,23.222195,76.822337,Hazy,Minor,Car,Drunk Driving,1,Police
A302783,2022-12-02,15:18,Bengaluru,11.94666,77.480002,Clear,Moderate,Car,Bad Road,0,Police
A302784,2022-09-27,01:48,Mumbai,10.777819,68.729824,Clear,Moderate,Car,Drunk Driving,0,Insurance
A302785,2023-02-22,07:55,Lucknow,8.662672,75.435005,Rain,None,Motorcycle,Speeding,0,Police
A302786,2023-11-19,16:55,Jaipur,17.984363,71.580601,Storm,Minor,Car,Drunk Driving,0,Insurance
A302787,2024-01-07,22:23,Delhi,20.610215,68.355848,Rain,Minor,Car,Speeding,0,Police
A302788,2023-03-10,17:53,Hyderabad,9.525266,68.096731,Clear,Fatal,Bicycle,Weather,0,Citizen
A302789,2025-01-10,01:00,Kolkata,12.854606,71.287573,Fog,Minor,Car,Unknown,0,Police
A302790,2022-08-15,06:36,Surat,15.424756,68.848838,Rain,Minor,Motorcycle,Bad Road,0,Citizen
A302791,2022-06-18,12:48,Delhi,20.272898,69.442404,Rain,Minor,Pedestrian,Mechanical Failure,1,Citizen
A302792,2023-08-02,06:20,Lucknow,20.172037,71.802798,Clear,Moderate,Motorcycle,Unknown,0,Police
A302793,2023-07-26,21:33,Jaipur,19.767393,69.702294,Fog,Minor,Truck,Drunk Driving,1,Police
A302794,2021-06-21,18:26,Kolkata,17.452677,76.489816,Clear,Minor,Motorcycle,Mechanical Failure,0,Police
A302795,2021-09-01,09:27,Kolkata,10.365876,75.434872,Hazy,Minor,Car,Bad Road,0,Insurance
A302796,2022-05-15,22:16,Bengaluru,26.514058,69.420423,Rain,Minor,Truck,Bad Road,1,Citizen
A302797,2021-09-21,06:41,Kolkata,8.508725,70.407585,Clear,Moderate,Car,Speeding,0,Police
A302798,2023-01-16,10:09,Surat,9.378475,70.621388,Rain,Minor,Motorcycle,Weather,0,Police
A302799,2025-04-10,20:11,Delhi,18.297229,71.530653,Clear,Fatal,Car,Bad Road,0,Police
A302800,2023-01-23,06:47,Hyderabad,8.949567,76.86402,Hazy,Minor,Truck,Unknown,0,Police
A302801,2024-07-17,08:50,Kolkata,10.561473,69.031597,Storm,Minor,Motorcycle,Bad Road,0,Police
A302802,2021-06-16,15:09,Chennai,8.718842,70.017067,Clear,Minor,Motorcycle,Bad Road,0,Citizen
A302803,2022-03-02,22:05,Pune,15.921528,73.387703,Clear,Minor,Motorcycle,Speeding,0,Police
A302804,2022-11-21,15:45,Bengaluru,13.687051,73.76076,Clear,Severe,Truck,Unknown,0,Police
A302805,2021-12-31,02:49,Bengaluru,15.39162,72.026798,Storm,Fatal,Bicycle,Speeding,1,Citizen
A302806,2022-10-18,10:36,Chennai,8.525545,68.247116,Rain,Minor,Bicycle,Drunk Driving,0,Citizen
A302807,2025-04-30,12:30,Pune,9.663771,77.687665,Clear,Minor,Bus,Drunk Driving,1,Police
A302808,2023-05-28,11:50,Bengaluru,12.532365,72.581908,Clear,Minor,Car,Drunk Driving,0,Citizen
A302809,2023-02-06,18:22,Lucknow,22.657055,68.753811,Clear,Severe,Bicycle,Mechanical Failure,1,Citizen
A302810,2025-02-24,09:15,Chennai,25.455449,74.38939,Hazy,Minor,Car,Drunk Driving,1,Police
A302811,2021-10-22,14:13,Hyderabad,15.875895,68.778321,Rain,Severe,Motorcycle,Bad Road,0,Citizen
A302812,2021-04-27,13:40,Mumbai,15.322875,70.479538,Storm,Minor,Car,Mechanical Failure,0,Police
A302813,2022-07-13,05:49,Pune,14.424619,75.541389,Clear,Moderate,Bus,Distracted,0,Police
A302814,2025-08-25,04:56,Kolkata,11.359205,77.062309,Clear,Moderate,Motorcycle,Distracted,0,Police
A302815,2022-11-13,01:38,Hyderabad,15.109643,74.336257,Rain,Minor,Bicycle,Mechanical Failure,1,Police
A302816,2021-04-20,19:21,Pune,12.905044,74.765221,Clear,Moderate,Car,Drunk Driving,2,Police
A302817,2024-08-03,14:42,Hyderabad,12.199868,76.508003,Clear,Minor,Bus,Unknown,0,Police
A302818,2021-08-28,13:41,Mumbai,27.286483,74.436543,Clear,Minor,Car,Weather,0,Police
A302819,2025-02-03,04:33,Bengaluru,20.290539,76.494495,Clear,Minor,Car,Speeding,0,Police
A302820,2024-12-21,07:34,Hyderabad,22.066432,74.640513,Clear,Severe,Bus,Weather,0,Police
A302821,2023-08-04,03:49,Surat,20.188558,74.823889,Rain,Moderate,Motorcycle,Unknown,0,Insurance
A302822,2025-06-30,04:36,Hyderabad,9.995342,68.276575,Rain,Minor,Truck,Unknown,0,Hospital
A302823,2024-01-09,05:39,Kolkata,20.989234,74.044855,Clear,Minor,Car,Distracted,0,Police
A302824,2021-02-04,18:37,Delhi,24.869751,71.445139,Fog,Minor,Motorcycle,Mechanical Failure,2,Hospital
A302825,2022-03-26,14:47,Jaipur,22.807737,70.071356,Clear,Minor,Car,Speeding,1,Police
A302826,2023-11-27,05:42,Pune,12.387431,70.837695,Clear,Moderate,Motorcycle,Weather,0,Police
A302827,2025-02-02,12:36,Mumbai,10.336774,71.720133,Rain,Minor,Bicycle,Mechanical Failure,0,Police
A302828,2023-03-26,13:57,Mumbai,15.746742,74.364325,Rain,Severe,Car,Speeding,0,Citizen
A302829,2023-09-08,14:46,Pune,15.424541,68.698585,Clear,Severe,Bus,Mechanical Failure,0,Citizen
A302830,2023-11-09,10:33,Pune,13.623017,76.603757,Clear,Minor,Bus,Mechanical Failure,0,Hospital
A302831,2022-04-14,01:05,Kolkata,24.800697,75.375793,Hazy,Minor,Motorcycle,Bad Road,0,Police
A302832,2024-11-06,11:08,Pune,19.737342,75.033445,Rain,Fatal,Bus,Mechanical Failure,0,Citizen
A302833,2023-08-14,18:38,Chennai,13.830221,68.773844,Storm,Minor,Car,Drunk Driving,2,Police
A302834,2022-05-11,20:54,Mumbai,25.801255,74.072436,Rain,Minor,Bicycle,Drunk Driving,0,Citizen
A302835,2023-06-21,04:53,Delhi,26.421277,75.226919,Clear,Moderate,Car,Distracted,0,Police
A302836,2021-01-02,02:00,Mumbai,20.620124,72.206482,Rain,Minor,Truck,Unknown,0,Police
A302837,2022-02-23,10:36,Jaipur,15.956954,76.372565,Clear,Minor,Bus,Speeding,0,Police
A302838,2021-06-01,14:36,Mumbai,17.400501,76.606377,Rain,Moderate,Car,Distracted,0,Citizen
A302839,2023-10-02,19:43,Pune,8.281972,73.060205,Clear,Minor,Motorcycle,Drunk Driving,0,Police
A302840,2024-12-25,13:13,Kolkata,26.79711,75.354422,Hazy,Moderate,Motorcycle,Distracted,1,Police
A302841,2023-02-25,06:49,Jaipur,28.604533,73.328867,Hazy,Severe,Motorcycle,Mechanical Failure,0,Citizen
A302842,2025-09-14,02:33,Lucknow,12.259993,76.538558,Fog,Minor,Bus,Drunk Driving,0,Insurance
A302843,2022-05-04,08:44,Hyderabad,24.458665,68.66221,Fog,Moderate,Bus,Distracted,1,Police
A302844,2023-11-04,06:33,Pune,19.116407,70.676617,Clear,Severe,Motorcycle,Weather,0,Hospital
A302845,2022-05-11,21:51,Kolkata,10.373958,71.755479,Hazy,Fatal,Car,Weather,0,Police
A302846,2023-06-21,15:04,Hyderabad,11.254427,70.248542,Clear,Minor,Bus,Distracted,0,Citizen
A302847,2022-09-04,19:34,Lucknow,20.798237,72.645052,Clear,Moderate,Car,Speeding,0,Citizen
A302848,2023-05-04,00:26,Delhi,23.635068,76.900835,Clear,Moderate,Motorcycle,Speeding,0,Police
A302849,2023-02-15,09:41,Pune,18.579528,69.525153,Fog,Minor,Bus,Unknown,0,Citizen
A302850,2025-04-08,17:28,Mumbai,27.749195,68.593297,Clear,Moderate,Car,Drunk Driving,0,Citizen
A302851,2024-01-20,07:08,Lucknow,17.773338,69.923436,Clear,Minor,Bicycle,Weather,0,Police
A302852,2021-08-04,15:56,Hyderabad,22.945415,73.794057,Fog,Moderate,Pedestrian,Bad Road,0,Police
A302853,2022-10-15,17:01,Lucknow,25.764306,76.313265,Snow (rare),Minor,Pedestrian,Speeding,0,Insurance
A302854,2023-03-04,22:09,Chennai,28.499541,71.989927,Fog,Minor,Motorcycle,Speeding,0,Citizen
A302855,2025-04-08,01:21,Jaipur,19.665053,76.319145,Rain,Minor,Car,Speeding,0,Police
A302856,2021-07-16,07:17,Hyderabad,16.932071,77.52249,Fog,Minor,Bus,Unknown,0,Police
A302857,2023-05-25,22:54,Delhi,18.824555,73.905446,Clear,Minor,Pedestrian,Drunk Driving,0,Police
A302858,2024-03-26,21:14,,10.567557,75.005277,Rain,Minor,Motorcycle,Unknown,0,Police
A302859,2023-01-04,09:44,Delhi,19.160312,69.133686,Clear,None,Car,Distracted,0,Citizen
A302860,2022-12-22,18:49,Mumbai,14.571312,68.56449,Clear,Minor,Bicycle,Bad Road,1,Police
A302861,2024-09-02,18:25,Hyderabad,14.874538,75.183914,Clear,Moderate,Bus,Weather,0,Police
A302862,2023-09-15,14:33,Hyderabad,20.782261,71.011694,Rain,Minor,Motorcycle,Distracted,3,Police
A302863,2021-07-24,04:33,Delhi,11.166557,74.962335,Fog,Minor,Bus,Distracted,0,Citizen
A302864,2025-05-31,21:40,Jaipur,10.097337,75.643275,Clear,Minor,Motorcycle,Distracted,0,Police
A302865,2025-07-02,01:03,Lucknow,12.999054,69.031308,Hazy,Minor,Car,Distracted,1,Citizen
A302866,2023-06-28,04:29,Pune,9.01289,75.346795,Clear,Minor,Truck,Speeding,0,Hospital
A302867,2022-12-24,22:46,Pune,11.223508,74.072399,Rain,Moderate,Car,Mechanical Failure,1,Police
A302868,2022-04-20,18:01,Chennai,8.43926,74.417269,Clear,Minor,Bus,Bad Road,0,Police
A302869,2022-06-19,02:47,Jaipur,8.094196,72.056189,Clear,Minor,Car,Unknown,1,Police
A302870,2022-09-21,05:38,Hyderabad,26.960974,77.099516,Rain,Minor,Motorcycle,Mechanical Failure,0,Police
A302871,2023-10-06,02:10,Bengaluru,13.086897,69.439085,Rain,Minor,Motorcycle,Drunk Driving,0,Citizen
A302872,2025-02-24,22:27,Mumbai,16.08736,73.14074,Clear,Minor,Bicycle,Bad Road,0,Police
A302873,2024-05-23,22:09,Delhi,19.799154,77.352234,Clear,Minor,Car,Drunk Driving,0,Citizen
A302874,2022-10-22,14:00,Mumbai,8.282603,74.276995,Clear,Minor,Motorcycle,Distracted,0,Citizen
A302875,2022-03-21,10:35,Pune,8.224714,71.244423,Snow (rare),Minor,Motorcycle,Drunk Driving,0,Police
A302876,2021-08-15,17:22,Bengaluru,12.564763,75.28538,Clear,Moderate,Car,Speeding,0,Police
A302877,2023-08-15,20:54,Jaipur,16.687447,77.150046,Hazy,Minor,Car,Speeding,0,Police
A302878,2021-03-14,21:55,,14.964911,74.236233,Clear,Moderate,Motorcycle,Unknown,0,Police
A302879,2023-03-10,04:32,Hyderabad,21.025385,74.328862,Rain,Minor,Truck,Weather,1,Police
A302880,2021-03-20,22:07,Surat,11.507432,70.149643,Storm,Moderate,Car,Unknown,0,Police
A302881,2025-01-12,16:55,Bengaluru,16.177129,73.945593,Rain,Moderate,Truck,Speeding,0,Citizen
A302882,2021-09-06,00:01,Surat,26.842976,71.347786,Rain,Minor,Car,Speeding,0,Insurance
A302883,2022-04-02,05:07,Bengaluru,9.51759,76.685491,Rain,Moderate,Motorcycle,Weather,1,Hospital
A302884,2022-09-07,12:55,Mumbai,12.431561,70.842008,Rain,Severe,Car,Drunk Driving,0,Police
A302885,2023-01-26,20:03,Bengaluru,19.820317,73.139882,Clear,Minor,Car,Weather,0,Citizen
A302886,2024-10-13,04:34,Jaipur,19.838172,75.475738,Rain,Minor,Bus,Bad Road,1,Police
A302887,2025-05-02,10:22,Surat,23.526637,70.438451,Fog,Fatal,Motorcycle,Drunk Driving,1,Hospital
A302888,2023-04-11,03:09,Bengaluru,11.675338,77.412364,Hazy,Minor,Motorcycle,Weather,0,Insurance
A302889,2021-07-20,20:56,Jaipur,25.290865,72.334892,Clear,Minor,Car,Drunk Driving,1,Insurance
A302890,2024-02-16,22:51,Chennai,18.853257,76.501473,Rain,Minor,Motorcycle,Unknown,0,Police
A302891,2021-08-30,09:47,Delhi,26.393409,72.251599,Clear,Moderate,Bus,Drunk Driving,0,Citizen
A302892,2021-04-25,22:51,Bengaluru,9.190023,74.511209,Rain,Moderate,Motorcycle,Drunk Driving,1,Citizen
A302893,2022-02-25,18:32,Jaipur,25.765892,74.219192,Clear,Minor,Car,Bad Road,1,Police
A302894,2023-01-08,22:57,Bengaluru,14.372072,74.235372,Rain,Severe,Motorcycle,Distracted,0,Police
A302895,2024-02-21,07:35,Pune,17.054372,68.60575,Clear,Moderate,Motorcycle,Distracted,0,Police
A302896,2024-06-12,02:45,Lucknow,14.162675,72.939896,Clear,Minor,Motorcycle,Weather,0,Citizen
A302897,2023-09-08,10:29,Kolkata,24.290356,70.761972,Fog,Severe,Motorcycle,Mechanical Failure,0,Citizen
A302898,2023-08-18,21:45,Jaipur,20.250205,70.844202,Rain,Moderate,Truck,Speeding,0,Hospital
A302899,2023-07-04,05:17,Mumbai,26.664295,77.069604,Storm,Fatal,Car,Unknown,0,Hospital
A302900,2021-05-11,01:18,Mumbai,23.264316,71.730667,Clear,Minor,Motorcycle,Unknown,0,Insurance
A302901,2025-06-04,05:34,Mumbai,12.217404,72.865787,Hazy,Moderate,Car,Drunk Driving,0,Police
A302902,2022-03-04,13:19,Lucknow,14.460591,77.21361,Storm,Minor,Motorcycle,Mechanical Failure,0,Citizen
A302903,2023-08-20,02:35,Pune,17.189133,69.952933,Clear,Moderate,Bus,Distracted,0,Police
A302904,2023-07-17,15:13,Delhi,23.878009,77.297526,Rain,Minor,Car,Unknown,1,Citizen
A302905,2024-11-05,12:54,Surat,25.381695,72.892161,Clear,Moderate,Car,Distracted,1,Citizen
A302906,2021-05-21,18:41,Jaipur,9.742632,74.104387,Rain,Minor,Motorcycle,Distracted,0,Police
A302907,2021-12-25,13:05,Kolkata,25.324661,75.342195,Rain,Moderate,Car,Drunk Driving,2,Citizen
A302908,2024-03-25,12:12,,24.647791,74.648219,Snow (rare),Minor,Truck,Weather,0,Insurance
A302909,2024-11-12,13:39,Lucknow,26.109391,69.452976,Rain,Minor,Car,Unknown,0,Police
A302910,2022-02-25,00:20,Chennai,16.789187,70.457914,Rain,Moderate,Car,Drunk Driving,0,Police
A302911,2021-09-09,20:13,Hyderabad,11.942281,71.060011,Clear,Fatal,Bus,Drunk Driving,0,Police
A302912,2024-06-12,01:45,Pune,8.649287,69.995358,Rain,Severe,Car,Drunk Driving,0,Police
A302913,2025-03-14,02:02,Chennai,9.986552,69.3265,Clear,Minor,Bus,Weather,0,Police
A302914,2023-12-21,09:54,Jaipur,28.395977,73.92522,Clear,Minor,Bus,Distracted,0,Police
A302915,2025-03-04,15:10,Lucknow,17.33275,73.375654,Rain,Minor,Truck,Speeding,0,Police
A302916,2023-03-05,07:37,Lucknow,23.286679,77.326909,Rain,Minor,Pedestrian,Distracted,1,Police
A302917,2021-11-08,16:53,Pune,19.167493,72.570272,Rain,Minor,Bus,Distracted,0,Police
A302918,2025-09-12,15:02,Surat,21.589771,69.884477,Clear,Minor,Car,Mechanical Failure,0,Police
A302919,2023-03-10,19:12,Delhi,19.960514,69.214379,Storm,Fatal,Car,Weather,1,Citizen
A302920,2023-11-29,04:45,Surat,16.00762,75.470274,Fog,Minor,Motorcycle,Speeding,1,Police
A302921,2024-03-03,21:10,Mumbai,27.47894,76.998427,Fog,Moderate,Motorcycle,Mechanical Failure,0,Police
A302922,2023-04-02,17:57,Mumbai,28.084523,71.184762,Clear,Minor,Car,Unknown,0,Police
A302923,2022-11-20,04:30,Jaipur,22.976158,68.721663,Rain,Minor,Motorcycle,Unknown,0,Police
A302924,2023-12-31,21:49,Hyderabad,25.890355,77.052721,Rain,Minor,Car,Mechanical Failure,0,Police
A302925,2023-11-27,17:26,Delhi,26.708323,69.276928,Clear,Moderate,Motorcycle,Unknown,1,Hospital
A302926,2025-09-18,00:20,Lucknow,22.753442,72.314064,Clear,Moderate,Motorcycle,Distracted,2,Citizen
A302927,2024-11-06,05:37,Pune,19.990172,75.031566,Clear,Severe,Truck,Bad Road,0,Citizen
A302928,2022-10-22,17:52,Delhi,21.620496,69.72008,Clear,Moderate,Truck,Distracted,0,Police
A302929,2023-05-23,05:48,Kolkata,24.691145,75.09539,Clear,Moderate,Car,Distracted,0,Police
A302930,2025-01-23,11:12,Delhi,13.557405,72.212529,Rain,Minor,Bus,Speeding,0,Police
A302931,2021-07-17,06:43,Hyderabad,23.460203,70.652596,Clear,Minor,Car,Drunk Driving,1,Citizen
A302932,2025-09-23,15:38,Jaipur,13.864301,77.521935,Rain,Moderate,Car,Bad Road,1,Police
A302933,2022-07-28,19:36,Pune,20.909841,68.381841,Rain,Minor,Motorcycle,Mechanical Failure,0,Insurance
A302934,2022-12-11,05:24,Jaipur,23.486521,75.749798,Rain,Minor,Bus,Unknown,0,Police
A302935,2024-05-01,22:41,Pune,23.975825,70.516169,Rain,Severe,Bus,Unknown,0,Citizen
A302936,2023-05-01,11:57,Jaipur,19.393498,68.033934,Clear,Minor,Bus,Mechanical Failure,0,Police
A302937,2021-05-02,01:01,Surat,25.908101,74.393844,Clear,Minor,Bus,Unknown,1,Police
A302938,2023-10-05,14:06,Mumbai,27.748752,74.384002,Fog,Minor,Bus,Speeding,1,Citizen
A302939,2025-06-24,17:10,Hyderabad,11.185556,69.4239,Clear,Minor,Motorcycle,Unknown,0,Police
A302940,2022-04-04,20:39,Bengaluru,10.741722,72.358506,Clear,Minor,Car,Mechanical Failure,2,Police
A302941,2024-01-10,12:48,Delhi,20.638146,76.333698,Clear,Moderate,Car,Unknown,0,Hospital
A302942,2023-05-24,09:10,Chennai,25.537298,73.628928,Rain,Minor,Car,Weather,0,Hospital
A302943,2024-12-08,13:32,Delhi,19.487056,73.726485,Rain,Minor,Bus,Speeding,0,Citizen
A302944,2023-10-17,18:52,Bengaluru,27.179474,74.705861,Fog,Severe,Car,Distracted,0,Citizen
A302945,2024-08-07,04:07,Delhi,23.495634,68.91214,Hazy,Minor,Motorcycle,Drunk Driving,0,Police
A302946,2021-09-01,12:44,Mumbai,25.677564,68.710844,Clear,Severe,Motorcycle,Speeding,1,Citizen
A302947,2024-04-22,12:06,Jaipur,11.005913,77.347831,Clear,Minor,Bicycle,Unknown,0,Police
A302948,2021-12-06,21:42,Pune,13.850487,74.763942,Clear,Moderate,Motorcycle,Distracted,0,Hospital
A302949,2025-09-22,14:00,Chennai,15.698155,69.666084,Storm,Minor,Bicycle,Speeding,0,Hospital
A302950,2024-03-08,16:07,Jaipur,22.049681,71.604508,Rain,Minor,Bus,Speeding,0,Citizen
A302951,2022-08-01,06:52,Delhi,25.559741,69.00302,Clear,Minor,Truck,Drunk Driving,0,Citizen
A302952,2022-12-14,20:42,Surat,16.912671,76.56508,Clear,Fatal,Car,Bad Road,1,Police
A302953,2024-01-14,07:53,Delhi,17.248306,74.99357,Rain,Minor,Bus,Bad Road,1,Police
A302954,2024-12-24,01:15,Kolkata,22.171133,70.085515,Clear,Minor,Bus,Drunk Driving,0,Police
A302955,2022-04-03,19:05,Delhi,10.544517,69.98859,Fog,Minor,Motorcycle,Weather,0,Police
A302956,2025-07-30,08:46,Pune,19.536782,75.12161,Fog,Minor,Bus,Distracted,1,Police
A302957,2021-01-09,22:22,Surat,13.611326,72.257156,Rain,Minor,Motorcycle,Speeding,0,Police
A302958,2023-04-27,02:40,Lucknow,23.794379,70.459894,Fog,Minor,Bicycle,Unknown,0,Police
A302959,2021-10-26,12:24,Bengaluru,25.053707,70.967632,Clear,Moderate,Truck,Bad Road,2,Police
A302960,2021-10-04,03:22,Kolkata,9.156089,76.631327,Storm,Moderate,Car,Bad Road,0,Police
A302961,2025-09-29,21:04,Hyderabad,17.311749,73.142885,Rain,Severe,Bicycle,Unknown,0,Insurance
A302962,2022-03-14,09:49,Lucknow,25.81404,75.920058,Clear,Severe,Truck,Mechanical Failure,0,Police
A302963,2022-06-13,17:31,Pune,17.28593,72.347592,Clear,Minor,Car,Mechanical Failure,0,Police
A302964,2024-12-05,18:29,Mumbai,17.496189,77.083042,Rain,Moderate,Car,Weather,0,Police
A302965,2023-11-11,22:40,Mumbai,9.070266,72.778248,Rain,Minor,Motorcycle,Bad Road,0,Police
A302966,2021-03-11,14:28,Kolkata,20.861807,75.477488,Fog,Minor,Car,Drunk Driving,0,Police
A302967,2021-12-29,20:12,Kolkata,13.434549,72.3209,Clear,Fatal,Motorcycle,Bad Road,0,Hospital
A302968,2023-08-08,03:52,Hyderabad,13.595407,71.636588,Fog,Minor,Motorcycle,Drunk Driving,0,Police
A302969,2023-04-29,19:24,Pune,13.739242,75.735568,Rain,Minor,Truck,Speeding,0,Hospital
A302970,2024-08-31,07:53,Hyderabad,20.022729,75.592641,Clear,Minor,Bicycle,Mechanical Failure,0,Police
A302971,2021-06-13,10:10,Pune,22.543316,71.091218,Clear,Moderate,Pedestrian,Unknown,0,Hospital
A302972,2021-03-15,22:09,Mumbai,18.280709,75.513312,Clear,Minor,Motorcycle,Distracted,0,Hospital
A302973,2021-08-20,11:50,Chennai,10.033138,73.714537,Clear,Moderate,Motorcycle,Weather,0,Citizen
A302974,2023-09-15,02:54,Lucknow,10.331447,69.73497,Clear,Minor,Pedestrian,Unknown,0,Citizen
A302975,2023-07-05,02:37,Jaipur,18.945454,74.912979,Clear,Minor,Car,Bad Road,0,Police
A302976,2021-01-02,16:52,Kolkata,25.916811,69.342391,Clear,Minor,Car,Weather,1,Police
A302977,2021-08-14,15:53,Pune,21.700328,76.821463,Rain,Minor,Bus,Unknown,0,Police
A302978,2024-12-31,15:41,Hyderabad,21.018514,72.322989,Clear,Moderate,Car,Weather,0,Hospital
A302979,2023-03-23,00:50,Mumbai,12.695043,73.760416,Fog,Moderate,Motorcycle,Weather,0,Citizen
A302980,2022-10-06,09:47,Hyderabad,23.667756,69.144068,Clear,Minor,Truck,Unknown,0,Citizen
A302981,2024-11-27,19:07,Jaipur,23.218546,69.057491,Clear,Minor,Bus,Mechanical Failure,1,Police
A302982,2024-08-22,07:17,Kolkata,17.242801,75.314003,Clear,Minor,Motorcycle,Bad Road,0,Citizen
A302983,2022-04-06,13:11,Jaipur,20.682088,77.501683,Clear,Fatal,Bicycle,Speeding,0,Police
A302984,2024-06-19,03:42,Bengaluru,25.765014,77.0164,Snow (rare),Severe,Motorcycle,Distracted,1,Hospital
A302985,2023-05-28,11:40,Hyderabad,23.2312,74.341076,Rain,Minor,Car,Mechanical Failure,0,Police
A302986,2024-11-17,17:26,Lucknow,18.958623,73.299313,Rain,Minor,Pedestrian,Speeding,0,Hospital
A302987,2024-12-09,19:19,Surat,25.352744,71.70745,Clear,Minor,Motorcycle,Drunk Driving,0,Police
A302988,2021-05-18,18:44,Chennai,24.628432,74.724468,Fog,Moderate,Pedestrian,Speeding,0,Police
A302989,2021-01-13,05:05,Delhi,24.075294,70.116129,Fog,Minor,Motorcycle,Unknown,0,Citizen
A302990,2022-04-26,20:01,Hyderabad,19.663246,74.3339,Hazy,Minor,Bus,Mechanical Failure,0,Police
A302991,2023-04-18,02:39,Delhi,25.582048,74.003519,Rain,Minor,Motorcycle,Weather,0,Citizen
A302992,2025-05-02,20:00,Kolkata,22.112158,69.659655,Hazy,Minor,Car,Weather,0,Hospital
A302993,2021-08-28,06:15,Delhi,24.149921,75.095629,Fog,Minor,Motorcycle,Weather,0,Police
A302994,2024-08-14,07:22,Lucknow,24.926639,73.914555,Rain,Moderate,Car,Bad Road,0,Citizen
A302995,2024-07-02,05:06,Mumbai,28.575503,72.099776,Clear,Minor,Motorcycle,Speeding,0,Police
A302996,2023-04-20,22:27,Jaipur,9.559258,76.094435,Fog,Minor,Car,Speeding,1,Police
A302997,2024-02-28,18:18,Kolkata,19.348415,70.019468,Clear,Fatal,Car,Unknown,1,Police
A302998,2024-10-01,02:50,Delhi,28.175104,69.684551,Fog,Minor,Motorcycle,Bad Road,1,Police
A302999,2023-03-21,11:37,Pune,27.420014,69.416266,Clear,Minor,Bus,Speeding,0,Police
A303000,2024-01-21,17:52,Surat,25.816942,77.191952,Rain,Minor,Bus,Speeding,1,Police
A303001,2025-05-16,18:25,Pune,8.828271,72.326643,Clear,Severe,Truck,Mechanical Failure,1,Insurance
A303002,2022-12-13,14:47,Kolkata,9.745159,75.432822,Storm,Severe,Motorcycle,Speeding,0,Hospital
A303003,2024-09-01,06:09,Lucknow,10.675295,70.230681,Rain,Moderate,Bus,Distracted,0,Insurance
A303004,2021-03-29,05:40,Mumbai,23.990981,70.334923,Rain,Minor,Car,Drunk Driving,0,Police
A303005,2021-06-23,09:04,Jaipur,21.237197,74.728137,Clear,Minor,Truck,Speeding,0,Citizen
A303006,2024-05-16,18:43,Delhi,25.54033,68.578165,Rain,Moderate,Truck,Unknown,0,Citizen
A303007,2021-11-17,00:01,Bengaluru,21.473882,76.410751,Rain,Minor,Motorcycle,Mechanical Failure,0,Citizen
A303008,2024-03-07,03:25,Lucknow,26.664441,68.292495,Clear,Fatal,Car,Bad Road,1,Police
A303009,2022-07-08,06:08,Bengaluru,26.551215,73.85533,Clear,Minor,Bus,Unknown,0,Police
A303010,2025-08-15,12:56,Jaipur,10.465929,76.25378,Fog,Moderate,Bicycle,Unknown,0,Police
A303011,2021-10-04,02:47,Hyderabad,8.474371,76.515768,Rain,Severe,Car,Speeding,0,Police
A303012,2024-07-10,02:13,Pune,17.423144,72.523669,Fog,Minor,Car,Unknown,1,Hospital
A303013,2025-08-05,07:24,Bengaluru,28.40203,74.92378,Clear,Moderate,Bus,Bad Road,1,Police
A303014,2021-08-14,16:10,Lucknow,12.880646,68.712771,Clear,Moderate,Car,Bad Road,0,Police
A303015,2024-10-03,12:38,Mumbai,22.294027,69.680034,Clear,Moderate,Bicycle,Distracted,0,Police
A303016,2022-12-04,12:07,Lucknow,8.608274,76.860961,Fog,Minor,Car,Mechanical Failure,1,Citizen
A303017,2024-05-08,21:57,Chennai,16.872508,76.042133,Clear,Minor,Car,Unknown,1,Police
A303018,2023-04-06,07:00,Chennai,24.28785,75.22522,Hazy,Moderate,Bus,Drunk Driving,0,Police
A303019,2023-05-04,05:25,Jaipur,16.638975,77.329326,Rain,Minor,Bicycle,Unknown,0,Police
A303020,2021-12-20,14:28,Mumbai,13.665935,77.401662,Clear,Minor,Motorcycle,Speeding,0,Police
A303021,2022-02-10,11:56,Bengaluru,19.728603,69.776748,Hazy,Moderate,Motorcycle,Drunk Driving,1,Police
A303022,2025-07-12,05:04,Bengaluru,10.434975,69.334047,Rain,Minor,Bus,Distracted,0,Police
A303023,2021-10-10,19:18,Mumbai,15.674287,71.293628,Clear,Minor,Bus,Weather,0,Insurance
A303024,2021-09-14,21:35,Chennai,28.662272,75.821342,Rain,Severe,Motorcycle,Distracted,0,Police
A303025,2024-08-25,11:27,Delhi,24.104605,73.641715,Rain,Moderate,Bicycle,Bad Road,0,Police
A303026,2024-07-21,20:30,Mumbai,8.285378,68.215212,Rain,Severe,Car,Bad Road,0,Police
A303027,2022-05-21,04:49,Jaipur,16.511207,73.054751,Clear,Minor,Car,Speeding,0,Police
A303028,2023-09-17,06:10,Mumbai,14.483551,69.035623,Rain,Fatal,Bus,Drunk Driving,0,Police
A303029,2022-07-13,07:26,Surat,11.854961,77.282686,Storm,Moderate,Motorcycle,Unknown,0,Police
A303030,2025-03-05,12:54,Hyderabad,21.103448,71.582223,Clear,Severe,Car,Bad Road,0,Police
A303031,2024-08-30,17:52,Chennai,28.347924,70.993844,Hazy,Minor,Bicycle,Unknown,0,Citizen
A303032,2023-08-18,00:37,Lucknow,24.383507,73.465187,Clear,Fatal,Truck,Weather,1,Police
A303033,2023-03-03,13:07,Pune,17.480487,71.890951,Fog,Fatal,Bus,Mechanical Failure,1,Police
A303034,2024-06-19,12:54,Jaipur,13.537457,70.032229,Clear,Severe,Motorcycle,Unknown,0,Police
A303035,2023-07-06,07:47,Hyderabad,27.82968,74.438724,Storm,Severe,Truck,Distracted,0,Police
A303036,2023-09-18,19:43,Pune,16.641132,73.378341,Fog,Minor,Motorcycle,Unknown,0,Police
A303037,2023-08-27,12:13,Delhi,28.560377,74.081614,Fog,Moderate,Motorcycle,Distracted,0,Police
A303038,2025-02-08,05:22,Mumbai,26.113998,70.611626,Clear,Minor,Motorcycle,Distracted,0,Police
A303039,2024-07-14,20:37,Jaipur,10.946947,74.467804,Fog,Minor,Pedestrian,Weather,1,Insurance
A303040,2021-07-23,03:27,Hyderabad,8.631662,74.720202,Rain,Severe,Motorcycle,Weather,1,Police
A303041,2025-07-25,21:38,Surat,20.081213,72.16585,Hazy,Minor,Car,Bad Road,0,Police
A303042,2022-02-23,08:03,Jaipur,17.771773,71.24366,Fog,Minor,Bicycle,Drunk Driving,0,Police
A303043,2023-02-12,05:02,Lucknow,28.494109,72.043225,Clear,Moderate,Bus,Bad Road,0,Citizen
A303044,2022-06-27,19:51,Hyderabad,17.805397,70.359258,Clear,Moderate,Car,Drunk Driving,0,Police
A303045,2022-04-26,04:19,Chennai,17.336515,76.277248,Fog,Minor,Truck,Bad Road,0,Police
A303046,2023-07-26,16:09,Mumbai,25.40007,76.2001,Snow (rare),Minor,Car,Drunk Driving,0,Hospital
A303047,2021-02-01,05:29,Delhi,26.168267,76.017803,Clear,Minor,Motorcycle,Unknown,0,Police
A303048,2024-04-29,16:00,Jaipur,23.664186,75.688916,Clear,Minor,Car,Mechanical Failure,1,Citizen
A303049,2024-12-15,17:15,Chennai,18.292073,72.69096,Clear,Minor,Truck,Speeding,1,Police
A303050,2022-03-12,10:12,Delhi,19.902165,71.498424,Clear,Minor,Car,Mechanical Failure,0,Police
A303051,2022-06-05,11:39,Delhi,15.027823,73.468945,Fog,Minor,Motorcycle,Mechanical Failure,0,Police
A303052,2024-08-05,08:06,Delhi,10.911838,68.270385,Clear,Fatal,Car,Weather,0,Police
A303053,2022-07-23,20:06,Hyderabad,19.913482,72.881803,Clear,Minor,Car,Weather,0,Police
A303054,2022-11-18,07:37,Lucknow,16.301303,72.347087,Clear,Minor,Motorcycle,Unknown,0,Police
A303055,2024-07-28,03:39,Hyderabad,21.828723,74.995123,Clear,Minor,Car,Speeding,0,Police
A303056,2023-06-19,19:31,Pune,22.002183,77.048289,Clear,Minor,Truck,Speeding,1,Citizen
A303057,2022-07-08,17:35,Mumbai,19.276292,69.747067,Clear,Moderate,Pedestrian,Mechanical Failure,0,Police
A303058,2023-03-14,17:30,Kolkata,17.013719,77.510942,Clear,Severe,Car,Drunk Driving,0,Citizen
A303059,2024-06-24,09:08,Mumbai,27.701189,75.652221,Clear,Minor,Bus,Drunk Driving,1,Police
A303060,2025-02-13,18:37,Bengaluru,16.53048,68.214272,Rain,Minor,Car,Distracted,1,Police
A303061,2021-01-28,18:33,Bengaluru,13.923903,75.75309,Rain,Minor,Car,Mechanical Failure,0,Police
A303062,2021-06-25,13:09,Kolkata,9.768359,77.447958,Hazy,Moderate,Car,Drunk Driving,0,Citizen
A303063,2023-09-07,01:49,Lucknow,11.121505,76.052935,Clear,Fatal,Motorcycle,Mechanical Failure,0,Police
A303064,2021-07-26,20:23,Bengaluru,11.757657,76.313727,Clear,Minor,Car,Bad Road,0,Police
A303065,2021-01-02,01:06,Kolkata,15.724876,69.495024,Clear,Severe,Car,Mechanical Failure,0,Police
A303066,2023-10-03,13:06,Jaipur,25.405683,69.582351,Clear,Minor,Motorcycle,Weather,0,Citizen
A303067,2023-01-04,13:03,Pune,18.64004,73.901868,Clear,Severe,Pedestrian,Speeding,1,Police
A303068,2024-04-18,21:49,Pune,10.728474,70.097768,Clear,Minor,Motorcycle,Weather,0,Police
A303069,2022-04-25,13:15,Kolkata,10.398075,76.666684,Clear,Minor,Bicycle,Bad Road,0,Citizen
A303070,2024-05-16,01:17,Surat,15.35981,68.150567,Rain,Moderate,Bus,Distracted,0,Police
A303071,2024-09-21,05:35,Hyderabad,19.240239,76.459408,Clear,Severe,Motorcycle,Mechanical Failure,1,Police
A303072,2025-07-30,16:03,Pune,17.148041,77.537361,Clear,Minor,Motorcycle,Drunk Driving,1,Police
A303073,2025-07-15,11:54,Pune,9.507665,74.870207,Clear,Moderate,Motorcycle,Weather,0,Police
A303074,2024-03-06,07:58,Jaipur,9.38695,76.931923,Rain,Severe,Car,Speeding,0,Police
A303075,2025-08-02,02:01,Delhi,22.419375,77.558258,Rain,Minor,Motorcycle,Speeding,0,Police
A303076,2025-06-17,13:05,Surat,18.78085,71.215828,Clear,Minor,Car,Unknown,1,Citizen
A303077,2022-07-28,14:47,Mumbai,20.537542,70.126216,Rain,Minor,Truck,Speeding,0,Police
A303078,2021-01-03,17:38,Jaipur,24.46859,74.966759,Clear,Minor,Car,Bad Road,1,Hospital
A303079,2023-01-28,01:09,Hyderabad,15.054117,72.813535,Clear,Fatal,Bicycle,Weather,0,Hospital
A303080,2023-06-24,08:13,Surat,27.015721,72.414968,Fog,Minor,Truck,Drunk Driving,0,Police
A303081,2023-10-09,12:37,Delhi,28.161217,71.771114,Rain,Moderate,Motorcycle,Bad Road,0,Police
A303082,2024-07-21,07:55,Hyderabad,11.058884,75.299209,Clear,Minor,Motorcycle,Mechanical Failure,1,Police
A303083,2021-08-12,18:30,Chennai,27.982818,68.881924,Clear,Minor,Car,Drunk Driving,0,Police
A303084,2024-10-04,09:02,Delhi,16.54104,72.160833,Rain,Moderate,Bus,Speeding,1,Citizen
A303085,2025-07-15,10:28,Hyderabad,19.837177,71.184458,Rain,Moderate,Car,Mechanical Failure,0,Citizen
A303086,2023-07-06,10:25,Kolkata,20.703726,76.547383,Rain,Moderate,Motorcycle,Weather,0,Police
A303087,2024-02-15,01:57,Kolkata,13.435299,71.822054,Clear,Minor,Car,Speeding,0,Hospital
A303088,2022-11-29,03:56,Chennai,12.592109,73.770202,Clear,Minor,Car,Distracted,0,Police
A303089,2024-09-21,22:17,Lucknow,28.116962,70.210907,Rain,Moderate,Motorcycle,Weather,1,Insurance
A303090,2025-01-24,05:38,Delhi,17.117802,70.745814,Fog,Minor,Bus,Distracted,0,Police
A303091,2021-10-19,12:36,Surat,19.703858,74.326879,Clear,Minor,Motorcycle,Speeding,0,Citizen
A303092,2025-05-29,05:03,Surat,14.073238,69.837117,Fog,Minor,Motorcycle,Speeding,1,Police
A303093,2022-05-31,07:29,Chennai,27.463092,71.92297,Rain,Minor,Motorcycle,Bad Road,0,Police
A303094,2022-05-29,16:28,Delhi,18.406266,69.580489,Rain,Minor,Motorcycle,Distracted,1,Citizen
A303095,2023-02-06,19:25,Bengaluru,13.384072,76.252985,Clear,Moderate,Car,Unknown,0,Citizen
A303096,2023-12-30,09:17,Lucknow,26.53898,73.365803,Clear,Minor,Bus,Weather,1,Citizen
A303097,2025-05-29,03:49,Mumbai,25.111942,69.318724,Clear,Minor,Motorcycle,Speeding,0,Police
A303098,2022-06-01,08:31,Jaipur,20.173714,73.970651,Clear,Minor,Car,Drunk Driving,0,Police
A303099,2023-12-13,12:22,Pune,28.439189,75.645535,Rain,Moderate,Motorcycle,Weather,2,Police
A303100,2021-05-23,11:44,Chennai,14.499783,72.507138,Clear,Severe,Bus,Distracted,0,Police
A303101,2023-10-04,22:25,Delhi,18.182892,74.139844,Fog,Severe,Motorcycle,Bad Road,0,Police
A303102,2024-07-12,09:16,Hyderabad,16.42879,72.160875,Clear,Moderate,Truck,Weather,1,Police
A303103,2022-08-18,00:47,Pune,20.584077,70.489082,Rain,Severe,Motorcycle,Mechanical Failure,1,Citizen
A303104,2021-11-20,16:11,Jaipur,28.275984,71.298619,Clear,Moderate,Motorcycle,Weather,0,Police
A303105,2025-09-27,09:35,Surat,22.614084,74.620883,Storm,Moderate,Motorcycle,Distracted,0,Citizen
A303106,2024-11-09,02:35,Chennai,17.265308,69.261628,Clear,Minor,Car,Bad Road,0,Citizen
A303107,2021-11-04,18:18,Hyderabad,23.231671,75.394242,Fog,Minor,Car,Speeding,1,Police
A303108,2023-11-09,05:16,Pune,11.162757,76.606269,Clear,Minor,Motorcycle,Drunk Driving,0,Citizen
A303109,2024-04-30,11:05,Lucknow,10.864978,72.817654,Clear,Moderate,Bus,Unknown,1,Citizen
A303110,2024-05-24,11:46,Kolkata,22.724477,71.055761,Clear,Minor,Motorcycle,Weather,0,Police
A303111,2022-04-27,03:52,Surat,10.796988,68.88279,Rain,Moderate,Car,Mechanical Failure,0,Citizen
A303112,2022-08-13,04:48,Jaipur,23.14796,77.051629,Clear,Moderate,Car,Speeding,0,Police
A303113,2022-03-20,20:51,Mumbai,15.514792,74.470482,Clear,Fatal,Bus,Mechanical Failure,1,Police
A303114,2021-02-13,22:12,Hyderabad,16.106495,74.726956,Rain,Minor,Car,Distracted,0,Police
A303115,2022-09-10,19:16,Bengaluru,26.567122,69.444369,Rain,Minor,Car,Unknown,0,Police
A303116,2023-11-24,21:18,Kolkata,24.666918,71.516856,Clear,Moderate,Car,Bad Road,1,Insurance
A303117,2023-09-24,00:17,Kolkata,20.460958,71.808311,Rain,Moderate,Car,Weather,0,Police
A303118,2021-02-11,07:06,Chennai,12.83484,76.550863,Clear,Minor,Bus,Speeding,0,Citizen
A303119,2025-06-15,18:02,Mumbai,13.262153,70.117456,Clear,Minor,Motorcycle,Distracted,0,Police
A303120,2023-06-16,21:02,Kolkata,16.27993,75.472439,Clear,Minor,Motorcycle,Distracted,0,Police
A303121,2021-06-16,07:44,Surat,15.520448,74.458888,Clear,Severe,Motorcycle,Unknown,1,Police
A303122,2025-07-23,06:00,Pune,10.403836,74.873363,Clear,Moderate,Car,Unknown,2,Police
A303123,2022-11-15,04:44,Jaipur,15.334359,74.81156,Fog,Moderate,Car,Weather,0,Police
A303124,2021-12-31,08:26,Chennai,24.958841,77.490786,Rain,Minor,Car,Drunk Driving,0,Citizen
A303125,2024-10-12,21:45,Kolkata,27.683641,75.504519,Clear,Minor,Car,Distracted,0,Hospital
A303126,2025-01-26,21:11,Pune,24.855038,68.193537,Storm,Minor,Car,Speeding,1,Police
A303127,2021-08-03,11:55,Chennai,25.82097,68.893348,Clear,Moderate,Motorcycle,Speeding,0,Police
A303128,2024-12-08,14:35,Mumbai,12.754847,74.554672,Clear,Moderate,Car,Weather,1,Citizen
A303129,2021-06-11,06:43,Mumbai,20.491418,71.371655,Clear,Moderate,Car,Distracted,0,Police
A303130,2023-08-24,08:22,Delhi,21.813163,72.450486,Rain,Fatal,Motorcycle,Speeding,0,Police
A303131,2025-02-16,12:33,Delhi,9.455486,74.511741,Clear,Minor,Car,Drunk Driving,0,Police
A303132,2023-02-08,08:39,Bengaluru,24.206535,72.987558,Clear,Minor,Car,Weather,0,Citizen
A303133,2022-03-29,05:36,Chennai,23.300334,69.335781,Clear,Minor,Car,Distracted,0,Police
A303134,2021-03-18,21:01,Lucknow,27.843812,69.794475,Rain,Minor,Bus,Speeding,1,Hospital
A303135,2021-10-23,20:08,Jaipur,17.321166,75.300711,Clear,Minor,Car,Speeding,1,Citizen
A303136,2025-04-06,12:57,Kolkata,16.158545,72.200053,Hazy,Moderate,Bicycle,Speeding,0,Police
A303137,2022-05-05,21:07,Lucknow,23.803184,73.615759,Rain,Severe,Motorcycle,Speeding,0,Citizen
A303138,2025-07-05,19:07,Lucknow,20.06457,70.526096,Clear,Minor,Bus,Speeding,0,Insurance
A303139,2021-10-12,02:50,Lucknow,17.049036,69.275749,Rain,Minor,Car,Speeding,0,Police
A303140,2025-01-08,18:45,Pune,27.096126,76.814873,Clear,Minor,Motorcycle,Mechanical Failure,0,Police
A303141,2024-05-17,08:50,Pune,23.653067,75.721959,Clear,Minor,Motorcycle,Bad Road,0,Police
A303142,2023-10-12,18:10,Lucknow,16.280676,76.65459,Clear,Minor,Motorcycle,Distracted,1,Police
A303143,2021-07-06,20:49,Pune,17.507086,71.396443,Clear,Minor,Motorcycle,Weather,0,Police
A303144,2025-06-02,11:56,Surat,20.895386,68.891567,Clear,Moderate,Truck,Bad Road,0,Police
A303145,2025-09-29,15:38,Mumbai,19.863965,77.604174,Rain,Fatal,Motorcycle,Speeding,0,Police
A303146,2024-07-13,08:33,Delhi,9.007055,76.70327,Fog,Minor,Bicycle,Distracted,0,Citizen
A303147,2022-03-21,08:05,Lucknow,16.34455,75.044562,Clear,Minor,Motorcycle,Speeding,1,Police
A303148,2021-04-12,17:17,Surat,24.900042,76.963863,Storm,Severe,Pedestrian,Bad Road,0,Police
A303149,2021-01-09,12:00,Mumbai,20.463272,70.908906,Clear,Minor,Bicycle,Mechanical Failure,0,Insurance
A303150,2025-01-18,19:08,Delhi,26.78082,77.659301,Clear,Minor,Motorcycle,Unknown,0,Police
A303151,2025-02-14,01:58,Kolkata,25.105308,73.820749,Rain,Minor,Truck,Unknown,0,Citizen
A303152,2024-12-05,17:37,Lucknow,11.148107,76.513744,Clear,Minor,Car,Speeding,0,Police
A303153,2023-10-28,21:43,Bengaluru,25.531451,69.901635,Clear,Severe,Motorcycle,Bad Road,1,Police
A303154,2023-07-09,02:36,Surat,18.992688,68.238191,Rain,Moderate,Car,Speeding,0,Citizen
A303155,2023-06-22,01:07,Hyderabad,20.296672,71.455999,Clear,Moderate,Car,Bad Road,1,Police
A303156,2023-12-18,11:30,Chennai,21.519607,74.010572,Clear,Minor,Truck,Unknown,1,Citizen
A303157,2025-03-26,09:55,Lucknow,8.662067,76.125335,Clear,Moderate,Car,Distracted,1,Citizen
A303158,2025-03-29,17:10,Jaipur,8.34785,72.895341,Rain,Minor,Motorcycle,Distracted,0,Police
A303159,2024-10-18,17:27,Kolkata,22.009347,71.015215,Rain,Moderate,Truck,Mechanical Failure,0,Police
A303160,2022-08-27,21:37,Hyderabad,12.199621,76.545221,Clear,Moderate,Motorcycle,Speeding,1,Police
A303161,2025-03-04,10:02,Pune,23.374756,69.089847,Hazy,Fatal,Truck,Speeding,1,Police
A303162,2021-06-28,19:54,Bengaluru,8.706309,69.443894,Hazy,Fatal,Motorcycle,Mechanical Failure,0,Citizen
A303163,2025-03-23,16:06,Pune,25.721204,73.482441,Storm,Minor,Pedestrian,Unknown,1,Citizen
A303164,2023-09-02,15:21,Kolkata,16.938676,77.099853,Fog,Minor,Motorcycle,Drunk Driving,0,Police
A303165,2022-06-11,10:06,Mumbai,18.07096,76.896393,Clear,Minor,Motorcycle,Distracted,0,Police
A303166,2022-10-22,05:49,Hyderabad,16.641652,76.889583,Hazy,Minor,Motorcycle,Unknown,1,Citizen
A303167,2021-06-12,19:31,Jaipur,12.79964,72.463554,Clear,Moderate,Motorcycle,Drunk Driving,1,Police
A303168,2023-10-17,11:40,Bengaluru,19.100493,72.031257,Rain,Minor,Car,Mechanical Failure,0,Police
A303169,2023-02-07,01:47,Chennai,14.105018,69.812344,Clear,Minor,Motorcycle,Weather,0,Hospital
A303170,2023-08-05,21:04,Surat,10.482324,76.904718,Rain,None,Bus,Mechanical Failure,0,Hospital
A303171,2021-10-18,21:02,Surat,14.057669,76.242097,Snow (rare),Minor,Motorcycle,Bad Road,0,Police
A303172,2021-06-29,05:45,Kolkata,21.395599,73.818243,Clear,Minor,Bicycle,Distracted,0,Citizen
A303173,2025-04-03,06:42,Lucknow,24.474555,72.136051,Rain,Minor,Car,Unknown,0,Police
A303174,2025-07-15,11:51,Surat,18.302167,77.464833,Rain,Minor,Truck,Drunk Driving,0,Police
A303175,2025-05-02,06:52,Mumbai,17.943107,68.978852,Rain,Moderate,Pedestrian,Mechanical Failure,1,Police
A303176,2024-04-03,18:20,Pune,13.298474,76.153843,Rain,Moderate,Pedestrian,Mechanical Failure,0,Police
A303177,2024-07-22,16:26,Jaipur,9.824254,70.605626,Hazy,Minor,Motorcycle,Unknown,0,Police
A303178,2022-06-22,20:34,Delhi,13.800413,72.469367,Clear,Minor,Car,Mechanical Failure,0,Citizen
A303179,2023-08-10,06:54,Jaipur,8.768423,74.275776,Hazy,Minor,Motorcycle,Unknown,1,Police
A303180,2022-11-05,00:47,Jaipur,18.654846,75.435727,Rain,Severe,Motorcycle,Weather,0,Police
A303181,2021-10-14,15:40,Chennai,10.083936,75.598729,Clear,Minor,Motorcycle,Weather,0,Police
A303182,2023-09-08,01:46,Hyderabad,10.366792,71.604179,Clear,Minor,Motorcycle,Drunk Driving,1,Police
A303183,2024-05-12,04:58,Delhi,12.984714,68.917025,Clear,Severe,Motorcycle,Weather,1,Police
A303184,2025-05-02,18:20,Lucknow,25.87839,77.042665,Fog,Moderate,Bicycle,Drunk Driving,1,Citizen
A303185,2021-04-19,18:15,Jaipur,24.945468,74.891799,Rain,Minor,Motorcycle,Bad Road,0,Police
A303186,2022-05-07,15:07,Hyderabad,16.93846,69.977767,Clear,Moderate,Pedestrian,Unknown,0,Police
A303187,2023-10-13,08:50,Lucknow,9.891622,68.477055,Fog,Minor,Car,Mechanical Failure,2,Citizen
A303188,2022-12-17,10:09,Chennai,27.112364,70.974119,Hazy,Minor,Car,Distracted,0,Hospital
A303189,2025-01-20,16:53,Mumbai,24.614477,73.750151,Clear,Fatal,Motorcycle,Distracted,0,Citizen
A303190,2022-10-15,15:08,Delhi,20.831737,70.273782,Clear,Minor,Bus,Mechanical Failure,0,Police
A303191,2022-10-23,14:04,Hyderabad,21.892165,73.898192,Rain,Fatal,Bus,Speeding,0,Police
A303192,2024-04-15,22:18,Surat,8.470607,75.53819,Clear,Minor,Motorcycle,Unknown,0,Police
A303193,2023-05-22,00:22,Mumbai,24.499309,73.667449,Clear,Moderate,Bus,Mechanical Failure,1,Police
A303194,2022-02-19,20:40,Surat,9.377606,71.334406,Rain,Fatal,Motorcycle,Speeding,0,Police
A303195,2025-09-28,22:45,Lucknow,25.131715,75.017223,Clear,Moderate,Car,Speeding,0,Police
A303196,2022-03-09,17:11,Jaipur,17.474827,73.243775,Clear,Minor,Truck,Distracted,0,Police
A303197,2022-05-27,00:32,Pune,10.881452,77.697309,Storm,Severe,Car,Speeding,0,Police
A303198,2025-07-04,08:11,Hyderabad,22.046481,75.41768,Clear,Minor,Bus,Drunk Driving,0,Police
A303199,2025-07-09,16:26,Surat,14.326435,74.321706,Clear,Minor,Car,Bad Road,0,Police
A303200,2024-01-20,20:45,Kolkata,28.473062,71.564257,Rain,Minor,Pedestrian,Bad Road,1,Police
A303201,2024-05-23,09:55,Pune,8.922804,68.030718,Fog,Minor,Motorcycle,Bad Road,1,Police
A303202,2023-06-08,12:25,Hyderabad,17.97153,76.74914,Clear,Minor,Car,Unknown,0,Citizen
A303203,2022-01-23,22:54,Kolkata,14.564113,73.803218,Hazy,Severe,Bicycle,Speeding,0,Police
A303204,2022-10-12,05:26,Hyderabad,12.22281,70.705507,Rain,Minor,Car,Weather,0,Police
A303205,2023-04-14,08:54,Bengaluru,13.544436,70.539323,Storm,Minor,Motorcycle,Drunk Driving,0,Police
A303206,2022-08-10,16:28,Lucknow,9.445876,72.489909,Clear,Minor,Bus,Speeding,1,Police
A303207,2022-02-10,20:18,Mumbai,23.277773,71.37263,Clear,Fatal,Motorcycle,Weather,0,Police
A303208,2023-01-30,20:30,Jaipur,24.027141,68.253047,Fog,Minor,Bus,Weather,1,Police
A303209,2023-04-02,09:27,Delhi,26.287337,73.032621,Rain,Severe,Truck,Mechanical Failure,0,Police
A303210,2024-06-24,14:27,Jaipur,12.130237,72.820146,Storm,Minor,Car,Weather,0,Police
A303211,2022-12-20,20:08,Bengaluru,25.54629,73.655355,Rain,Severe,Pedestrian,Distracted,2,Police
A303212,2023-12-19,21:51,Bengaluru,19.848204,73.623623,Rain,Fatal,Bus,Weather,1,Police
A303213,2022-11-11,15:29,Pune,9.416677,76.636411,Fog,Moderate,Car,Distracted,1,Citizen
A303214,2023-10-15,17:46,Kolkata,19.557713,70.462722,Storm,Moderate,Motorcycle,Unknown,0,Police
A303215,2024-09-29,19:00,Pune,8.692445,77.368426,Rain,Severe,Motorcycle,Speeding,1,Hospital
A303216,2022-01-24,18:54,Bengaluru,19.475488,68.869064,Fog,Minor,Bicycle,Unknown,0,Police
A303217,2025-02-19,10:18,Surat,23.839857,72.860527,Storm,Minor,Car,Weather,0,Police
A303218,2021-06-12,13:37,Bengaluru,14.961668,74.001684,Rain,Minor,Motorcycle,Mechanical Failure,0,Hospital
A303219,2022-07-10,08:58,Jaipur,10.381091,76.957478,Clear,Moderate,Bus,Unknown,0,Police
A303220,2025-04-21,08:19,Surat,20.555054,71.89222,Rain,Moderate,Motorcycle,Unknown,0,Police
A303221,2021-11-06,04:19,Mumbai,13.941982,74.518091,Clear,Minor,Truck,Distracted,0,Police
A303222,2023-09-28,02:06,Delhi,9.394585,71.740327,Clear,Minor,Bicycle,Bad Road,0,Police
A303223,2021-03-03,21:08,Jaipur,25.880148,73.17422,Fog,Fatal,Car,Drunk Driving,0,Police
A303224,2022-08-26,10:04,Lucknow,22.250209,70.60399,Clear,Moderate,Motorcycle,Unknown,0,Hospital
A303225,2025-09-16,13:37,Kolkata,27.46364,70.300874,Rain,Minor,Bus,Unknown,0,Hospital
A303226,2023-06-23,00:32,Mumbai,13.898196,73.698786,Fog,Minor,Truck,Mechanical Failure,0,Hospital
A303227,2024-06-05,09:23,Hyderabad,23.894162,77.077803,Rain,Minor,Car,Unknown,0,Police
A303228,2021-11-30,17:50,Bengaluru,8.06811,75.838346,Fog,Minor,Car,Unknown,0,Police
A303229,2021-03-24,21:55,Mumbai,9.239079,73.141534,Rain,Minor,Car,Mechanical Failure,0,Police
A303230,2024-07-20,17:17,Chennai,21.84967,71.313359,Fog,Minor,Motorcycle,Drunk Driving,0,Police
A303231,2021-04-03,11:21,Bengaluru,14.300309,69.368632,Storm,Minor,Bus,Speeding,1,Citizen
A303232,2025-02-12,07:34,Lucknow,28.400258,73.248838,Rain,Minor,Car,Mechanical Failure,0,Citizen
A303233,2021-06-28,20:54,Hyderabad,20.51134,72.955381,Rain,Minor,Car,Bad Road,0,Citizen
A303234,2025-02-21,09:25,Pune,19.980712,73.980744,Rain,Minor,Car,Speeding,1,Insurance
A303235,2021-11-12,12:45,Lucknow,21.034548,70.143918,Clear,Severe,Bus,Mechanical Failure,0,Police
A303236,2021-12-19,20:19,Jaipur,11.344534,71.472004,Rain,Minor,Car,Weather,0,Citizen
A303237,2023-08-03,17:00,Kolkata,20.770465,73.627519,Rain,Minor,Motorcycle,Bad Road,0,Police
A303238,2021-04-24,02:15,Kolkata,17.002586,71.367896,Clear,Minor,Motorcycle,Drunk Driving,0,Police
A303239,2025-06-26,14:45,Kolkata,13.61767,77.037423,Rain,Minor,Bus,Mechanical Failure,0,Police
A303240,2022-08-12,22:14,Chennai,21.812704,74.60693,Fog,Severe,Motorcycle,Weather,1,Police
A303241,2023-05-27,17:50,Bengaluru,19.2743,76.173494,Fog,Minor,Car,Distracted,1,Hospital
A303242,2022-01-08,01:52,Mumbai,10.377154,77.44553,Fog,Minor,Bus,Distracted,1,Citizen
A303243,2024-12-28,14:07,Delhi,20.381534,68.000913,Hazy,Minor,Motorcycle,Speeding,0,Police
A303244,2024-11-14,08:39,Chennai,27.428252,70.926125,Clear,Minor,Car,Distracted,1,Citizen
A303245,2021-05-22,00:09,Chennai,18.007163,76.191417,Fog,Severe,Car,Bad Road,0,Police
A303246,2025-06-14,13:22,Delhi,13.426177,74.69981,Clear,Moderate,Bus,Bad Road,0,Citizen
A303247,2024-08-30,06:50,Hyderabad,9.035127,71.208725,Rain,Minor,Car,Mechanical Failure,0,Police
A303248,2022-01-30,14:29,Jaipur,22.539422,76.700225,Hazy,Minor,Motorcycle,Unknown,0,Police
A303249,2021-08-21,07:05,Mumbai,22.47852,68.974337,Rain,Fatal,Car,Speeding,0,Police
A303250,2025-05-27,14:32,Surat,24.911636,70.486594,Rain,Minor,Motorcycle,Unknown,1,Police
A303251,2024-02-05,08:44,Pune,25.569011,69.425157,Clear,Moderate,Car,Unknown,0,Police
A303252,2022-11-20,06:38,Kolkata,26.640355,73.802475,Clear,Minor,Car,Weather,0,Police
A303253,2022-12-03,21:04,Delhi,21.356327,68.362966,Clear,Minor,Bus,Speeding,1,Hospital
A303254,2022-06-05,11:36,Jaipur,16.937924,76.359754,Clear,Minor,Car,Weather,0,Police
A303255,2022-12-08,13:18,Mumbai,10.273751,72.247723,Clear,Minor,Car,Drunk Driving,0,Police
A303256,2022-09-29,05:51,Hyderabad,21.973978,72.449363,Rain,Fatal,Car,Unknown,0,Citizen
A303257,2021-03-09,22:22,Lucknow,24.670469,76.097555,Rain,Minor,Motorcycle,Drunk Driving,0,Citizen
A303258,2022-10-08,21:17,Bengaluru,21.319612,70.974804,Hazy,Severe,Truck,Weather,0,Police
A303259,2024-08-22,07:43,Pune,13.211783,69.045452,Clear,Minor,Car,Drunk Driving,0,Insurance
A303260,2021-01-07,08:29,Delhi,25.636642,70.359905,Clear,Moderate,Car,Speeding,0,Citizen
A303261,2024-06-12,12:48,Kolkata,16.069426,68.292003,Hazy,Moderate,Motorcycle,Drunk Driving,1,Hospital
A303262,2025-08-10,11:02,Lucknow,21.689535,69.299936,Clear,Moderate,Car,Unknown,0,Police
A303263,2023-05-13,08:23,Mumbai,17.359798,74.406805,Rain,Minor,Truck,Speeding,0,Police
A303264,2022-02-19,03:13,Surat,28.228797,72.944711,Clear,Minor,Motorcycle,Speeding,0,Police
A303265,2023-06-16,11:32,Pune,24.075028,73.603501,Clear,Minor,Car,Distracted,1,Police
A303266,2023-12-02,21:53,Chennai,17.433377,74.667241,Storm,Severe,Motorcycle,Speeding,0,Citizen
A303267,2025-06-06,05:27,Bengaluru,10.123095,77.448802,Snow (rare),Minor,Bus,Weather,0,Police
A303268,2022-02-24,03:00,Pune,24.944033,69.776279,Fog,Minor,Car,Mechanical Failure,1,Police
A303269,2022-05-15,02:02,Pune,15.427928,73.624119,Fog,Fatal,Truck,Distracted,0,Citizen
A303270,2025-03-19,07:07,Jaipur,9.512207,75.207852,Hazy,Minor,Bus,Distracted,0,Police
A303271,2023-07-18,00:06,Delhi,20.927909,76.698921,Fog,Moderate,Bus,Unknown,0,Hospital
A303272,2022-12-04,07:42,Surat,13.981293,71.938233,Clear,Minor,Bus,Weather,0,Police
A303273,2022-09-05,10:24,Lucknow,14.217754,70.618269,Clear,Minor,Bus,Drunk Driving,0,Police
A303274,2021-04-05,05:39,Surat,19.345931,72.204628,Clear,Minor,Motorcycle,Drunk Driving,0,Citizen
A303275,2022-11-28,12:19,Delhi,10.390246,69.305256,Hazy,Moderate,Motorcycle,Speeding,0,Police
A303276,2024-06-02,05:09,Chennai,16.294725,77.549303,Clear,Moderate,Bus,Mechanical Failure,1,Citizen
A303277,2025-08-17,19:49,Delhi,27.021736,69.46457,Clear,Moderate,Motorcycle,Drunk Driving,0,Police
A303278,2021-03-30,01:37,Hyderabad,10.663784,70.582015,Fog,Minor,Car,Speeding,2,Police
A303279,2025-06-20,19:50,Surat,14.10067,73.650983,Hazy,Minor,Truck,Drunk Driving,0,Police
A303280,2024-04-23,02:02,Jaipur,25.511053,72.650601,Storm,Minor,Motorcycle,Bad Road,1,Police
A303281,2021-09-30,05:25,Lucknow,17.493445,72.843763,Rain,Minor,Truck,Weather,0,Citizen
A303282,2022-09-03,18:14,Bengaluru,19.324172,69.530275,Clear,Moderate,Motorcycle,Unknown,0,Police
A303283,2022-01-03,21:29,Chennai,27.238967,71.405319,Hazy,Minor,Bus,Bad Road,0,Citizen
A303284,2023-03-14,13:22,Delhi,9.57362,71.993728,Clear,Severe,Bus,Unknown,1,Police
A303285,2023-04-17,07:19,Bengaluru,27.019371,77.57814,Rain,Minor,Bicycle,Unknown,0,Police
A303286,2025-08-07,10:02,Hyderabad,8.548413,68.186475,Clear,Minor,Car,Drunk Driving,0,Police
A303287,2021-05-02,21:55,Lucknow,14.580459,68.766486,Fog,None,Car,Mechanical Failure,1,Police
A303288,2024-09-05,15:41,Lucknow,24.987657,68.478339,Fog,Moderate,Car,Drunk Driving,0,Police
A303289,2024-12-23,16:04,Bengaluru,21.555308,71.329124,Clear,Moderate,Car,Weather,0,Citizen
A303290,2021-08-12,10:44,Lucknow,22.083851,72.777987,Fog,Minor,Bus,Mechanical Failure,0,Citizen
A303291,2023-05-10,17:57,Bengaluru,19.541792,73.834886,Clear,Minor,Motorcycle,Distracted,0,Police
A303292,2021-07-18,03:57,Chennai,16.311819,69.602423,Clear,Minor,Motorcycle,Distracted,1,Police
A303293,2021-10-23,14:30,Delhi,9.987526,73.932032,Clear,Moderate,Bus,Speeding,1,Police
A303294,2023-02-07,18:16,Mumbai,18.039335,70.866225,Rain,Minor,Car,Weather,0,Police
A303295,2022-11-07,12:46,Pune,10.209902,74.49679,Hazy,Minor,Car,Mechanical Failure,0,Hospital
A303296,2023-04-25,00:23,Delhi,26.001809,72.231569,Clear,Moderate,Bicycle,Unknown,0,Police
A303297,2023-10-20,16:46,Lucknow,8.255705,75.596382,Fog,Minor,Truck,Weather,0,Hospital
A303298,2023-11-20,10:24,Hyderabad,9.872515,71.165244,Rain,Minor,Car,Mechanical Failure,0,Citizen
A303299,2021-04-20,19:23,Jaipur,9.154882,73.401531,Rain,Minor,Motorcycle,Unknown,0,Police
A303300,2023-01-23,15:38,Chennai,18.479302,72.968225,Hazy,Minor,Truck,Weather,0,Hospital
A303301,2023-12-30,05:46,Hyderabad,15.743697,70.479512,Clear,Severe,Car,Speeding,1,Citizen
A303302,2024-08-02,16:44,Jaipur,17.383397,70.982429,Clear,Minor,Car,Weather,0,Police
A303303,2022-03-17,04:16,Mumbai,13.44424,76.155591,Clear,Minor,Motorcycle,Weather,1,Police
A303304,2021-06-16,03:50,Delhi,15.834534,75.992683,Fog,Severe,Motorcycle,Unknown,0,Police
A303305,2024-10-24,10:32,Hyderabad,21.578147,75.417801,Clear,Minor,Bus,Mechanical Failure,0,Police
A303306,2023-03-03,18:38,Jaipur,19.58516,77.2443,Hazy,Minor,Bus,Unknown,0,Citizen
A303307,2024-03-11,17:05,Delhi,26.047876,68.75633,Hazy,Moderate,Motorcycle,Mechanical Failure,1,Police
A303308,2024-07-19,07:40,Lucknow,15.317179,75.833007,Hazy,Severe,Car,Drunk Driving,1,Citizen
A303309,2025-02-11,16:42,Kolkata,13.731875,76.212483,Clear,Moderate,Car,Weather,0,Police
A303310,2021-10-22,12:44,Mumbai,21.714427,77.324582,Clear,Minor,Motorcycle,Speeding,0,Police
A303311,2022-05-13,17:48,Delhi,27.126223,69.939827,Hazy,Moderate,Car,Drunk Driving,0,Citizen
A303312,2022-11-12,15:44,Pune,18.461453,73.620888,Rain,Minor,Car,Drunk Driving,1,Citizen
A303313,2023-09-10,20:40,Pune,10.934161,74.114199,Clear,Minor,Motorcycle,Drunk Driving,1,Police
A303314,2022-02-12,04:46,Chennai,18.461302,72.739886,Clear,Minor,Car,Mechanical Failure,2,Police
A303315,2023-07-01,14:41,Jaipur,21.007152,76.267304,Fog,Minor,Bus,Weather,0,Police
A303316,2021-07-18,17:31,Kolkata,13.118451,72.717929,Rain,Moderate,Car,Drunk Driving,0,Police
A303317,2025-01-06,21:25,Surat,17.079175,71.717444,Clear,Moderate,Motorcycle,Distracted,0,Police
A303318,2022-05-20,09:23,Delhi,21.287369,68.188842,Rain,Minor,Bus,Drunk Driving,1,Police
A303319,2021-05-10,11:58,Jaipur,28.690585,69.633657,Clear,Minor,Bus,Weather,1,Police
A303320,2023-09-27,18:01,Mumbai,20.458273,71.923548,Clear,Minor,Bus,Speeding,0,Police
A303321,2025-01-15,01:36,Jaipur,24.593764,77.58276,Clear,Severe,Motorcycle,Weather,0,Police
A303322,2024-01-14,04:11,Surat,10.731491,75.620761,Snow (rare),Minor,Car,Drunk Driving,0,Police
A303323,2023-04-07,19:16,Kolkata,17.363087,70.504969,Clear,Moderate,Bus,Speeding,0,Police
A303324,2021-02-13,09:56,Lucknow,20.647641,69.707894,Fog,Minor,Bus,Drunk Driving,0,Citizen
A303325,2022-03-26,16:05,Kolkata,16.482183,77.237995,Clear,Moderate,Truck,Unknown,0,Police
A303326,2025-04-06,09:00,Surat,16.609154,77.499459,Clear,Fatal,Car,Mechanical Failure,0,Hospital
A303327,2021-03-11,07:14,Chennai,19.877633,70.334319,Rain,Severe,Motorcycle,Unknown,0,Police
A303328,2022-05-19,19:43,Surat,25.491371,68.96671,Rain,Minor,Car,Speeding,0,Citizen
A303329,2022-03-03,02:41,Kolkata,9.846126,76.616585,Clear,Moderate,Truck,Distracted,0,Citizen
A303330,2021-12-07,06:34,Chennai,16.989175,69.215699,Rain,None,Truck,Bad Road,0,Police
A303331,2024-06-19,05:17,Pune,8.188044,70.90848,Clear,Minor,Car,Distracted,1,Police
A303332,2025-09-06,05:08,Bengaluru,15.447084,70.827057,Clear,Minor,Bus,Bad Road,0,Police
A303333,2025-09-07,22:12,Lucknow,19.906912,71.854572,Clear,Moderate,Bus,Distracted,0,Police
A303334,2025-07-13,12:12,Bengaluru,27.134456,74.206528,Rain,Moderate,Pedestrian,Speeding,0,Police
A303335,2025-06-22,19:32,Hyderabad,27.188423,68.185294,Hazy,Fatal,Car,Unknown,0,Police
A303336,2025-07-13,07:52,Bengaluru,15.676789,72.974411,Clear,Minor,Truck,Drunk Driving,0,Hospital
A303337,2023-09-24,11:33,Surat,21.366687,70.845879,Hazy,Minor,Car,Speeding,0,Police
A303338,2024-11-27,14:43,Kolkata,27.129776,74.852664,Rain,Minor,Car,Bad Road,0,Citizen
A303339,2021-11-19,02:34,Lucknow,16.907296,73.668681,Rain,Severe,Car,Drunk Driving,0,Police
A303340,2021-03-28,02:14,Surat,24.337763,71.409657,Clear,Minor,Motorcycle,Unknown,0,Police
A303341,2023-07-21,13:15,Delhi,16.319802,71.008536,Clear,Severe,Motorcycle,Mechanical Failure,1,Police
A303342,2024-05-19,02:34,Mumbai,11.755751,72.541493,Clear,Minor,Car,Weather,0,Police
A303343,2022-07-15,15:53,Hyderabad,12.600851,77.629092,Clear,Fatal,Motorcycle,Mechanical Failure,0,Hospital
A303344,2024-10-27,20:00,Delhi,19.254141,76.341564,Rain,Minor,Motorcycle,Weather,2,Police
A303345,2024-08-12,03:32,Bengaluru,21.714931,72.476667,Fog,Moderate,Motorcycle,Drunk Driving,0,Police
A303346,2021-03-25,02:26,Surat,11.143218,69.28594,Hazy,Fatal,Pedestrian,Mechanical Failure,2,Police
A303347,2025-07-01,21:18,Jaipur,17.444778,74.658893,Rain,Severe,Car,Speeding,0,Police
A303348,2023-05-31,01:49,Hyderabad,23.782723,70.178917,Clear,Moderate,Car,Distracted,0,Police
A303349,2021-08-29,03:51,Lucknow,15.604043,69.403887,Fog,Minor,Motorcycle,Bad Road,0,Police
A303350,2023-09-04,06:09,Chennai,11.938911,74.4179,Rain,Minor,Car,Weather,0,Police
A303351,2022-07-02,17:41,Bengaluru,20.261936,71.815678,Clear,Minor,Car,Weather,0,Police
A303352,2021-07-07,21:00,Lucknow,11.03602,76.377865,Clear,Minor,Motorcycle,Speeding,0,Citizen
A303353,2024-05-14,12:39,Mumbai,8.239784,77.031136,Fog,Moderate,Pedestrian,Speeding,0,Police
A303354,2023-10-01,16:04,Hyderabad,9.516043,70.079963,Fog,Moderate,Pedestrian,Speeding,1,Police
A303355,2025-08-16,22:02,Jaipur,11.408618,75.788609,Clear,Minor,Motorcycle,Weather,0,Insurance
A303356,2024-04-02,22:14,Pune,14.958014,70.38696,Rain,Minor,Car,Weather,1,Police
A303357,2024-03-01,01:22,Jaipur,9.876282,71.037198,Clear,Minor,Car,Mechanical Failure,0,Police
A303358,2022-08-16,07:14,Kolkata,19.991197,76.121069,Rain,Minor,Motorcycle,Speeding,0,Police
A303359,2022-02-15,20:44,Lucknow,16.693579,70.920531,Storm,Minor,Motorcycle,Speeding,1,Citizen
A303360,2023-08-08,05:39,Delhi,9.410996,75.62262,Rain,Moderate,Car,Speeding,0,Police
A303361,2021-07-19,01:53,Bengaluru,13.857388,68.873851,Rain,Minor,Car,Drunk Driving,0,Police
A303362,2022-09-27,08:31,Delhi,20.213407,74.709692,Clear,Minor,Motorcycle,Speeding,0,Citizen
A303363,2021-03-10,18:58,Chennai,16.320777,77.113085,Clear,Minor,Car,Bad Road,0,Police
A303364,2022-02-22,11:34,Surat,20.067072,75.777293,Rain,Moderate,Car,Unknown,1,Police
A303365,2021-04-25,01:30,Chennai,24.215954,75.257739,Clear,Minor,Bus,Speeding,0,Citizen
A303366,2024-10-13,12:54,Surat,19.650365,71.924525,Clear,Severe,Motorcycle,Speeding,1,Police
A303367,2021-08-11,01:21,Lucknow,9.78538,76.733324,Clear,Minor,Motorcycle,Drunk Driving,1,Police
A303368,2023-04-11,19:49,Chennai,9.150862,70.409132,Clear,Moderate,Truck,Drunk Driving,0,Citizen
A303369,2025-05-27,05:20,Bengaluru,18.084441,76.740572,Rain,Minor,Bus,Weather,1,Police
A303370,2023-07-10,06:34,Delhi,15.635499,75.723251,Rain,Severe,Bus,Bad Road,0,Police
A303371,2024-04-01,08:52,Delhi,8.281561,75.208391,Clear,Minor,Bus,Distracted,0,Police
A303372,2024-06-26,17:45,Lucknow,24.987997,75.734437,Fog,Minor,Motorcycle,Mechanical Failure,1,Police
A303373,2022-07-10,17:24,Jaipur,27.661408,70.770971,Hazy,Minor,Motorcycle,Mechanical Failure,0,Citizen
A303374,2023-06-02,09:30,Bengaluru,18.035219,74.586901,Rain,Moderate,Motorcycle,Weather,0,Hospital
A303375,2023-11-01,17:10,Hyderabad,9.737224,74.867331,Clear,Moderate,Motorcycle,Weather,0,Police
A303376,2023-09-13,18:16,Pune,26.073139,73.304227,Rain,Moderate,Car,Weather,1,Police
A303377,2021-10-01,13:01,Surat,26.320088,70.267134,Clear,Minor,Car,Speeding,0,Police
A303378,2024-09-16,09:45,Pune,23.552946,73.68395,Clear,Fatal,Car,Weather,0,Police
A303379,2022-06-07,05:50,Mumbai,9.729962,73.799289,Clear,Minor,Motorcycle,Bad Road,1,Police
A303380,2021-03-19,09:47,Bengaluru,13.454916,68.858514,Fog,Severe,Truck,Speeding,0,Police
A303381,2024-02-16,05:55,Kolkata,25.676006,68.044057,Clear,Minor,Car,Bad Road,2,Police
A303382,2021-10-13,13:30,Chennai,26.506044,70.771141,Fog,Minor,Bicycle,Speeding,1,Police
A303383,2024-09-06,09:26,Hyderabad,10.067759,71.812937,Clear,Moderate,Car,Bad Road,0,Hospital
A303384,2025-02-14,03:13,Jaipur,9.604295,76.519286,Hazy,Minor,Truck,Bad Road,1,Citizen
A303385,2023-12-28,02:54,Kolkata,15.987539,74.454965,Rain,Moderate,Motorcycle,Distracted,0,Citizen
A303386,2022-10-31,13:13,Mumbai,21.440387,68.034317,Fog,None,Car,Mechanical Failure,0,Police
A303387,2021-07-18,01:19,Mumbai,26.430642,76.896585,Clear,Minor,Bus,Distracted,0,Citizen
A303388,2024-08-27,09:51,Mumbai,9.377908,69.096224,Clear,Severe,Truck,Unknown,0,Citizen
A303389,2024-12-11,16:50,Lucknow,28.04532,75.389615,Clear,Minor,Motorcycle,Drunk Driving,0,Police
A303390,2021-07-26,15:32,Jaipur,8.095458,75.116997,Fog,Severe,Car,Mechanical Failure,0,Citizen
A303391,2024-03-06,07:25,Chennai,17.394947,75.851733,Clear,Severe,Car,Bad Road,1,Police
A303392,2025-01-13,12:05,Kolkata,8.544169,71.148369,Rain,Minor,Motorcycle,Bad Road,0,Police
A303393,2023-09-21,02:05,Chennai,11.957945,72.21061,Fog,Minor,Motorcycle,Weather,0,Police
A303394,2023-11-09,08:47,Bengaluru,25.256405,73.049705,Clear,Minor,Car,Drunk Driving,0,Citizen
A303395,2025-09-11,13:50,Pune,10.469854,73.286987,Clear,Minor,Bus,Distracted,0,Citizen
A303396,2023-07-16,12:42,Jaipur,8.803906,72.630877,Clear,Fatal,Motorcycle,Unknown,0,Citizen
A303397,2024-02-07,09:00,Pune,20.518839,69.316884,Rain,Minor,Motorcycle,Mechanical Failure,0,Hospital
A303398,2024-12-29,19:39,Hyderabad,20.730377,71.016824,Fog,Minor,Bus,Speeding,0,Police
A303399,2025-08-19,07:58,Pune,15.158505,76.553845,Clear,Moderate,Bus,Weather,0,Citizen
A303400,2022-05-22,18:34,Jaipur,16.624642,75.486554,Clear,Minor,Bicycle,Bad Road,0,Hospital
A303401,2022-06-16,16:15,Surat,11.900196,72.46471,Clear,Minor,Bus,Distracted,1,Citizen
A303402,2021-07-12,21:50,Bengaluru,10.889758,73.451174,Rain,Moderate,Car,Unknown,0,Police
A303403,2022-11-24,18:49,Kolkata,8.80274,70.313024,Storm,Fatal,Car,Mechanical Failure,0,Police
A303404,2022-03-04,17:33,Surat,14.183526,77.203497,Clear,Moderate,Bus,Speeding,0,Hospital
A303405,2021-08-29,04:52,Jaipur,12.931016,69.432447,Clear,Moderate,Motorcycle,Mechanical Failure,0,Police
A303406,2022-12-22,10:44,Kolkata,9.619577,77.408619,Fog,Minor,Bicycle,Drunk Driving,1,Citizen
A303407,2021-08-01,05:07,Kolkata,26.66416,68.573238,Clear,Moderate,Pedestrian,Mechanical Failure,0,Citizen
A303408,2021-08-09,02:39,Hyderabad,12.119135,76.943962,Fog,Minor,Car,Unknown,0,Citizen
A303409,2024-12-17,06:49,Chennai,10.04793,75.126423,Fog,Minor,Car,Distracted,0,Citizen
A303410,2021-03-13,08:25,Surat,12.172121,73.39921,Fog,Minor,Motorcycle,Speeding,0,Citizen
A303411,2021-09-09,15:37,Pune,16.302148,75.488008,Fog,Severe,Car,Unknown,0,Police
A303412,2023-09-17,18:18,Jaipur,11.314653,71.771991,Storm,Moderate,Car,Drunk Driving,0,Hospital
A303413,2024-03-03,00:40,Pune,12.332366,69.466917,Clear,Minor,Motorcycle,Unknown,0,Police
A303414,2023-01-09,09:39,Surat,26.651845,74.51951,Rain,Minor,Pedestrian,Speeding,0,Citizen
A303415,2024-09-06,12:13,Delhi,13.613269,74.866723,Clear,Minor,Motorcycle,Mechanical Failure,0,Citizen
A303416,2025-08-10,05:58,Delhi,16.147208,77.034014,Clear,Severe,Motorcycle,Unknown,0,Citizen
A303417,2023-10-11,20:14,Hyderabad,12.783354,71.327196,Clear,Minor,Car,Speeding,0,Citizen
A303418,2022-09-30,21:46,Chennai,13.180402,71.081586,Clear,Fatal,Car,Weather,2,Police
A303419,2021-12-14,22:57,Kolkata,19.229216,77.486314,Rain,Minor,Bus,Drunk Driving,0,Insurance
A303420,2021-09-14,05:54,Pune,13.507588,70.233298,Clear,Moderate,Car,Mechanical Failure,1,Police
A303421,2025-09-20,14:29,Surat,23.196683,76.985838,Hazy,Moderate,Motorcycle,Weather,0,Police
A303422,2021-05-02,02:22,Hyderabad,24.299311,70.715376,Clear,Minor,Bicycle,Speeding,0,Citizen
A303423,2022-12-17,00:26,Hyderabad,19.748378,71.154415,Clear,Minor,Car,Bad Road,0,Citizen
A303424,2024-08-30,14:20,Lucknow,24.504201,70.847064,Clear,Severe,Bus,Drunk Driving,0,Hospital
A303425,2021-06-06,16:08,Delhi,24.571798,69.505325,Hazy,Minor,Car,Speeding,0,Insurance
A303426,2023-03-10,20:08,Jaipur,16.304333,75.406015,Clear,Minor,Pedestrian,Distracted,0,Police
A303427,2024-08-06,16:07,Hyderabad,11.168565,74.411822,Rain,Moderate,Bus,Speeding,1,Police
A303428,2023-02-06,02:08,Lucknow,11.651287,70.875627,Rain,None,Bicycle,Drunk Driving,0,Police
A303429,2025-02-21,04:56,Delhi,11.282779,69.732597,Fog,Minor,Car,Weather,1,Police
A303430,2025-08-11,02:29,Jaipur,8.878472,76.903866,Clear,Minor,Car,Mechanical Failure,0,Police
A303431,2021-06-08,21:29,Bengaluru,23.870685,76.76482,Clear,Minor,Bus,Unknown,0,Police
A303432,2022-07-26,03:39,Jaipur,27.925615,70.291912,Rain,Minor,Car,Drunk Driving,0,Police
A303433,2024-08-16,19:41,,8.776474,69.398422,Rain,Minor,Motorcycle,Weather,1,Police
A303434,2022-08-15,05:33,Pune,8.952995,68.851696,Fog,Severe,Motorcycle,Drunk Driving,0,Police
A303435,2021-01-06,09:18,Jaipur,26.954685,77.500001,Rain,Minor,Car,Drunk Driving,0,Police
A303436,2022-12-06,11:01,Kolkata,18.48475,73.497386,Clear,None,Motorcycle,Unknown,2,Citizen
A303437,2021-07-27,05:43,Chennai,11.716405,68.31008,Hazy,Moderate,Truck,Speeding,0,Hospital
A303438,2023-08-06,13:01,Hyderabad,8.896991,72.535956,Clear,Minor,Pedestrian,Speeding,0,Citizen
A303439,2024-04-22,11:54,Chennai,22.379243,74.571026,Storm,Severe,Truck,Drunk Driving,0,Police
A303440,2021-06-06,19:40,Hyderabad,15.555176,73.667781,Rain,Minor,Car,Drunk Driving,0,Citizen
A303441,2022-07-21,18:13,Delhi,14.813613,70.667966,Clear,Moderate,Motorcycle,Unknown,0,Police
A303442,2021-09-15,14:06,Jaipur,27.178849,76.874663,Rain,Minor,Truck,Distracted,1,Citizen
A303443,2024-02-26,08:40,Hyderabad,21.995656,73.98717,Fog,Minor,Motorcycle,Weather,0,Police
A303444,2021-05-30,22:05,Lucknow,13.210005,76.237588,Clear,Minor,Car,Bad Road,1,Hospital
A303445,2023-05-18,12:06,Jaipur,17.124886,75.044015,Rain,Minor,Motorcycle,Weather,1,Police
A303446,2022-12-03,11:46,Delhi,19.020441,72.599474,Storm,Minor,Car,Drunk Driving,0,Citizen
A303447,2023-11-25,03:54,Bengaluru,20.425862,77.395033,Clear,Minor,Bus,Mechanical Failure,0,Police
A303448,2024-08-01,09:32,Jaipur,17.020801,74.235105,Rain,Minor,Bicycle,Weather,0,Police
A303449,2023-09-26,08:42,Hyderabad,8.967806,72.586941,Clear,Minor,Bus,Distracted,0,Police
A303450,2024-01-08,10:38,Jaipur,21.036568,69.774151,Clear,None,Motorcycle,Drunk Driving,0,Citizen
A303451,2024-01-12,01:21,Delhi,19.993562,75.122285,Rain,Fatal,Bus,Drunk Driving,0,Citizen
A303452,2021-01-16,13:40,Delhi,17.009304,70.982093,Clear,Minor,Motorcycle,Unknown,0,Hospital
A303453,2024-12-18,03:48,Jaipur,14.01074,68.957931,Rain,Minor,Car,Mechanical Failure,0,Police
A303454,2024-02-28,09:34,Delhi,26.646044,73.378765,Clear,Minor,Motorcycle,Mechanical Failure,0,Police
A303455,2023-09-26,04:27,Chennai,25.65791,74.005863,Fog,Minor,Motorcycle,Weather,0,Insurance
A303456,2025-07-18,03:54,Surat,21.091739,74.852835,Clear,Severe,Bus,Speeding,1,Police
A303457,2024-03-11,01:42,Chennai,28.683578,77.072611,Rain,Moderate,Pedestrian,Drunk Driving,0,Police
A303458,2022-04-12,05:11,Chennai,22.649266,69.880545,Clear,Minor,Bus,Speeding,2,Citizen
A303459,2024-08-18,04:46,Kolkata,10.450949,73.6952,Rain,Minor,Bus,Speeding,0,Police
A303460,2023-08-13,19:21,Lucknow,12.194266,73.373423,Clear,Moderate,Car,Unknown,0,Citizen
A303461,2021-12-21,12:36,Pune,11.295684,72.570634,Clear,Moderate,Car,Mechanical Failure,0,Hospital
A303462,2023-06-23,04:28,Chennai,12.058931,72.485626,Rain,Moderate,Car,Weather,0,Citizen
A303463,2021-07-01,18:00,Chennai,20.486598,77.540119,Fog,Minor,Motorcycle,Distracted,2,Police
A303464,2021-02-27,07:31,Hyderabad,15.223063,70.325133,Clear,Moderate,Motorcycle,Bad Road,0,Police
A303465,2024-10-25,08:13,Pune,27.12582,71.575419,Rain,Minor,Motorcycle,Bad Road,0,Police
A303466,2021-01-21,06:31,Lucknow,15.451548,76.331751,Clear,Minor,Truck,Mechanical Failure,0,Police
A303467,2022-07-08,15:18,Surat,15.448262,70.629639,Clear,Moderate,Car,Weather,0,Citizen
A303468,2025-08-27,05:49,Kolkata,18.751897,74.878146,Clear,None,Bus,Drunk Driving,0,Police
A303469,2021-06-08,03:33,Kolkata,9.739289,68.506556,Clear,Moderate,Car,Bad Road,1,Hospital
A303470,2024-05-13,20:07,Hyderabad,11.216513,77.529873,Rain,Minor,Motorcycle,Weather,1,Citizen
A303471,2023-09-18,18:04,,18.384648,68.880157,Clear,Moderate,Motorcycle,Bad Road,0,Police
A303472,2021-08-10,08:32,Chennai,24.4474,68.701516,Clear,Minor,Bicycle,Weather,0,Police
A303473,2021-02-22,14:15,Mumbai,16.920147,69.911441,Fog,Minor,Motorcycle,Drunk Driving,0,Citizen
A303474,2024-11-09,07:44,Jaipur,15.857176,77.615474,Rain,Minor,Car,Bad Road,0,Citizen
A303475,2022-12-18,19:15,Delhi,12.679832,70.776377,Rain,Minor,Bus,Speeding,0,Police
A303476,2024-07-23,05:58,Lucknow,16.282045,69.163414,Rain,Moderate,Bus,Speeding,0,Police
A303477,2025-05-07,15:22,Chennai,18.741213,68.003572,Rain,Fatal,Truck,Bad Road,0,Citizen
A303478,2024-12-27,03:46,Jaipur,24.227104,74.164489,Storm,Fatal,Bus,Unknown,0,Police
A303479,2022-05-12,15:28,Pune,18.944687,69.271223,Rain,Minor,Car,Weather,1,Citizen
A303480,2024-04-16,06:07,Lucknow,16.750003,74.630541,Clear,Severe,Motorcycle,Distracted,0,Insurance
A303481,2021-08-06,11:46,Pune,18.119596,73.002943,Fog,Minor,Motorcycle,Unknown,0,Hospital
A303482,2024-01-28,10:12,Surat,8.416429,71.03908,Fog,Severe,Truck,Weather,1,Police
A303483,2022-08-07,22:14,Surat,20.630921,73.504311,Clear,Moderate,Truck,Bad Road,0,Hospital
A303484,2023-11-25,20:24,Lucknow,12.202091,75.125933,Clear,Severe,Motorcycle,Unknown,0,Police
A303485,2023-04-11,13:34,Bengaluru,14.299778,70.76177,Clear,Minor,Car,Drunk Driving,2,Police
A303486,2024-06-04,12:28,Chennai,27.420556,74.012326,Clear,Moderate,Car,Distracted,0,Citizen
A303487,2023-07-16,03:16,Kolkata,15.485204,69.225413,Clear,Moderate,Truck,Mechanical Failure,1,Police
A303488,2024-01-14,16:32,Kolkata,18.340558,76.323209,Clear,Moderate,Bus,Drunk Driving,0,Police
A303489,2023-11-21,15:36,Jaipur,19.533542,70.827393,Clear,Minor,Pedestrian,Mechanical Failure,0,Citizen
A303490,2025-07-13,22:12,Mumbai,26.062711,68.296052,Storm,Minor,Car,Bad Road,1,Police
A303491,2023-02-14,20:07,Jaipur,10.778648,69.685048,Fog,Moderate,Motorcycle,Speeding,1,Citizen
A303492,2022-05-20,10:14,Jaipur,11.03305,71.854899,Clear,Moderate,Bus,Weather,2,Insurance
A303493,2024-06-09,04:13,Bengaluru,23.786853,74.814943,Storm,Minor,Truck,Mechanical Failure,1,Citizen
A303494,2023-05-09,06:39,Kolkata,18.166305,68.210961,Fog,Moderate,Motorcycle,Bad Road,0,Police
A303495,2022-04-19,04:43,Lucknow,10.999344,74.810423,Clear,Fatal,Bus,Mechanical Failure,0,Police
A303496,2022-08-13,12:38,Hyderabad,16.312529,77.01555,Clear,Minor,Bus,Speeding,1,Citizen
A303497,2025-09-15,05:20,Kolkata,25.496861,69.878915,Clear,Moderate,Truck,Distracted,0,Police
A303498,2022-05-06,03:47,Surat,28.693049,74.770651,Rain,Fatal,Motorcycle,Speeding,0,Police
A303499,2024-12-22,20:07,Mumbai,22.368387,75.887457,Clear,Moderate,Truck,Mechanical Failure,3,Citizen
A303500,2023-10-10,06:36,Surat,17.374013,73.059839,Hazy,Moderate,Motorcycle,Mechanical Failure,0,Police
A303501,2023-12-05,00:30,Hyderabad,23.529732,74.443138,Fog,Minor,Bicycle,Weather,1,Hospital
A303502,2021-12-23,19:27,Delhi,13.983243,72.974691,Rain,Fatal,Pedestrian,Weather,0,Police
A303503,2022-05-14,04:16,Bengaluru,10.750251,77.175328,Fog,Fatal,Pedestrian,Weather,0,Police
A303504,2021-10-15,06:43,Kolkata,26.89283,74.024493,Clear,Moderate,Bicycle,Distracted,0,Police
A303505,2022-04-18,02:20,Surat,17.360488,75.371244,Hazy,Minor,Motorcycle,Mechanical Failure,0,Police
A303506,2023-04-25,08:29,Mumbai,15.997126,70.640644,Clear,Moderate,Motorcycle,Weather,0,Police
A303507,2025-01-02,00:13,Hyderabad,14.69575,76.461957,Clear,Minor,Motorcycle,Bad Road,0,Insurance
A303508,2021-05-24,20:22,Kolkata,14.386606,68.144038,Fog,Severe,Pedestrian,Bad Road,0,Insurance
A303509,2024-10-08,05:55,Delhi,23.487973,69.096344,Fog,Moderate,Car,Bad Road,0,Police
A303510,2021-11-28,10:54,Hyderabad,27.267177,69.746916,Clear,Minor,Car,Distracted,0,Police
A303511,2021-04-28,07:45,Bengaluru,10.574805,71.818143,Rain,Minor,Motorcycle,Mechanical Failure,0,Citizen
A303512,2021-02-04,02:55,Lucknow,9.873719,75.771143,Clear,Minor,Truck,Bad Road,0,Police
A303513,2023-04-05,12:08,Bengaluru,11.993393,68.610528,Clear,Minor,Motorcycle,Weather,0,Insurance
A303514,2023-03-20,18:23,Hyderabad,20.920791,74.000063,Hazy,Moderate,Car,Unknown,0,Police
A303515,2023-02-28,06:37,Bengaluru,27.927795,77.135233,Rain,Moderate,Car,Bad Road,1,Police
A303516,2022-08-03,20:23,Lucknow,20.211051,68.353669,Rain,Minor,Bus,Mechanical Failure,0,Police
A303517,2021-12-16,09:49,Jaipur,18.558995,77.664238,Clear,Minor,Car,Weather,0,Hospital
A303518,2023-05-23,09:20,Lucknow,24.894773,71.083739,Clear,Fatal,Car,Unknown,1,Police
A303519,2024-02-17,02:46,Mumbai,9.467718,76.661982,Hazy,Minor,Car,Unknown,0,Citizen
A303520,2024-10-28,08:32,Kolkata,10.532454,69.860941,Rain,Moderate,Bicycle,Mechanical Failure,0,Police
A303521,2024-12-09,06:02,Delhi,12.304706,69.555742,Rain,Moderate,Bus,Mechanical Failure,0,Citizen
A303522,2024-12-06,21:15,Bengaluru,22.192258,68.193998,Clear,Severe,Car,Unknown,0,Police
A303523,2025-05-04,07:57,Lucknow,16.619842,73.891327,Clear,Moderate,Car,Weather,0,Police
A303524,2022-10-30,05:29,Kolkata,22.764398,76.94184,Rain,Minor,Truck,Bad Road,1,Police
A303525,2024-11-26,21:23,Surat,15.015359,69.715126,Hazy,Minor,Motorcycle,Drunk Driving,0,Police
A303526,2023-11-28,09:23,Lucknow,23.109263,76.192244,Clear,Moderate,Car,Weather,0,Citizen
A303527,2024-12-13,06:29,Bengaluru,16.622676,75.699413,Storm,Minor,Motorcycle,Mechanical Failure,0,Hospital
A303528,2025-04-18,04:11,Surat,28.095082,70.76145,Clear,Minor,Motorcycle,Drunk Driving,0,Police
A303529,2021-11-11,22:05,Jaipur,19.538526,75.970777,Clear,Minor,Truck,Drunk Driving,0,Police
A303530,2021-07-14,15:32,Bengaluru,28.39983,70.408135,Fog,Severe,Motorcycle,Speeding,0,Police
A303531,2025-04-24,11:57,Bengaluru,26.204969,72.758585,Rain,Minor,Motorcycle,Speeding,0,Police
A303532,2023-01-02,20:52,Bengaluru,22.586043,73.201807,Clear,Severe,Truck,Weather,0,Citizen
A303533,2022-10-27,05:32,Mumbai,20.633894,70.397843,Fog,Minor,Bicycle,Bad Road,0,Police
A303534,2025-07-27,19:28,Jaipur,13.517866,74.991384,Rain,Minor,Motorcycle,Bad Road,0,Police
A303535,2022-05-12,03:33,Bengaluru,15.418365,74.127595,Clear,Moderate,Car,Speeding,1,Police
A303536,2024-02-11,10:42,Kolkata,13.350871,77.583758,Clear,Moderate,Car,Unknown,0,Police
A303537,2025-01-11,14:17,Mumbai,10.867618,70.723351,Snow (rare),Minor,Bus,Weather,0,Police
A303538,2025-02-06,05:48,Kolkata,13.520661,75.558466,Rain,Minor,Motorcycle,Unknown,0,Citizen
A303539,2021-06-01,08:01,Kolkata,13.538132,77.041209,Storm,Minor,Car,Distracted,0,Citizen
A303540,2022-02-23,01:18,Chennai,8.506083,69.117403,Rain,Moderate,Car,Mechanical Failure,0,Police
A303541,2022-08-12,04:32,Surat,8.1792,69.560078,Rain,Moderate,Pedestrian,Weather,0,Police
A303542,2023-08-13,04:53,Kolkata,8.822844,73.210797,Clear,Minor,Motorcycle,Bad Road,0,Citizen
A303543,2021-01-30,14:54,Surat,12.194719,69.720173,Rain,Minor,Pedestrian,Bad Road,0,Police
A303544,2025-04-09,02:08,Pune,20.656762,71.322235,Rain,Minor,Bus,Drunk Driving,0,Police
A303545,2024-08-10,22:18,Pune,13.992521,71.26108,Clear,Minor,Motorcycle,Mechanical Failure,1,Police
A303546,2022-05-07,19:03,Bengaluru,18.012613,71.02141,Clear,Minor,Motorcycle,Mechanical Failure,0,Police
A303547,2023-08-30,19:32,Delhi,25.012174,74.918186,Fog,Moderate,Motorcycle,Drunk Driving,1,Police
A303548,2022-10-12,08:12,Pune,22.620506,71.953726,Clear,Minor,Car,Mechanical Failure,0,Police
A303549,2022-11-12,02:26,Mumbai,24.83504,74.032421,Clear,Moderate,Car,Mechanical Failure,0,Police
A303550,2023-05-09,06:46,Surat,10.680454,74.337272,Snow (rare),Minor,Car,Drunk Driving,1,Police
A303551,2024-02-06,19:42,Chennai,28.446389,68.164115,Clear,Minor,Car,Mechanical Failure,0,Citizen
A303552,2023-12-02,11:58,Lucknow,10.665846,74.757502,Rain,Minor,Motorcycle,Speeding,0,Police
A303553,2025-08-29,11:48,Hyderabad,15.858152,76.155673,Rain,Minor,Motorcycle,Speeding,0,Insurance
A303554,2024-07-12,16:43,Bengaluru,24.192729,71.99212,Clear,Minor,Truck,Unknown,0,Hospital
A303555,2024-02-03,19:20,Chennai,18.522494,70.325486,Fog,Severe,Bus,Drunk Driving,0,Police
A303556,2023-03-07,20:40,Kolkata,12.541257,69.574894,Clear,Minor,Motorcycle,Mechanical Failure,2,Police
A303557,2025-07-14,08:04,Surat,22.936254,75.60241,Clear,Moderate,Bus,Distracted,0,Hospital
A303558,2023-02-14,21:18,Delhi,15.903776,74.833309,Clear,Minor,Pedestrian,Distracted,0,Police
A303559,2023-08-09,15:06,Chennai,16.609884,69.50336,Clear,Minor,Pedestrian,Mechanical Failure,0,Citizen
A303560,2023-01-21,01:44,Jaipur,14.736245,71.159866,Clear,Fatal,Car,Unknown,1,Police
A303561,2023-05-12,07:52,Chennai,18.736151,68.431472,Clear,Minor,Motorcycle,Drunk Driving,0,Citizen
A303562,2021-10-15,17:16,Delhi,20.316484,68.800364,Clear,Minor,Car,Mechanical Failure,0,Police
A303563,2023-07-31,12:49,Lucknow,24.751411,72.980437,Clear,Minor,Motorcycle,Unknown,0,Insurance
A303564,2025-09-19,09:28,Chennai,27.322076,73.481832,Storm,Severe,Bicycle,Mechanical Failure,0,Citizen
A303565,2025-04-13,22:45,Bengaluru,19.460897,70.560948,Clear,Moderate,Car,Weather,0,Insurance
A303566,2022-07-03,05:26,Hyderabad,26.911927,71.713205,Clear,Moderate,Car,Speeding,0,Police
A303567,2021-10-29,17:10,Mumbai,27.692322,70.091536,Fog,Moderate,Car,Speeding,1,Police
A303568,2024-05-27,13:43,Jaipur,14.893083,74.194193,Rain,Minor,Motorcycle,Distracted,0,Police
A303569,2022-02-05,01:50,Hyderabad,18.725473,73.367094,Fog,Moderate,Motorcycle,Drunk Driving,0,Police
A303570,2021-01-28,19:32,Surat,24.082292,74.620804,Clear,Severe,Motorcycle,Drunk Driving,0,Police
A303571,2021-07-21,07:22,Lucknow,10.369728,68.463895,Clear,Minor,Car,Unknown,0,Hospital
A303572,2024-01-12,13:30,Hyderabad,19.01639,76.670622,Clear,Moderate,Car,Drunk Driving,0,Hospital
A303573,2024-06-08,06:46,Kolkata,19.714681,76.30327,Clear,Minor,Motorcycle,Bad Road,0,Police
A303574,2022-11-30,22:55,Surat,17.991651,70.171788,Clear,Minor,Car,Drunk Driving,0,Citizen
A303575,2022-04-14,04:44,Pune,10.798431,71.828611,Clear,Fatal,Truck,Distracted,0,Police
A303576,2025-01-26,18:17,Chennai,15.20454,68.823406,Rain,Severe,Car,Distracted,1,Insurance
A303577,2022-04-09,08:40,Kolkata,27.323973,72.569566,Clear,Severe,Bus,Mechanical Failure,0,Police
A303578,2025-05-07,17:34,Jaipur,13.580377,74.674738,Clear,Minor,Motorcycle,Weather,0,Police
A303579,2023-10-15,09:11,Bengaluru,15.27682,76.557093,Storm,Minor,Bus,Distracted,1,Police
A303580,2025-05-10,16:19,Pune,28.654395,74.055116,Rain,Minor,Motorcycle,Distracted,0,Citizen
A303581,2023-08-15,06:32,Lucknow,17.518792,68.97045,Rain,Minor,Car,Unknown,0,Police
A303582,2022-03-30,11:48,Hyderabad,25.191844,74.377147,Rain,Moderate,Bus,Weather,1,Police
A303583,2022-06-12,17:31,Surat,26.206043,68.731775,Hazy,Moderate,Bicycle,Mechanical Failure,1,Hospital
A303584,2023-07-10,20:46,Chennai,12.482482,74.133972,Hazy,Minor,Car,Drunk Driving,0,Police
A303585,2023-11-13,16:00,Kolkata,15.277003,73.295602,Snow (rare),Fatal,Car,Distracted,0,Citizen
A303586,2024-08-20,11:45,Hyderabad,21.355357,74.956472,Clear,Moderate,Motorcycle,Unknown,0,Police
A303587,2024-09-30,14:09,Jaipur,13.84162,75.973082,Hazy,Minor,Motorcycle,Mechanical Failure,0,Police
A303588,2023-03-27,20:23,Kolkata,16.558107,69.569346,Hazy,Minor,Car,Weather,0,Police
A303589,2023-02-01,03:23,Delhi,20.234278,72.156085,Clear,Minor,Bus,Unknown,0,Citizen
A303590,2023-11-22,20:51,Pune,26.196371,76.769738,Rain,Minor,Truck,Speeding,1,Police
A303591,2024-03-27,00:31,Pune,15.186851,76.423353,Hazy,Fatal,Motorcycle,Bad Road,0,Police
A303592,2025-05-12,08:06,Pune,14.670006,76.957108,Hazy,Moderate,Motorcycle,Drunk Driving,1,Police
A303593,2021-10-13,12:18,Lucknow,18.740815,69.122985,Clear,Minor,Motorcycle,Distracted,0,Citizen
A303594,2025-08-24,14:51,Surat,9.029946,71.018105,Fog,Severe,Truck,Weather,1,Police
A303595,2025-04-05,11:26,Kolkata,22.933489,70.22441,Rain,Moderate,Car,Mechanical Failure,0,Police
A303596,2024-02-09,16:17,Delhi,23.649605,75.451843,Rain,Severe,Bicycle,Weather,1,Police
A303597,2025-06-14,10:55,Kolkata,12.40273,70.603467,Rain,Minor,Truck,Speeding,1,Police
A303598,2022-02-02,05:38,Lucknow,11.248664,74.517741,Clear,Minor,Car,Distracted,0,Police
A303599,2023-08-10,00:53,Delhi,24.60905,73.905449,Snow (rare),Minor,Motorcycle,Bad Road,0,Citizen
A303600,2023-01-31,19:09,Lucknow,28.56862,74.873576,Clear,Moderate,Motorcycle,Bad Road,1,Police
A303601,2022-08-10,13:26,Jaipur,26.769986,77.261968,Clear,Minor,Pedestrian,Mechanical Failure,0,Police
A303602,2024-02-26,20:21,Surat,16.516224,72.431948,Clear,Minor,Car,Mechanical Failure,0,Police
A303603,2021-06-26,13:19,Surat,19.192193,70.271955,Rain,Fatal,Car,Speeding,1,Police
A303604,2025-09-21,09:45,Surat,8.143231,73.622863,Clear,Moderate,Car,Drunk Driving,0,Citizen
A303605,2022-04-05,06:30,Kolkata,15.853753,76.602335,Clear,Severe,Bus,Mechanical Failure,0,Citizen
A303606,2022-04-03,12:45,Mumbai,28.292775,72.69727,Clear,Minor,Car,Distracted,0,Insurance
A303607,2023-02-04,01:07,Lucknow,19.333786,75.134977,Clear,Moderate,Car,Drunk Driving,0,Police
A303608,2024-05-24,15:32,Chennai,19.760984,71.052703,Clear,Minor,Car,Weather,0,Citizen
A303609,2022-02-19,14:06,Mumbai,19.243969,69.678366,Snow (rare),Minor,Car,Unknown,0,Police
A303610,2025-05-06,07:45,Bengaluru,8.425059,74.098255,Hazy,Minor,Motorcycle,Mechanical Failure,1,Police
A303611,2023-10-07,02:24,Jaipur,11.619298,72.945845,Rain,Minor,Car,Mechanical Failure,2,Police
A303612,2021-02-23,12:30,Delhi,9.640137,77.349079,Storm,Fatal,Motorcycle,Bad Road,0,Police
A303613,2022-10-21,12:19,Chennai,13.332217,75.568545,Clear,Minor,Motorcycle,Distracted,0,Citizen
A303614,2025-04-21,15:47,Surat,22.597266,71.087077,Rain,Minor,Motorcycle,Weather,0,Hospital
A303615,2023-08-25,09:56,Bengaluru,27.737794,77.439477,Rain,Minor,Bus,Speeding,0,Police
A303616,2025-06-02,05:22,Pune,24.250079,72.279456,Clear,Minor,Motorcycle,Unknown,1,Police
A303617,2025-07-13,16:17,Kolkata,15.883875,73.218017,Clear,Minor,Car,Weather,2,Police
A303618,2021-04-28,06:39,Mumbai,8.99967,70.886704,Fog,Moderate,Motorcycle,Bad Road,0,Citizen
A303619,2022-03-25,14:54,Bengaluru,8.108493,75.825149,Clear,Moderate,Motorcycle,Unknown,0,Police
A303620,2021-02-13,22:23,Kolkata,13.998427,77.504067,Storm,Severe,Motorcycle,Bad Road,0,Police
A303621,2022-02-11,10:11,Delhi,8.872542,73.983175,Clear,Minor,Motorcycle,Bad Road,1,Police
A303622,2025-02-11,13:26,Chennai,17.052583,72.401888,Clear,Moderate,Car,Weather,1,Citizen
A303623,2023-10-14,11:03,Kolkata,26.460671,68.042298,Hazy,Minor,Car,Drunk Driving,0,Police
A303624,2023-08-17,20:58,Pune,9.712855,70.794467,Rain,Severe,Pedestrian,Drunk Driving,1,Police
A303625,2025-05-24,03:30,Pune,23.120578,74.959694,Rain,Severe,Car,Distracted,0,Police
A303626,2021-02-07,08:57,Chennai,14.683895,73.094348,Clear,Severe,Truck,Distracted,0,Police
A303627,2023-09-10,21:20,Kolkata,15.781958,77.657193,Rain,Minor,Bus,Bad Road,0,Police
A303628,2022-12-06,02:40,Kolkata,9.131089,74.472256,Fog,Severe,Motorcycle,Weather,2,Citizen
A303629,2021-01-23,05:56,Kolkata,15.452599,69.011402,Clear,Minor,Car,Drunk Driving,0,Police
A303630,2025-02-10,03:15,Chennai,11.38161,76.652575,Fog,Minor,Bus,Speeding,0,Police
A303631,2025-07-06,09:31,Kolkata,26.242582,77.32627,Rain,Severe,Motorcycle,Mechanical Failure,0,Citizen
A303632,2023-12-10,17:28,Hyderabad,19.362819,68.824494,Clear,Minor,Car,Weather,1,Police
A303633,2021-07-19,06:40,Bengaluru,23.008857,68.400001,Rain,Minor,Car,Drunk Driving,0,Police
A303634,2022-08-18,16:14,Pune,24.28595,69.459434,Rain,Minor,Motorcycle,Weather,0,Police
A303635,2025-01-30,19:54,Delhi,12.479207,71.038259,Hazy,Minor,Bicycle,Distracted,0,Police
A303636,2022-12-09,02:22,,12.531942,74.2787,Clear,Severe,Pedestrian,Mechanical Failure,0,Police
A303637,2022-12-21,13:26,Pune,23.650722,76.988313,Clear,Minor,Motorcycle,Drunk Driving,1,Citizen
A303638,2021-06-01,02:16,Pune,8.596068,70.306099,Rain,Minor,Bus,Speeding,0,Police
A303639,2025-05-12,14:17,Kolkata,16.81938,68.060351,Fog,Minor,Motorcycle,Unknown,0,Police
A303640,2021-01-09,20:39,,24.594108,68.422587,Rain,Moderate,Motorcycle,Bad Road,0,Citizen
A303641,2022-03-21,05:42,Lucknow,16.800944,75.561332,Clear,Minor,Motorcycle,Weather,0,Citizen
A303642,2021-04-15,09:10,Delhi,18.203338,71.268807,Rain,Minor,Car,Speeding,0,Police
A303643,2022-06-20,11:19,Kolkata,11.04729,76.837975,Rain,Minor,Car,Mechanical Failure,1,Hospital
A303644,2021-09-16,10:50,Hyderabad,25.995267,72.836559,Clear,Minor,Truck,Unknown,0,Police
A303645,2022-06-11,15:43,Jaipur,24.287081,72.395539,Clear,Minor,Bus,Bad Road,0,Police
A303646,2022-05-22,20:16,Bengaluru,16.620614,70.080621,Clear,Minor,Car,Unknown,0,Police
A303647,2021-12-30,03:10,Delhi,20.411105,73.975787,Rain,Moderate,Car,Drunk Driving,0,Insurance
A303648,2022-03-18,05:44,Lucknow,11.396078,77.425477,Rain,Moderate,Car,Drunk Driving,1,Citizen
A303649,2022-05-08,13:21,Delhi,11.597047,76.786734,Clear,Severe,Car,Speeding,0,Citizen
A303650,2023-02-01,11:24,Hyderabad,21.166122,68.18015,Clear,Moderate,Motorcycle,Speeding,0,Police
A303651,2022-09-11,12:50,Kolkata,14.224881,75.453184,Fog,Minor,Car,Drunk Driving,0,Police
A303652,2023-11-21,17:12,Lucknow,9.899132,75.042126,Clear,Minor,Bus,Weather,0,Citizen
A303653,2024-11-18,00:44,Pune,15.570137,70.035427,Clear,Minor,Car,Speeding,0,Citizen
A303654,2024-09-14,14:43,Jaipur,17.965963,73.938774,Clear,Moderate,Motorcycle,Mechanical Failure,2,Citizen
A303655,2025-03-28,01:53,Lucknow,23.383988,68.370549,Rain,Minor,Car,Weather,0,Police
A303656,2025-04-09,22:13,Bengaluru,25.107945,68.361324,Rain,Severe,Bus,Bad Road,0,Police
A303657,2025-07-14,15:45,Mumbai,21.38497,72.638899,Clear,Fatal,Bus,Weather,0,Police
A303658,2022-10-24,10:19,Jaipur,26.982938,71.583983,Rain,Minor,Car,Speeding,0,Citizen
A303659,2021-07-23,12:26,Bengaluru,23.124084,70.391275,Clear,Moderate,Bus,Distracted,0,Police
A303660,2021-10-11,14:22,Pune,24.596499,75.325043,Clear,Minor,Car,Drunk Driving,0,Insurance
A303661,2023-09-19,15:41,Jaipur,15.47881,74.151214,Rain,Minor,Motorcycle,Weather,1,Hospital
A303662,2023-04-21,16:50,Hyderabad,8.653736,70.261587,Clear,Minor,Car,Unknown,0,Police
A303663,2024-03-01,11:02,Mumbai,11.304764,71.308279,Fog,Minor,Car,Bad Road,0,Insurance
A303664,2021-04-08,01:21,Jaipur,13.339803,77.647565,Rain,Minor,Motorcycle,Distracted,0,Police
A303665,2022-10-06,17:08,Jaipur,10.317447,71.0628,Clear,Minor,Car,Mechanical Failure,0,Hospital
A303666,2021-02-14,21:14,Jaipur,28.110176,76.835938,Rain,Severe,Car,Speeding,0,Police
A303667,2024-10-22,14:55,Surat,11.55543,75.591205,Clear,Severe,Motorcycle,Mechanical Failure,1,Police
A303668,2023-03-26,10:17,Kolkata,25.476423,70.978598,Rain,Severe,Motorcycle,Weather,0,Police
A303669,2021-08-09,18:42,Chennai,28.396566,74.120499,Clear,Minor,Truck,Weather,0,Police
A303670,2024-09-26,01:26,Delhi,20.414334,77.310089,Clear,Minor,Truck,Bad Road,0,Police
A303671,2021-07-07,12:56,Mumbai,26.366409,77.033471,Clear,Minor,Bus,Bad Road,0,Citizen
A303672,2022-11-06,03:49,Jaipur,11.976533,70.760288,Rain,Minor,Car,Mechanical Failure,0,Police
A303673,2023-09-10,03:14,Hyderabad,11.080225,73.361622,Clear,Moderate,Bus,Unknown,0,Hospital
A303674,2024-06-14,14:24,Chennai,21.017614,75.185031,Storm,Moderate,Car,Mechanical Failure,1,Hospital
A303675,2025-09-24,19:50,Jaipur,8.38653,76.720916,Clear,Minor,Motorcycle,Mechanical Failure,0,Hospital
A303676,2022-07-22,15:41,Mumbai,10.433261,69.733769,Clear,Minor,Car,Weather,0,Police
A303677,2024-04-15,22:22,Delhi,27.683118,68.4899,Storm,Minor,Motorcycle,Distracted,0,Police
A303678,2023-05-17,16:02,Kolkata,24.410736,76.727752,Clear,Moderate,Car,Drunk Driving,0,Police
A303679,2024-07-23,21:42,Surat,20.252027,75.815041,Clear,Moderate,Car,Mechanical Failure,2,Police
A303680,2021-01-07,08:44,Jaipur,22.304129,74.004158,Clear,Minor,Pedestrian,Speeding,0,Police
A303681,2021-11-09,01:53,Delhi,21.174522,76.85887,Rain,Moderate,Motorcycle,Weather,1,Police
A303682,2024-07-01,21:51,Delhi,17.402938,72.604491,Hazy,Moderate,Car,Mechanical Failure,1,Police
A303683,2021-09-11,14:36,Pune,24.867179,76.130389,Hazy,Minor,Motorcycle,Distracted,1,Police
A303684,2023-05-25,18:21,Lucknow,11.862427,74.057229,Clear,Fatal,Motorcycle,Unknown,0,Police
A303685,2022-05-29,01:45,Bengaluru,11.576492,70.217316,Fog,Minor,Motorcycle,Weather,0,Citizen
A303686,2022-08-02,17:31,Lucknow,25.866357,68.285215,Clear,Moderate,Truck,Distracted,0,Citizen
A303687,2022-06-24,16:17,Delhi,13.541788,73.90073,Clear,Moderate,Bicycle,Bad Road,0,Police
A303688,2023-12-13,09:22,Surat,16.347603,76.660008,Clear,Minor,Motorcycle,Weather,1,Police
A303689,2022-11-02,04:01,Jaipur,14.317166,69.958601,Rain,Minor,Bus,Bad Road,0,Police
A303690,2023-03-07,17:33,Surat,19.750808,69.09429,Clear,Minor,Car,Distracted,0,Citizen
A303691,2021-03-04,05:23,Jaipur,18.591874,69.977492,Clear,Minor,Motorcycle,Drunk Driving,0,Citizen
A303692,2024-08-29,00:37,Bengaluru,16.434514,75.994782,Clear,Minor,Bus,Unknown,1,Police
A303693,2022-05-06,09:41,Kolkata,17.777118,75.580193,Clear,Minor,Car,Mechanical Failure,0,Hospital
A303694,2023-01-18,21:05,Kolkata,18.685898,70.371809,Clear,Moderate,Motorcycle,Weather,0,Police
A303695,2022-12-14,21:32,Lucknow,24.921583,72.82351,Rain,Minor,Car,Speeding,0,Police
A303696,2022-05-06,10:49,Mumbai,19.057122,71.984578,Clear,Severe,Bus,Speeding,0,Insurance
A303697,2023-03-22,16:39,Kolkata,25.929574,68.862686,Clear,Minor,Motorcycle,Weather,0,Police
A303698,2022-07-02,18:43,Jaipur,21.250766,73.30375,Clear,Moderate,Bicycle,Bad Road,0,Citizen
A303699,2023-05-11,14:24,Chennai,18.601904,76.176508,Clear,Minor,Motorcycle,Weather,0,Citizen
A303700,2023-05-07,22:17,Jaipur,16.659751,72.054186,Clear,Fatal,Motorcycle,Mechanical Failure,2,Police
A303701,2022-04-15,04:19,Pune,28.24163,68.157049,Hazy,Severe,Motorcycle,Bad Road,3,Police
A303702,2023-01-20,05:48,Lucknow,8.681937,72.238975,Clear,Moderate,Bus,Drunk Driving,0,Citizen
A303703,2022-02-27,08:39,Bengaluru,25.461705,75.326223,Rain,Minor,Motorcycle,Mechanical Failure,0,Police
A303704,2023-01-18,14:41,Jaipur,22.737116,70.61665,Clear,Minor,Car,Distracted,0,Police
A303705,2021-08-21,18:58,Lucknow,9.914231,71.773122,Rain,Moderate,Motorcycle,Unknown,0,Police
A303706,2022-07-07,11:32,Mumbai,16.439663,75.017038,Hazy,Moderate,Truck,Bad Road,0,Citizen
A303707,2025-02-27,21:22,Surat,24.425498,73.691798,Clear,Moderate,Motorcycle,Drunk Driving,0,Police
A303708,2022-04-03,17:39,Mumbai,9.563124,68.829998,Clear,Moderate,Bicycle,Bad Road,1,Police
A303709,2022-08-15,11:54,Kolkata,15.485336,77.461986,Clear,Minor,Motorcycle,Mechanical Failure,0,Citizen
A303710,2024-12-08,12:00,Chennai,8.946617,71.649398,Clear,Minor,Pedestrian,Weather,0,Citizen
A303711,2023-03-28,22:48,Kolkata,14.915521,71.017025,Clear,Minor,Bicycle,Distracted,0,Citizen
A303712,2023-02-09,02:55,Mumbai,10.921772,74.477747,Clear,Minor,Motorcycle,Drunk Driving,1,Hospital
A303713,2022-04-05,07:47,Delhi,12.610586,76.266289,Fog,Minor,Motorcycle,Bad Road,0,Citizen
A303714,2021-08-21,08:35,Kolkata,20.936518,71.917269,Clear,Moderate,Motorcycle,Bad Road,0,Hospital
A303715,2022-10-29,08:35,Surat,16.736199,71.183293,Rain,Minor,Motorcycle,Mechanical Failure,0,Police
A303716,2024-12-03,22:18,Lucknow,8.7369,76.016899,Clear,Moderate,Pedestrian,Drunk Driving,0,Police
A303717,2021-09-21,21:02,Hyderabad,11.918649,68.310958,Clear,Moderate,Car,Speeding,0,Citizen
A303718,2024-03-24,12:55,Surat,10.684411,73.467906,Clear,Minor,Motorcycle,Bad Road,0,Citizen
A303719,2021-06-28,02:49,Kolkata,12.240309,70.484569,Clear,Moderate,Motorcycle,Drunk Driving,0,Police
A303720,2021-04-24,08:48,Bengaluru,28.481939,68.988187,Clear,Minor,Motorcycle,Weather,1,Citizen
A303721,2024-12-25,00:48,Chennai,10.111463,76.653034,Clear,Minor,Truck,Bad Road,0,Police
A303722,2021-01-26,04:49,Delhi,21.26451,69.362073,Fog,Minor,Motorcycle,Weather,0,Police
A303723,2025-03-20,21:10,Kolkata,21.413665,70.939137,Clear,Minor,Car,Distracted,0,Police
A303724,2025-04-07,03:54,Hyderabad,8.576744,74.219119,Hazy,Minor,Motorcycle,Speeding,1,Police
A303725,2021-06-04,08:11,Surat,16.81898,72.90428,Rain,Severe,Motorcycle,Drunk Driving,0,Hospital
A303726,2021-03-10,00:14,Jaipur,10.003646,71.542092,Rain,Moderate,Car,Drunk Driving,1,Police
A303727,2021-04-14,17:18,Mumbai,9.940208,73.179494,Clear,Minor,Car,Weather,0,Insurance
A303728,2021-10-18,02:01,Lucknow,20.315878,70.046979,Clear,Minor,Bicycle,Drunk Driving,0,Citizen
A303729,2025-05-29,03:05,Delhi,17.939884,73.08568,Clear,Minor,Truck,Speeding,0,Insurance
A303730,2023-02-24,22:08,Surat,27.644077,69.651926,Hazy,Minor,Pedestrian,Mechanical Failure,1,Insurance
A303731,2022-12-11,18:17,Delhi,28.546507,71.275398,Clear,Moderate,Motorcycle,Weather,0,Police
A303732,2022-05-18,19:26,Surat,25.770666,71.525737,Storm,Minor,Motorcycle,Speeding,0,Police
A303733,2021-01-17,10:31,Kolkata,13.974652,70.389346,Clear,Minor,Pedestrian,Weather,0,Police
A303734,2021-02-19,00:21,Delhi,9.574625,72.253419,Clear,Severe,Bicycle,Bad Road,0,Police
A303735,2022-08-25,12:12,Lucknow,25.01775,75.277635,Snow (rare),Moderate,Car,Unknown,0,Citizen
A303736,2024-12-07,21:26,Surat,22.053567,71.95952,Clear,Minor,Car,Drunk Driving,1,Police
A303737,2024-08-05,02:55,Chennai,19.329362,71.425506,Rain,Moderate,Truck,Unknown,0,Citizen
A303738,2025-08-26,15:54,Delhi,24.510119,75.698712,Rain,Minor,Pedestrian,Distracted,0,Insurance
A303739,2024-04-25,11:00,Lucknow,22.232373,75.254608,Rain,Minor,Car,Distracted,0,Citizen
A303740,2022-01-01,16:45,Bengaluru,17.353579,73.340376,Clear,Severe,Car,Unknown,0,Hospital
A303741,2025-04-16,17:44,Bengaluru,9.498087,70.92284,Clear,Moderate,Car,Distracted,0,Police
A303742,2023-10-10,18:39,Pune,10.308026,73.476356,Clear,Minor,Bus,Distracted,0,Police
A303743,2023-11-08,00:43,Surat,10.849715,74.24473,Rain,Minor,Motorcycle,Distracted,0,Police
A303744,2023-04-12,18:46,Lucknow,13.767912,69.425907,Clear,Minor,Motorcycle,Weather,1,Police
A303745,2023-10-07,14:29,Surat,21.449669,77.144556,Rain,Minor,Truck,Mechanical Failure,0,Police
A303746,2023-04-15,09:23,Hyderabad,19.183869,68.533693,Fog,Moderate,Truck,Unknown,0,Police
A303747,2024-08-21,09:27,Bengaluru,23.607087,74.074189,Rain,Fatal,Pedestrian,Distracted,0,Police
A303748,2024-02-28,21:56,Hyderabad,9.137622,69.82311,Clear,Minor,Car,Bad Road,0,Police
A303749,2024-07-09,12:27,Pune,22.632544,75.631736,Clear,Moderate,Motorcycle,Drunk Driving,1,Insurance
A303750,2025-06-27,05:14,Mumbai,27.16237,71.687132,Rain,Moderate,Motorcycle,Bad Road,0,Police
A303751,2024-11-30,14:55,Pune,20.283004,76.89207,Clear,Moderate,Car,Bad Road,0,Police
A303752,2022-11-21,22:35,Hyderabad,26.786561,74.728913,Clear,Minor,Car,Bad Road,1,Citizen
A303753,2023-12-26,22:45,Bengaluru,8.891169,72.842367,Clear,Minor,Car,Speeding,3,Police
A303754,2024-06-21,14:32,Chennai,20.849031,69.573983,Clear,Minor,Truck,Unknown,1,Police
A303755,2022-06-14,06:54,Chennai,16.956541,73.648864,Clear,Severe,Car,Unknown,0,Hospital
A303756,2024-01-10,21:03,Kolkata,20.62881,72.743619,Clear,Minor,Motorcycle,Distracted,0,Citizen
A303757,2025-03-10,08:43,Delhi,15.039294,74.845662,Clear,Moderate,Motorcycle,Speeding,0,Police
A303758,2023-07-31,20:54,Chennai,8.779952,74.647751,Rain,Moderate,Car,Bad Road,0,Insurance
A303759,2021-07-26,06:49,Chennai,22.742617,72.992545,Clear,Fatal,Car,Speeding,0,Police
A303760,2021-11-22,05:06,Mumbai,13.195235,77.597255,Clear,Minor,Motorcycle,Mechanical Failure,1,Police
A303761,2022-09-27,07:31,Chennai,12.453666,68.603241,Clear,Minor,Car,Bad Road,0,Citizen
A303762,2024-03-25,11:08,Kolkata,20.22936,71.914191,Clear,Severe,Bicycle,Speeding,1,Police
A303763,2024-08-12,08:08,Jaipur,19.139162,68.744081,Clear,Minor,Bicycle,Bad Road,0,Police
A303764,2022-08-09,20:20,Jaipur,18.031494,76.84908,Clear,Minor,Bus,Mechanical Failure,0,Police
A303765,2025-01-24,12:26,Kolkata,15.513046,75.294545,Clear,Moderate,Motorcycle,Drunk Driving,1,Hospital
A303766,2022-02-23,03:46,Hyderabad,17.954452,76.035147,Clear,Severe,Motorcycle,Bad Road,0,Police
A303767,2024-12-13,00:35,Surat,24.320019,72.237426,Clear,Severe,Bicycle,Mechanical Failure,0,Citizen
A303768,2022-10-30,00:13,Delhi,14.943112,70.014994,Snow (rare),Minor,Car,Distracted,0,Police
A303769,2022-09-04,13:50,Lucknow,16.978008,73.32161,Clear,Severe,Motorcycle,Unknown,1,Citizen
A303770,2022-06-09,16:42,Jaipur,12.613129,72.978806,Rain,Minor,Motorcycle,Drunk Driving,0,Citizen
A303771,2025-03-05,11:57,Hyderabad,25.740396,75.549346,Rain,Minor,Car,Distracted,0,Citizen
A303772,2021-03-28,12:21,Hyderabad,13.150254,75.716994,Fog,Moderate,Car,Unknown,0,Police
A303773,2022-11-28,02:18,Lucknow,13.844515,76.660482,Clear,Moderate,Car,Unknown,0,Police
A303774,2022-05-27,06:26,Pune,22.217273,73.706674,Fog,Minor,Motorcycle,Drunk Driving,0,Citizen
A303775,2022-04-12,16:00,Mumbai,16.41725,70.56654,Clear,Minor,Bus,Speeding,0,Citizen
A303776,2023-04-20,15:07,Jaipur,20.288258,69.080668,Clear,Moderate,Motorcycle,Distracted,0,Police
A303777,2023-05-26,12:45,Bengaluru,25.75804,77.059214,Clear,Minor,Motorcycle,Unknown,0,Citizen
A303778,2024-01-27,01:29,Jaipur,26.828024,68.961988,Clear,Moderate,Motorcycle,Weather,1,Police
A303779,2025-05-28,10:09,Delhi,10.238936,74.853316,Clear,Minor,Car,Mechanical Failure,0,Police
A303780,2024-12-09,18:00,Mumbai,27.111609,74.588766,Clear,Moderate,Truck,Unknown,0,Police
A303781,2022-07-11,11:30,Delhi,27.431552,72.869836,Clear,Moderate,Truck,Weather,1,Police
A303782,2021-03-29,21:24,,13.231421,76.110246,Storm,Minor,Car,Speeding,0,Police
A303783,2024-07-26,14:07,Jaipur,16.507335,70.349226,Fog,Minor,Motorcycle,Bad Road,0,Hospital
A303784,2021-05-05,02:29,Lucknow,9.433972,73.621581,Clear,Minor,Motorcycle,Unknown,0,Police
A303785,2024-05-21,06:50,Mumbai,16.307594,73.270657,Rain,Minor,Bus,Speeding,0,Police
A303786,2024-12-12,02:41,Bengaluru,18.163514,76.884196,Clear,Minor,Truck,Mechanical Failure,0,Citizen
A303787,2022-05-19,14:17,Jaipur,25.92084,77.135862,Clear,Minor,Motorcycle,Speeding,0,Hospital
A303788,2021-09-25,17:00,Hyderabad,25.109068,77.541886,Rain,Moderate,Truck,Bad Road,0,Police
A303789,2022-09-24,01:57,Mumbai,13.336704,75.290782,Fog,Minor,Car,Speeding,0,Police
A303790,2021-03-14,09:34,Kolkata,18.856598,70.272839,Clear,Minor,Bicycle,Drunk Driving,0,Citizen
A303791,2023-11-04,13:33,Jaipur,13.340258,71.768079,Clear,Moderate,Motorcycle,Unknown,1,Citizen
A303792,2024-04-08,12:23,Bengaluru,16.415139,69.246612,Hazy,Minor,Car,Drunk Driving,1,Police
A303793,2023-09-03,12:43,Delhi,15.931983,70.26179,Clear,Minor,Car,Speeding,0,Police
A303794,2024-04-05,08:03,Jaipur,13.421821,75.483255,Clear,Fatal,Bicycle,Mechanical Failure,1,Police
A303795,2022-07-19,17:10,Lucknow,11.485837,77.153058,Clear,Minor,Bus,Speeding,0,Citizen
A303796,2022-08-03,05:44,Kolkata,21.965045,74.80213,Clear,Moderate,Car,Mechanical Failure,1,Police
A303797,2022-03-25,19:02,Mumbai,10.697702,71.999517,Fog,Severe,Bicycle,Distracted,0,Police
A303798,2023-01-19,13:17,Kolkata,16.280336,77.609349,Rain,Severe,Car,Weather,0,Citizen
A303799,2021-07-05,03:47,Jaipur,21.795025,73.104283,Clear,Moderate,Motorcycle,Bad Road,1,Citizen
A303800,2025-05-27,08:29,Chennai,14.009826,73.00889,Rain,Severe,Car,Bad Road,0,Police
A303801,2021-11-10,16:25,Jaipur,9.768927,69.911392,Clear,Minor,Motorcycle,Distracted,0,Police
A303802,2024-05-17,01:44,Hyderabad,13.108328,70.38831,Clear,Minor,Car,Drunk Driving,0,Police
A303803,2024-10-31,02:32,Surat,11.878812,77.517131,Rain,Minor,Car,Speeding,0,Police
A303804,2025-09-18,01:14,Chennai,17.251645,74.272665,Fog,Moderate,Bus,Mechanical Failure,0,Police
A303805,2024-09-08,16:32,Pune,21.856967,70.910689,Rain,Severe,Truck,Mechanical Failure,0,Police
A303806,2023-12-31,06:10,Hyderabad,8.301163,72.928194,Fog,Moderate,Pedestrian,Unknown,0,Police
A303807,2021-08-24,09:00,Delhi,10.936395,74.16829,Clear,Minor,Bus,Distracted,1,Police
A303808,2021-06-16,09:58,Bengaluru,24.192573,76.665181,Clear,Moderate,Bus,Drunk Driving,1,Citizen
A303809,2021-10-03,14:20,Hyderabad,10.632942,76.558885,Snow (rare),Moderate,Bus,Speeding,0,Police
A303810,2022-09-10,16:11,Delhi,15.254834,71.534017,Clear,Moderate,Car,Drunk Driving,0,Police
A303811,2025-02-21,21:24,Hyderabad,16.837306,76.672947,Clear,Minor,Truck,Mechanical Failure,0,Police
A303812,2023-10-05,06:46,Surat,8.825473,75.889448,Rain,Moderate,Truck,Distracted,1,Police
A303813,2022-11-07,06:44,Chennai,14.531303,75.284989,Clear,Minor,Car,Weather,0,Citizen
A303814,2021-04-17,05:48,Jaipur,21.801187,76.056495,Rain,Moderate,Car,Bad Road,0,Insurance
A303815,2021-07-01,13:22,Surat,14.806196,70.137339,Clear,Moderate,Car,Weather,0,Hospital
A303816,2022-06-12,14:57,Surat,17.087478,69.292919,Clear,None,Truck,Distracted,0,Police
A303817,2024-10-15,12:50,Pune,27.630939,75.691898,Fog,Minor,Car,Drunk Driving,0,Citizen
A303818,2025-02-16,00:52,Mumbai,28.057872,75.921364,Clear,Minor,Motorcycle,Mechanical Failure,0,Police
A303819,2022-03-08,06:50,Delhi,15.597042,76.049723,Rain,Moderate,Car,Mechanical Failure,0,Police
A303820,2023-10-12,10:34,Kolkata,18.329019,69.703125,Clear,Minor,Car,Unknown,0,Police
A303821,2022-07-23,17:22,Mumbai,15.412096,77.211079,Clear,Minor,Bus,Drunk Driving,1,Citizen
A303822,2021-07-27,16:35,Chennai,11.764605,69.361926,Clear,Severe,Car,Drunk Driving,0,Police
A303823,2024-05-15,14:56,Lucknow,16.29359,69.958384,Clear,Minor,Bus,Weather,0,Insurance
A303824,2025-03-27,16:23,Lucknow,27.358155,69.701452,Clear,Moderate,Motorcycle,Distracted,0,Police
A303825,2021-05-08,15:55,Jaipur,12.699036,72.56936,Rain,Moderate,Car,Distracted,0,Citizen
A303826,2023-08-14,04:58,Surat,23.865002,70.483686,Fog,Minor,Motorcycle,Speeding,0,Hospital
A303827,2024-12-21,10:25,Delhi,20.680711,74.449551,Clear,Moderate,Motorcycle,Distracted,0,Citizen
A303828,2022-10-31,13:22,Delhi,23.134562,75.81532,Fog,Minor,Car,Mechanical Failure,0,Police
A303829,2021-04-16,07:18,Mumbai,16.710057,73.51396,Rain,Minor,Car,Speeding,0,Insurance
A303830,2024-09-17,12:20,Pune,19.789545,69.051386,Clear,Fatal,Motorcycle,Speeding,3,Police
A303831,2022-04-01,11:31,Lucknow,28.58683,71.696589,Fog,Moderate,Car,Drunk Driving,1,Hospital
A303832,2024-06-11,14:27,Mumbai,12.539756,69.15001,Clear,Severe,Motorcycle,Distracted,1,Citizen
A303833,2024-01-17,08:51,Delhi,8.565622,69.072647,Clear,Minor,Car,Distracted,1,Citizen
A303834,2025-02-09,14:10,Pune,9.474833,72.694376,Snow (rare),Moderate,Truck,Weather,0,Police
A303835,2024-05-22,16:58,Lucknow,15.943251,76.185811,Clear,Moderate,Car,Bad Road,0,Police
A303836,2023-06-15,05:53,Jaipur,20.616603,74.888569,Clear,Minor,Car,Bad Road,0,Insurance
A303837,2022-10-06,13:24,Jaipur,15.558474,69.086337,Clear,Severe,Car,Unknown,0,Hospital
A303838,2025-07-08,21:08,Delhi,13.680282,71.096874,Fog,Minor,Motorcycle,Mechanical Failure,0,Hospital
A303839,2023-12-18,06:23,Hyderabad,21.724626,71.144895,Clear,Moderate,Car,Unknown,1,Citizen
A303840,2025-06-22,02:33,Pune,13.842129,75.778866,Rain,Minor,Truck,Mechanical Failure,0,Police
A303841,2021-03-13,01:45,Jaipur,23.018832,77.450286,Rain,Minor,Car,Weather,1,Police
A303842,2021-01-03,06:31,Chennai,25.130214,68.258601,Storm,Moderate,Car,Drunk Driving,0,Hospital
A303843,2024-03-22,14:39,Bengaluru,14.775183,72.608346,Rain,Minor,Motorcycle,Bad Road,0,Hospital
A303844,2025-02-01,22:05,Jaipur,20.941521,70.294678,Hazy,Minor,Motorcycle,Speeding,1,Police
A303845,2024-01-28,12:40,Pune,19.580142,72.686906,Fog,Minor,Truck,Bad Road,0,Police
A303846,2025-02-12,07:15,Surat,13.382954,71.091635,Storm,Minor,Car,Speeding,0,Police
A303847,2023-01-31,16:07,Kolkata,23.25139,74.749292,Clear,Fatal,Truck,Mechanical Failure,1,Police
A303848,2024-06-19,16:02,Kolkata,22.286487,69.36642,Clear,Moderate,Car,Bad Road,1,Citizen
A303849,2023-04-13,07:18,Chennai,26.338784,73.977162,Fog,Minor,Bus,Mechanical Failure,0,Police
A303850,2022-10-02,09:53,Surat,12.046953,68.787691,Rain,Minor,Car,Speeding,0,Citizen
A303851,2021-07-10,07:53,Jaipur,24.584129,74.621804,Clear,Minor,Car,Bad Road,0,Citizen
A303852,2022-06-27,08:29,Hyderabad,8.192136,76.883624,Rain,Minor,Motorcycle,Weather,0,Police
A303853,2024-07-05,19:02,Pune,19.993874,71.688581,Clear,Fatal,Car,Speeding,0,Insurance
A303854,2025-05-22,00:03,Mumbai,27.117359,72.733349,Clear,Severe,Motorcycle,Weather,0,Police
A303855,2024-08-28,01:17,Hyderabad,13.119179,76.781379,Clear,Minor,Car,Weather,0,Citizen
A303856,2024-06-19,10:29,Chennai,24.546017,75.70949,Fog,Fatal,Motorcycle,Mechanical Failure,0,Police
A303857,2024-06-07,18:22,Pune,12.949407,75.143441,Clear,Fatal,Bus,Unknown,0,Police
A303858,2022-02-07,00:44,Hyderabad,13.772567,73.038945,Rain,Minor,Motorcycle,Weather,0,Citizen
A303859,2023-01-03,08:01,Jaipur,17.201739,75.385726,Hazy,Moderate,Pedestrian,Distracted,1,Police
A303860,2024-07-18,19:34,Bengaluru,28.323711,69.324552,Clear,Fatal,Bus,Distracted,0,Police
A303861,2022-08-10,15:37,Chennai,21.160651,77.519558,Clear,Minor,Motorcycle,Speeding,0,Hospital
A303862,2022-04-24,16:53,Delhi,12.776568,71.881661,Clear,Moderate,Car,Bad Road,0,Police
A303863,2021-11-15,12:24,Delhi,21.724962,70.306193,Fog,Minor,Bus,Unknown,0,Police
A303864,2023-09-03,20:41,Kolkata,26.766029,69.186538,Clear,Minor,Pedestrian,Unknown,0,Citizen
A303865,2024-06-06,22:10,Delhi,8.512135,76.943877,Storm,Minor,Car,Mechanical Failure,0,Police
A303866,2021-05-14,00:45,Chennai,13.9121,68.717849,Rain,Minor,Car,Speeding,0,Police
A303867,2024-08-19,03:41,Lucknow,22.499619,69.535932,Clear,Minor,Bus,Weather,0,Police
A303868,2023-08-29,02:17,Kolkata,8.573766,76.701511,Clear,Minor,Motorcycle,Drunk Driving,1,Police
A303869,2024-09-15,14:36,Pune,17.857464,77.262971,Hazy,Minor,Motorcycle,Drunk Driving,0,Hospital
A303870,2025-03-26,10:02,Bengaluru,18.244793,74.92628,Fog,Minor,Pedestrian,Weather,0,Citizen
A303871,2021-01-18,17:18,Jaipur,19.549302,71.536482,Clear,Minor,Motorcycle,Drunk Driving,0,Police
A303872,2024-02-08,00:52,Bengaluru,25.605717,72.481184,Clear,Minor,Pedestrian,Unknown,0,Police
A303873,2021-01-08,12:37,Pune,11.483995,71.885717,Clear,Minor,Car,Unknown,1,Citizen
A303874,2021-01-12,17:27,Lucknow,22.738089,69.593721,Clear,Minor,Truck,Weather,0,Police
A303875,2025-01-24,02:39,Delhi,27.415174,72.351428,Hazy,Minor,Motorcycle,Weather,0,Police
A303876,2024-08-01,01:33,Jaipur,16.043656,72.010423,Rain,Minor,Truck,Unknown,0,Hospital
A303877,2023-09-06,07:23,Pune,15.619336,77.538473,Clear,Minor,Truck,Mechanical Failure,0,Police
A303878,2024-12-07,13:26,Pune,23.963006,77.088012,Clear,Moderate,Car,Mechanical Failure,1,Police
A303879,2021-12-01,21:55,Delhi,28.54714,75.252054,Clear,Minor,Motorcycle,Unknown,0,Police
A303880,2024-07-30,06:30,Kolkata,17.340714,71.876822,Clear,Minor,Bus,Weather,0,Police
A303881,2021-06-30,01:18,Chennai,17.148963,69.737215,Hazy,Minor,Bus,Unknown,0,Hospital
A303882,2024-06-18,15:21,Delhi,25.374451,74.756964,Clear,None,Bicycle,Drunk Driving,0,Police
A303883,2024-08-09,12:03,Lucknow,14.506241,74.125224,Fog,Minor,Car,Drunk Driving,0,Citizen
A303884,2023-01-18,12:37,Jaipur,12.160614,69.582122,Rain,Moderate,Truck,Speeding,0,Hospital
A303885,2023-05-25,22:27,Lucknow,28.565352,74.236368,Rain,Severe,Car,Weather,0,Citizen
A303886,2025-02-16,06:24,Jaipur,28.17393,69.865701,Rain,Minor,Car,Bad Road,0,Police
A303887,2025-06-01,10:06,Lucknow,19.217281,73.394735,Storm,Severe,Car,Unknown,1,Police
A303888,2021-04-16,10:58,Kolkata,13.958442,71.910035,Clear,Minor,Car,Drunk Driving,1,Hospital
A303889,2021-09-26,09:10,Kolkata,20.20809,70.239736,Clear,Severe,Bicycle,Bad Road,0,Police
A303890,2021-04-20,16:34,Bengaluru,26.855577,75.467632,Clear,Minor,Pedestrian,Mechanical Failure,0,Police
A303891,2022-02-28,12:13,Delhi,10.653026,71.693895,Fog,Severe,Motorcycle,Bad Road,0,Police
A303892,2022-12-30,09:34,Mumbai,19.172215,68.475395,Rain,Severe,Car,Unknown,0,Police
A303893,2021-03-31,07:40,Bengaluru,14.183471,75.835537,Rain,Moderate,Motorcycle,Distracted,1,Citizen
A303894,2024-06-07,08:47,Surat,18.102873,75.640404,Clear,Moderate,Car,Drunk Driving,0,Police
A303895,2022-10-05,20:20,Chennai,19.181494,71.135104,Clear,Minor,Car,Distracted,1,Police
A303896,2025-03-02,02:15,Chennai,14.204296,74.597477,Clear,Minor,Truck,Drunk Driving,1,Police
A303897,2025-03-01,00:47,Kolkata,21.257463,75.976761,Clear,Minor,Bus,Unknown,1,Insurance
A303898,2021-12-24,07:49,Hyderabad,19.860607,72.602483,Clear,Minor,Car,Speeding,0,Police
A303899,2025-07-02,12:43,Surat,16.816978,76.469527,Clear,Moderate,Bus,Weather,0,Police
A303900,2022-06-24,18:35,Chennai,28.331992,73.406578,Rain,Minor,Car,Distracted,0,Police
A303901,2023-02-19,06:30,Surat,10.319964,71.633228,Clear,Minor,Car,Drunk Driving,0,Citizen
A303902,2022-01-07,09:49,Mumbai,25.193875,72.334644,Clear,Minor,Motorcycle,Bad Road,0,Citizen
A303903,2022-02-27,11:57,Delhi,28.061643,74.5434,Rain,Minor,Car,Weather,2,Police
A303904,2025-07-06,22:06,Mumbai,11.773532,70.577567,Fog,Minor,Car,Bad Road,0,Citizen
A303905,2023-09-08,03:12,Lucknow,15.615958,68.586414,Clear,Minor,Truck,Speeding,0,Citizen
A303906,2025-09-29,04:01,Bengaluru,20.797355,73.868334,Clear,Moderate,Motorcycle,Unknown,0,Insurance
A303907,2023-03-14,06:11,Hyderabad,8.32387,69.461346,Clear,Severe,Motorcycle,Unknown,0,Police
A303908,2025-08-23,05:36,Hyderabad,15.6154,69.830121,Rain,Minor,Motorcycle,Bad Road,1,Police
A303909,2022-05-26,10:38,Mumbai,10.018264,69.735561,Clear,Minor,Pedestrian,Weather,0,Police
A303910,2022-08-21,02:01,Chennai,25.018985,73.296139,Clear,Minor,Car,Unknown,0,Citizen
A303911,2025-05-08,02:48,Surat,18.599996,72.215323,Clear,Minor,Bus,Bad Road,0,Insurance
A303912,2021-07-24,13:27,Hyderabad,25.444538,72.776241,Storm,Moderate,Car,Mechanical Failure,0,Police
A303913,2021-04-23,19:33,Delhi,20.077885,75.459509,Clear,Moderate,Motorcycle,Drunk Driving,1,Citizen
A303914,2024-02-21,10:09,Hyderabad,17.782068,68.56202,Clear,Minor,Bus,Bad Road,0,Police
A303915,2025-03-31,02:26,Chennai,20.091497,71.845887,Rain,Severe,Car,Mechanical Failure,0,Citizen
A303916,2023-01-04,08:56,Surat,8.94484,70.923634,Clear,Severe,Car,Unknown,0,Citizen
A303917,2024-02-17,10:51,Chennai,13.563524,75.496188,Clear,Moderate,Bus,Speeding,1,Police
A303918,2022-11-19,10:35,Delhi,15.982186,75.418305,Snow (rare),Minor,Motorcycle,Unknown,0,Citizen
A303919,2021-11-17,17:34,Mumbai,23.132415,68.039821,Clear,Minor,Motorcycle,Weather,0,Police
A303920,2024-04-20,22:45,Chennai,22.349875,71.228515,Clear,Minor,Car,Drunk Driving,1,Hospital
A303921,2025-02-25,09:01,Mumbai,9.793227,76.707171,Clear,Moderate,Motorcycle,Drunk Driving,0,Police
A303922,2021-07-12,17:29,,20.771362,74.41046,Rain,Minor,Bus,Drunk Driving,0,Insurance
A303923,2024-02-08,04:27,Delhi,13.239156,70.388331,Rain,Minor,Motorcycle,Distracted,0,Hospital
A303924,2023-11-18,08:16,Chennai,11.553935,70.430747,Clear,Moderate,Bus,Bad Road,1,Police
A303925,2025-06-05,20:41,Pune,15.417901,75.308915,Rain,Minor,Pedestrian,Weather,0,Citizen
A303926,2023-05-24,22:56,Chennai,26.13867,70.262522,Clear,Minor,Motorcycle,Distracted,0,Police
A303927,2021-05-23,03:52,Lucknow,18.088706,76.456787,Clear,Minor,Bus,Speeding,0,Police
A303928,2021-07-04,16:34,Lucknow,8.692117,68.890933,Storm,Moderate,Truck,Weather,0,Police
A303929,2023-05-14,10:23,Surat,21.056606,76.834067,Clear,Minor,Car,Bad Road,1,Police
A303930,2023-08-05,11:28,Lucknow,15.767913,70.472341,Clear,Moderate,Car,Unknown,0,Police
A303931,2022-02-09,01:08,Bengaluru,12.869484,70.588153,Clear,Fatal,Truck,Unknown,1,Police
A303932,2025-04-03,05:54,Pune,26.459737,71.730891,Fog,Moderate,Car,Mechanical Failure,0,Police
A303933,2024-05-13,15:56,Pune,20.555288,70.222439,Clear,Moderate,Car,Mechanical Failure,0,Police
A303934,2025-02-14,01:22,Bengaluru,22.80877,72.520752,Clear,Minor,Bus,Speeding,2,Insurance
A303935,2022-10-12,05:23,Lucknow,24.425672,70.305883,Clear,Minor,Motorcycle,Mechanical Failure,0,Police
A303936,2024-03-09,17:42,Bengaluru,11.519725,71.841016,Rain,Fatal,Bus,Bad Road,0,Police
A303937,2023-01-08,16:21,Pune,15.337481,72.419508,Clear,Fatal,Car,Mechanical Failure,0,Citizen
A303938,2024-11-26,13:46,Hyderabad,17.304833,73.967013,Clear,Minor,Car,Weather,1,Hospital
A303939,2023-12-23,16:36,Delhi,12.785141,73.259459,Clear,Minor,Motorcycle,Distracted,0,Hospital
A303940,2024-03-09,01:39,Mumbai,21.251889,72.748431,Rain,Moderate,Car,Bad Road,0,Police
A303941,2021-06-16,15:48,Hyderabad,16.726632,74.382715,Rain,Moderate,Car,Speeding,1,Police
A303942,2021-02-10,01:26,Chennai,28.434533,71.649663,Clear,Minor,Bus,Speeding,0,Citizen
A303943,2024-04-09,17:22,Hyderabad,20.579187,75.250581,Clear,Minor,Bus,Unknown,0,Police
A303944,2024-04-14,20:15,Lucknow,10.581925,71.147376,Hazy,Moderate,Truck,Weather,1,Police
A303945,2024-06-04,04:23,Pune,25.653356,73.561657,Clear,Moderate,Bus,Mechanical Failure,0,Police
A303946,2022-11-18,09:37,Mumbai,11.645257,75.859753,Clear,Minor,Car,Unknown,0,Citizen
A303947,2024-09-17,09:08,Delhi,22.802344,75.321637,Clear,Minor,Truck,Drunk Driving,1,Hospital
A303948,2022-02-16,04:18,Bengaluru,26.219295,75.432794,Rain,Minor,Motorcycle,Distracted,0,Citizen
A303949,2022-02-01,06:42,Chennai,28.539165,73.542824,Rain,Minor,Truck,Distracted,1,Citizen
A303950,2021-06-29,03:20,Lucknow,14.814181,69.219774,Storm,Minor,Bus,Unknown,0,Police
A303951,2023-04-12,06:06,Surat,28.446271,72.593242,Fog,Minor,Motorcycle,Distracted,0,Police
A303952,2023-06-23,10:04,Lucknow,19.315579,70.082448,Rain,Minor,Motorcycle,Drunk Driving,0,Police
A303953,2022-11-25,18:29,Pune,27.39396,73.419981,Clear,Moderate,Car,Weather,0,Police
A303954,2022-08-22,17:20,Bengaluru,20.758917,69.813968,Clear,Moderate,Motorcycle,Speeding,0,Police
A303955,2022-11-13,09:10,,19.831175,74.201016,Clear,Severe,Car,Weather,0,Citizen
A303956,2022-12-02,02:21,Pune,14.548839,72.414525,Clear,Minor,Truck,Bad Road,0,Citizen
A303957,2021-10-17,18:33,Bengaluru,12.033477,69.982507,Clear,Minor,Car,Unknown,0,Police
A303958,2024-12-14,10:45,Pune,26.687785,72.473631,Clear,Minor,Motorcycle,Unknown,1,Police
A303959,2022-10-30,12:19,Jaipur,8.521119,71.119221,Clear,Moderate,Motorcycle,Weather,0,Police
A303960,2023-10-17,17:16,Surat,8.946957,76.155147,Hazy,Minor,Car,Drunk Driving,0,Police
A303961,2021-03-03,19:49,Jaipur,15.479024,75.07216,Snow (rare),Severe,Car,Unknown,0,Citizen
A303962,2024-07-31,22:33,Lucknow,27.96233,69.850013,Rain,Moderate,Truck,Weather,0,Police
A303963,2024-08-24,14:56,Hyderabad,8.604005,77.46196,Rain,Minor,Bus,Unknown,0,Police
A303964,2022-08-08,22:55,Surat,18.743917,68.620179,Rain,Moderate,Motorcycle,Drunk Driving,0,Police
A303965,2024-03-15,03:55,Lucknow,15.171432,73.80146,Rain,Minor,Truck,Weather,0,Citizen
A303966,2023-12-30,03:31,Surat,13.035433,73.243386,Clear,Minor,Pedestrian,Weather,1,Police
A303967,2025-07-26,14:19,Lucknow,11.604543,76.759219,Clear,Minor,Motorcycle,Weather,0,Hospital
A303968,2024-03-10,02:51,Jaipur,28.471882,74.343098,Clear,Moderate,Truck,Drunk Driving,1,Police
A303969,2024-03-22,03:54,Jaipur,25.19607,76.173878,Rain,Minor,Car,Unknown,0,Police
A303970,2025-08-02,13:11,Pune,11.955596,72.360359,Storm,Moderate,Motorcycle,Speeding,1,Citizen
A303971,2023-06-03,07:44,Chennai,14.006275,68.967186,Clear,Severe,Car,Weather,0,Police
A303972,2023-04-11,09:12,Kolkata,25.30377,77.209171,Clear,Minor,Car,Unknown,0,Hospital
A303973,2025-08-01,11:33,Hyderabad,13.1658,75.029067,Fog,Minor,Motorcycle,Bad Road,0,Citizen
A303974,2024-12-03,18:04,Pune,17.800515,69.367576,Hazy,Minor,Bus,Unknown,0,Police
A303975,2021-09-23,12:55,Lucknow,8.302722,68.842358,Clear,Minor,Motorcycle,Distracted,1,Citizen
A303976,2022-07-05,21:05,Delhi,26.239541,72.010665,Clear,Moderate,Motorcycle,Mechanical Failure,0,Police
A303977,2024-06-27,13:00,Chennai,12.175388,69.324095,Clear,Minor,Car,Unknown,0,Police
A303978,2025-08-06,16:07,Kolkata,27.00437,76.178301,Rain,Moderate,Motorcycle,Drunk Driving,0,Police
A303979,2021-08-26,03:00,Surat,14.335759,72.051988,Clear,Minor,Bicycle,Bad Road,0,Police
A303980,2024-11-23,09:56,Pune,20.332162,75.440256,Rain,Minor,Bus,Distracted,0,Insurance
A303981,2024-02-09,07:20,Mumbai,27.729286,75.562321,Rain,Fatal,Car,Drunk Driving,0,Hospital
A303982,2021-05-03,15:03,Hyderabad,21.062362,77.071204,Clear,Minor,Car,Distracted,0,Citizen
A303983,2024-02-02,08:31,Surat,10.02293,73.781026,Clear,Minor,Car,Unknown,1,Police
A303984,2023-09-06,13:34,Kolkata,21.426278,72.674107,Clear,Minor,Car,Unknown,1,Police
A303985,2021-03-29,18:44,Hyderabad,8.924737,76.183245,Fog,Fatal,Motorcycle,Mechanical Failure,0,Insurance
A303986,2024-11-04,22:20,Delhi,26.266673,77.643267,Clear,Severe,Car,Mechanical Failure,0,Police
A303987,2022-02-15,21:56,Hyderabad,17.211997,68.889736,Fog,Minor,Motorcycle,Bad Road,0,Police
A303988,2024-05-16,01:32,Hyderabad,22.889829,69.557504,Clear,Severe,Car,Unknown,0,Hospital
A303989,2022-09-28,09:32,Hyderabad,21.237164,71.434714,Snow (rare),Moderate,Truck,Mechanical Failure,0,Citizen
A303990,2023-05-26,05:41,Surat,15.902436,69.974763,Rain,Minor,Car,Distracted,0,Citizen
A303991,2021-01-30,15:34,Pune,14.807954,73.790288,Rain,Minor,Car,Weather,0,Citizen
A303992,2021-02-28,18:21,Delhi,26.547837,68.085037,Rain,Minor,Bus,Unknown,0,Citizen
A303993,2025-05-22,18:35,Hyderabad,20.181806,75.737262,Rain,Minor,Car,Speeding,0,Citizen
A303994,2023-01-22,00:43,Kolkata,17.24858,73.752615,Fog,Fatal,Motorcycle,Bad Road,0,Citizen
A303995,2023-11-23,11:15,Jaipur,8.197299,76.334204,Clear,Minor,Motorcycle,Bad Road,0,Citizen
A303996,2022-03-21,05:33,Lucknow,19.228736,68.237662,Clear,Minor,Bus,Mechanical Failure,0,Police
A303997,2024-02-22,11:34,Chennai,24.409462,75.059292,Clear,Minor,Truck,Weather,0,Citizen
A303998,2025-01-09,04:07,Bengaluru,19.86499,74.48773,Clear,Minor,Car,Weather,0,Police
A303999,2021-02-15,13:57,Pune,8.485692,77.407804,Clear,Minor,Motorcycle,Mechanical Failure,0,Police
A304000,2021-01-01,00:01,Jaipur,10.290019,70.178645,Rain,Moderate,Motorcycle,Distracted,1,Police
A304001,2024-02-27,00:37,Jaipur,14.874018,71.186677,Storm,Minor,Motorcycle,Weather,0,Hospital
A304002,2022-01-20,00:36,Hyderabad,9.97937,76.069828,Rain,Minor,Truck,Distracted,1,Citizen
A304003,2021-06-04,12:35,Mumbai,10.685304,68.866318,Clear,Minor,Motorcycle,Unknown,0,Police
A304004,2025-02-07,21:09,Bengaluru,17.562077,75.249513,Rain,Minor,Bus,Mechanical Failure,0,Hospital
A304005,2023-06-27,07:33,Pune,12.733376,71.199838,Rain,Minor,Bus,Speeding,0,Citizen
A304006,2021-11-11,11:08,Jaipur,14.204705,72.496371,Clear,Moderate,Car,Speeding,0,Police
A304007,2023-11-29,03:32,Pune,23.524979,77.088078,Storm,Minor,Car,Unknown,1,Police
A304008,2022-05-25,22:05,Hyderabad,11.914477,77.530365,Clear,Minor,Bus,Bad Road,0,Insurance
A304009,2025-06-04,13:10,Surat,23.120158,77.251753,Clear,Minor,Bus,Bad Road,0,Police
A304010,2023-10-23,15:52,Bengaluru,21.078946,71.756905,Fog,Minor,Car,Drunk Driving,0,Police
A304011,2022-03-04,04:04,Lucknow,27.664258,69.883783,Clear,Minor,Bicycle,Unknown,0,Police
A304012,2021-12-05,05:13,Chennai,26.029087,73.495513,Rain,Severe,Car,Unknown,0,Police
A304013,2021-07-16,14:37,Bengaluru,13.479914,69.597043,Clear,Moderate,Car,Weather,0,Citizen
A304014,2024-03-04,04:51,Surat,16.320164,69.138178,Clear,Fatal,Car,Drunk Driving,1,Citizen
A304015,2022-01-26,04:32,Lucknow,25.249515,72.945672,Clear,Minor,Car,Drunk Driving,1,Police
A304016,2022-09-02,10:07,Lucknow,17.525093,68.551311,Fog,Minor,Car,Bad Road,0,Insurance
A304017,2023-01-04,20:47,Kolkata,14.763728,69.355211,Clear,Moderate,Car,Drunk Driving,0,Police
A304018,2021-07-19,11:50,Hyderabad,12.654489,70.091482,Fog,Minor,Motorcycle,Distracted,0,Police
A304019,2024-12-26,12:05,Surat,23.781891,73.559596,Rain,Severe,Motorcycle,Weather,0,Citizen
A304020,2024-04-02,18:50,Lucknow,13.095928,71.644879,Fog,Minor,Pedestrian,Distracted,0,Police
A304021,2023-10-19,03:50,Mumbai,20.951116,76.981631,Fog,Minor,Bus,Unknown,2,Police
A304022,2024-12-19,17:11,Delhi,15.773009,72.927502,Fog,Moderate,Bus,Drunk Driving,0,Police
A304023,2023-11-09,03:09,Jaipur,22.469664,76.536261,Clear,Moderate,Truck,Speeding,0,Citizen
A304024,2023-12-06,15:08,Surat,14.121024,69.14132,Fog,Minor,Car,Drunk Driving,0,Insurance
A304025,2025-07-07,18:14,Surat,16.876775,68.087367,Clear,Moderate,Car,Drunk Driving,0,Police
A304026,2025-02-02,15:32,Delhi,11.634752,76.134204,Hazy,Minor,Car,Distracted,0,Hospital
A304027,2023-08-20,04:45,Delhi,19.707503,73.589216,Rain,Minor,Motorcycle,Speeding,0,Police
A304028,2023-08-11,03:08,Kolkata,12.079453,75.055025,Fog,Minor,Car,Bad Road,0,Police
A304029,2023-06-27,02:51,Lucknow,22.833017,71.631294,Clear,Minor,Motorcycle,Drunk Driving,0,Police
A304030,2024-11-07,05:05,Pune,25.384073,70.68531,Fog,Minor,Pedestrian,Drunk Driving,1,Citizen
A304031,2022-03-16,12:45,Delhi,14.791885,69.118254,Rain,Minor,Truck,Weather,0,Police
A304032,2022-08-09,00:54,Surat,24.635521,71.511239,Rain,Moderate,Motorcycle,Unknown,0,Citizen
A304033,2024-10-03,01:41,Bengaluru,14.562427,69.91223,Clear,Fatal,Car,Drunk Driving,0,Police
A304034,2021-11-07,13:03,Kolkata,14.354068,73.068974,Clear,Moderate,Car,Weather,1,Police
A304035,2021-09-20,00:54,Bengaluru,14.343191,72.392746,Clear,Minor,Motorcycle,Mechanical Failure,0,Citizen
A304036,2022-05-03,10:56,Surat,12.906792,68.925878,Fog,Minor,Car,Distracted,1,Police
A304037,2022-06-02,04:45,Delhi,11.660258,74.382795,Clear,Severe,Truck,Drunk Driving,0,Hospital
A304038,2023-10-04,12:51,Pune,27.299521,68.67188,Clear,Minor,Bus,Weather,0,Police
A304039,2022-06-08,04:37,Chennai,25.476348,76.993572,Clear,Minor,Motorcycle,Mechanical Failure,0,Police
A304040,2025-05-22,09:42,Lucknow,16.94926,75.658149,Rain,Minor,Motorcycle,Unknown,0,Police
A304041,2021-06-17,08:44,Chennai,21.106396,68.387005,Rain,Severe,Bicycle,Speeding,0,Police
A304042,2022-01-10,07:49,Kolkata,8.499911,70.844378,Hazy,Minor,Car,Bad Road,0,Police
A304043,2024-08-29,05:15,Delhi,22.946036,68.124767,Rain,Minor,Motorcycle,Unknown,0,Police
A304044,2025-08-12,18:24,Surat,17.037557,74.369956,Clear,Fatal,Car,Speeding,0,Insurance
A304045,2022-03-25,00:57,Bengaluru,10.153033,72.577997,Rain,Minor,Motorcycle,Drunk Driving,0,Police
A304046,2022-08-05,21:56,Lucknow,21.230776,70.782284,Rain,Minor,Truck,Distracted,0,Police
A304047,2023-11-19,21:28,Delhi,26.721762,70.314029,Rain,Severe,Pedestrian,Distracted,0,Police
A304048,2024-10-24,04:52,Delhi,11.609074,72.282981,Clear,Minor,Truck,Unknown,0,Police
A304049,2023-09-26,12:11,Kolkata,8.587472,75.331419,Clear,Moderate,Motorcycle,Bad Road,1,Police
A304050,2023-04-28,10:19,Kolkata,19.818647,74.69026,Rain,Moderate,Car,Bad Road,2,Police
A304051,2025-02-04,02:44,Mumbai,8.757868,70.374567,Storm,Minor,Motorcycle,Bad Road,0,Police
A304052,2022-03-23,17:08,Bengaluru,22.2054,73.902856,Clear,Minor,Pedestrian,Unknown,0,Citizen
A304053,2021-12-22,15:33,Delhi,17.998964,70.307049,Clear,Moderate,Motorcycle,Drunk Driving,1,Citizen
A304054,2025-05-16,18:18,Jaipur,15.91836,72.545189,Rain,Minor,Car,Unknown,0,Police
A304055,2025-09-01,14:50,Surat,27.851728,70.79755,Rain,Minor,Car,Weather,0,Police
A304056,2024-01-14,22:14,Surat,27.441417,69.544055,Clear,Severe,Truck,Bad Road,0,Citizen
A304057,2024-05-26,02:13,Pune,13.684292,71.231158,Fog,Fatal,Motorcycle,Distracted,0,Police
A304058,2021-08-14,06:33,Lucknow,18.93288,68.661696,Rain,Moderate,Motorcycle,Weather,0,Citizen
A304059,2021-11-30,06:47,Jaipur,23.001346,71.245416,Rain,Moderate,Motorcycle,Distracted,0,Citizen
A304060,2021-06-23,14:46,Surat,20.754135,69.12346,Clear,Minor,Car,Unknown,0,Police
A304061,2025-06-18,07:12,Hyderabad,13.577393,69.693619,Fog,Moderate,Bus,Speeding,0,Police
A304062,2023-01-08,00:47,Bengaluru,25.152854,73.131149,Rain,Severe,Motorcycle,Unknown,0,Police
A304063,2022-09-11,02:16,Hyderabad,22.460316,76.97,Rain,Minor,Motorcycle,Bad Road,0,Hospital
A304064,2024-07-07,17:34,Kolkata,17.431389,71.453704,Snow (rare),Moderate,Motorcycle,Weather,0,Police
A304065,2022-07-13,22:56,Lucknow,18.074222,70.983837,Clear,Minor,Motorcycle,Distracted,1,Police
A304066,2024-04-29,15:31,Mumbai,21.106822,73.701723,Clear,Fatal,Bus,Speeding,1,Police
A304067,2021-08-11,15:57,Mumbai,11.900183,71.955619,Clear,Moderate,Motorcycle,Bad Road,0,Citizen
A304068,2021-07-18,20:32,Jaipur,11.568192,75.808517,Storm,Moderate,Bus,Weather,0,Insurance
A304069,2023-10-24,11:07,Pune,11.560582,72.492106,Clear,Minor,Bus,Unknown,1,Police
A304070,2025-03-05,08:38,Kolkata,9.078935,72.837715,Hazy,Minor,Car,Weather,0,Police
A304071,2021-12-04,05:05,Jaipur,19.455038,75.184511,Rain,Moderate,Motorcycle,Unknown,1,Police
A304072,2021-11-11,05:25,Hyderabad,28.596514,69.90332,Clear,Moderate,Motorcycle,Unknown,0,Citizen
A304073,2024-10-24,01:55,Jaipur,26.011239,75.949691,Rain,Minor,Car,Speeding,1,Police
A304074,2022-12-25,11:24,Mumbai,20.568728,68.201377,Rain,Severe,Motorcycle,Speeding,0,Police
A304075,2022-12-17,13:58,Bengaluru,13.184638,70.079508,Clear,Minor,Truck,Mechanical Failure,0,Police
A304076,2025-05-22,15:44,Hyderabad,13.06213,70.75422,Rain,Minor,Bus,Distracted,0,Police
A304077,2022-08-28,11:07,Mumbai,20.575915,76.104914,Clear,Minor,Pedestrian,Speeding,0,Police
A304078,2022-07-09,15:50,Jaipur,19.348763,69.205163,Rain,Moderate,Car,Mechanical Failure,0,Insurance
A304079,2025-08-24,12:06,Chennai,18.538225,76.388353,Clear,Moderate,Motorcycle,Bad Road,0,Police
A304080,2022-01-10,01:22,Bengaluru,24.911591,72.504999,Hazy,Minor,Car,Distracted,0,Police
A304081,2023-02-21,20:01,Mumbai,21.39621,75.860459,Fog,Severe,Motorcycle,Speeding,0,Police
A304082,2022-12-12,07:21,Mumbai,25.618201,77.523539,Rain,Minor,Bus,Bad Road,0,Citizen
A304083,2021-09-15,21:32,Jaipur,14.834423,71.269729,Fog,Minor,Motorcycle,Speeding,1,Police
A304084,2024-08-02,19:34,Lucknow,28.144485,72.100768,Clear,Minor,Pedestrian,Speeding,0,Hospital
A304085,2025-05-18,21:26,Jaipur,13.625814,69.613307,Clear,Moderate,Car,Bad Road,0,Citizen
A304086,2021-10-30,00:12,Hyderabad,12.729565,70.356263,Rain,Severe,Motorcycle,Drunk Driving,0,Citizen
A304087,2024-01-12,02:18,Jaipur,10.403066,77.373328,Rain,Minor,Motorcycle,Bad Road,0,Insurance
A304088,2025-06-22,17:00,Chennai,25.410562,73.274608,Clear,Moderate,Car,Speeding,1,Hospital
A304089,2023-05-02,01:24,Jaipur,17.001902,76.243252,Rain,Moderate,Car,Distracted,0,Police
A304090,2025-02-18,14:42,Hyderabad,8.888583,68.271848,Rain,Severe,Car,Mechanical Failure,0,Insurance
A304091,2022-03-16,19:13,Jaipur,22.205993,69.884239,Clear,Minor,Pedestrian,Unknown,0,Citizen
A304092,2023-09-04,04:18,Mumbai,21.066591,73.211871,Clear,Moderate,Bus,Unknown,0,Police
A304093,2022-01-28,15:27,Mumbai,9.265212,73.98601,Clear,Moderate,Motorcycle,Unknown,0,Hospital
A304094,2024-10-10,04:46,Hyderabad,11.811885,73.191373,Fog,Minor,Pedestrian,Weather,0,Police
A304095,2021-02-15,04:31,Hyderabad,26.633072,68.180333,Clear,Minor,Bicycle,Bad Road,0,Police
A304096,2021-11-09,09:37,Lucknow,26.22838,72.142942,Snow (rare),Severe,Car,Drunk Driving,0,Police
A304097,2025-01-25,16:58,Jaipur,16.786127,77.687568,Clear,Minor,Motorcycle,Bad Road,0,Police
A304098,2024-02-20,18:54,Kolkata,8.089558,69.699923,Storm,Minor,Car,Weather,0,Police
A304099,2021-11-27,01:09,Hyderabad,10.859304,71.833052,Hazy,Minor,Bus,Weather,0,Citizen
A304100,2024-10-09,00:57,Mumbai,15.333782,73.742153,Rain,Fatal,Bus,Speeding,0,Police
A304101,2025-08-01,22:27,Delhi,12.104069,70.812117,Clear,Moderate,Car,Mechanical Failure,0,Police
A304102,2021-02-02,05:23,Surat,26.773717,71.000719,Snow (rare),Moderate,Motorcycle,Unknown,0,Citizen
A304103,2022-09-24,12:52,Kolkata,10.049268,70.073322,Clear,Minor,Motorcycle,Weather,0,Hospital
A304104,2024-04-07,17:10,Lucknow,9.503755,76.152978,Clear,Minor,Pedestrian,Mechanical Failure,0,Citizen
A304105,2025-06-15,07:47,Mumbai,18.215603,69.30303,Fog,Minor,Motorcycle,Weather,0,Police
A304106,2022-07-07,21:47,Delhi,12.478418,70.443601,Clear,Minor,Car,Distracted,0,Police
A304107,2025-03-17,03:33,Chennai,25.671418,76.206272,Rain,Minor,Car,Speeding,1,Police
A304108,2022-08-06,21:07,Chennai,13.089585,72.635681,Clear,Moderate,Motorcycle,Unknown,1,Police
A304109,2024-12-07,19:04,Jaipur,17.913701,70.546017,Hazy,Minor,Motorcycle,Bad Road,1,Police
A304110,2023-01-11,18:00,Bengaluru,25.250389,68.700887,Clear,Minor,Bus,Weather,0,Police
A304111,2024-10-30,00:37,Mumbai,23.342533,69.841063,Fog,Minor,Bus,Drunk Driving,1,Police
A304112,2022-08-15,02:35,Surat,21.567125,76.218567,Storm,Moderate,Pedestrian,Unknown,0,Police
A304113,2022-06-23,18:54,,15.846158,77.024271,Clear,Moderate,Car,Distracted,0,Police
A304114,2023-01-14,02:02,Lucknow,16.452249,73.547469,Storm,Moderate,Motorcycle,Unknown,0,Insurance
A304115,2024-06-28,05:53,Bengaluru,25.692581,77.073405,Rain,Minor,Car,Drunk Driving,0,Citizen
A304116,2024-04-02,01:00,Surat,18.476573,68.118031,Clear,Fatal,Car,Weather,1,Police
A304117,2021-03-07,15:32,Pune,20.416663,68.819138,Rain,Minor,Car,Distracted,0,Police
A304118,2022-03-19,08:53,Hyderabad,13.616651,68.900865,Clear,Moderate,Bicycle,Bad Road,0,Police
A304119,2023-10-13,14:47,Chennai,15.283728,72.20897,Clear,Severe,Car,Bad Road,3,Police
A304120,2022-04-16,08:41,Delhi,24.439881,69.901604,Clear,Minor,Motorcycle,Bad Road,0,Police
A304121,2024-12-17,09:40,Bengaluru,17.909984,68.34996,Clear,Minor,Bus,Speeding,1,Police
A304122,2024-11-10,04:27,Jaipur,13.468477,74.748215,Clear,Moderate,Car,Bad Road,0,Hospital
A304123,2024-12-17,11:12,Hyderabad,22.276851,75.814914,Clear,Minor,Motorcycle,Drunk Driving,1,Hospital
A304124,2022-01-03,01:38,Pune,9.868335,73.950971,Clear,Minor,Bus,Weather,1,Police
A304125,2024-10-28,12:07,Delhi,27.643129,71.636003,Storm,Moderate,Car,Speeding,0,Police
A304126,2023-12-24,11:42,Kolkata,23.668348,72.249547,Rain,Minor,Car,Bad Road,0,Hospital
A304127,2021-08-15,00:03,Chennai,20.547849,72.893768,Fog,Minor,Motorcycle,Bad Road,1,Police
A304128,2023-11-04,00:29,Bengaluru,16.133452,77.408397,Rain,Minor,Car,Speeding,0,Police
A304129,2024-05-02,22:28,Kolkata,18.783119,71.015506,Clear,Minor,Bus,Unknown,0,Police
A304130,2022-07-31,05:39,Delhi,25.294442,72.937411,Rain,Minor,Motorcycle,Speeding,2,Police
A304131,2023-01-24,05:16,Pune,25.690021,71.283248,Rain,Minor,Motorcycle,Speeding,0,Police
A304132,2023-07-31,10:14,Hyderabad,27.185785,71.084963,Clear,Minor,Pedestrian,Bad Road,0,Police
A304133,2023-04-14,03:42,Surat,26.557446,75.73888,Clear,Minor,Motorcycle,Mechanical Failure,0,Citizen
A304134,2025-07-16,01:49,Kolkata,8.275655,70.262228,Storm,Minor,Car,Drunk Driving,0,Police
A304135,2021-01-09,00:04,Surat,14.169881,68.110971,Clear,Minor,Bus,Distracted,1,Police
A304136,2025-07-19,20:25,Surat,16.421557,68.402625,Rain,Moderate,Motorcycle,Bad Road,0,Police
A304137,2024-01-19,15:37,Chennai,12.069434,72.724347,Clear,Minor,Car,Distracted,0,Hospital
A304138,2023-12-13,01:25,Hyderabad,8.061472,73.103965,Fog,Moderate,Car,Unknown,1,Police
A304139,2025-04-17,14:41,Surat,13.867156,76.436344,Hazy,Minor,Truck,Speeding,0,Police
A304140,2022-07-31,11:51,Surat,13.967475,71.857398,Rain,Fatal,Bus,Weather,0,Police
A304141,2023-04-04,22:48,Surat,17.88357,70.154303,Rain,Minor,Motorcycle,Bad Road,0,Citizen
A304142,2022-07-09,22:16,Surat,24.672943,68.542545,Fog,Minor,Motorcycle,Bad Road,0,Citizen
A304143,2022-08-12,16:16,Mumbai,9.096462,76.777356,Clear,Minor,Motorcycle,Mechanical Failure,0,Police
A304144,2023-12-27,21:08,Lucknow,22.237107,73.901043,Rain,Severe,Car,Drunk Driving,1,Police
A304145,2022-11-16,08:18,Hyderabad,23.038536,68.773347,Clear,Minor,Car,Unknown,0,Citizen
A304146,2021-04-16,10:18,Kolkata,26.000801,77.013136,Clear,Minor,Motorcycle,Bad Road,1,Citizen
A304147,2024-10-26,01:28,Mumbai,27.784641,77.461418,Clear,Moderate,Truck,Mechanical Failure,0,Police
A304148,2024-05-11,07:16,Mumbai,17.974113,75.129733,Clear,Minor,Truck,Mechanical Failure,0,Police
A304149,2021-11-01,13:20,Surat,9.898804,75.520249,Clear,Moderate,Bicycle,Bad Road,1,Police
A304150,2024-05-15,08:46,Mumbai,19.932016,70.881331,Clear,Minor,Motorcycle,Drunk Driving,0,Citizen
A304151,2023-01-02,00:35,Kolkata,25.339336,73.035589,Clear,Moderate,Car,Unknown,0,Citizen
A304152,2021-08-08,02:41,,24.414408,74.693958,Clear,Minor,Pedestrian,Weather,0,Police
A304153,2023-09-12,20:09,Delhi,25.456755,68.565228,Rain,Moderate,Pedestrian,Drunk Driving,0,Police
A304154,2022-07-03,14:58,Lucknow,26.497924,69.062138,Fog,Minor,Truck,Unknown,0,Police
A304155,2022-09-15,07:03,Kolkata,24.209725,71.317217,Clear,Minor,Bus,Unknown,0,Police
A304156,2024-11-03,13:01,Jaipur,13.687194,73.24691,Rain,Minor,Motorcycle,Drunk Driving,0,Police
A304157,2024-04-01,15:00,Surat,16.83833,72.504613,Rain,Minor,Car,Drunk Driving,0,Police
A304158,2024-09-26,05:09,Kolkata,13.408799,70.542144,Clear,Minor,Car,Unknown,0,Hospital
A304159,2024-03-29,10:41,Hyderabad,24.653082,76.932412,Fog,Minor,Car,Distracted,0,Police
A304160,2023-09-24,17:45,Mumbai,16.027165,72.985596,Storm,Moderate,Car,Bad Road,0,Police
A304161,2023-10-03,22:02,Surat,23.730698,74.572165,Storm,None,Motorcycle,Weather,0,Citizen
A304162,2022-01-19,00:56,Mumbai,22.238729,72.266641,Clear,Minor,Car,Distracted,0,Citizen
A304163,2024-08-10,22:07,Chennai,25.278809,68.065461,Clear,Minor,Motorcycle,Speeding,0,Police
A304164,2021-01-14,11:24,Pune,8.526121,72.646586,Clear,Minor,Bus,Unknown,0,Citizen
A304165,2022-07-23,22:38,Kolkata,17.917129,69.731464,Rain,Severe,Motorcycle,Distracted,0,Police
A304166,2022-09-01,18:11,Bengaluru,9.740595,72.830486,Storm,Moderate,Motorcycle,Unknown,1,Police
A304167,2022-01-19,13:28,Bengaluru,26.08031,72.277679,Rain,Minor,Motorcycle,Mechanical Failure,0,Police
A304168,2024-02-27,01:51,Delhi,15.269441,72.92779,Hazy,Moderate,Bicycle,Weather,1,Police
A304169,2023-08-30,07:04,Jaipur,10.879306,72.003832,Clear,Minor,Car,Drunk Driving,0,Police
A304170,2025-04-22,21:32,Mumbai,24.034267,70.518682,Clear,Minor,Bus,Unknown,1,Police
A304171,2025-07-06,06:29,Pune,13.189773,71.933247,Rain,Minor,Motorcycle,Unknown,0,Citizen
A304172,2021-12-15,22:56,Mumbai,16.570231,76.634708,Rain,Minor,Motorcycle,Speeding,2,Police
A304173,2021-02-14,12:41,Bengaluru,15.041639,73.75691,Fog,Minor,Car,Distracted,1,Police
A304174,2025-03-30,03:47,Delhi,10.40482,73.492098,Clear,Minor,Pedestrian,Weather,0,Citizen
A304175,2021-11-29,00:09,Surat,23.83117,68.212929,Fog,Moderate,Motorcycle,Mechanical Failure,0,Police
A304176,2021-07-26,00:04,Surat,10.392233,68.664249,Clear,Minor,Bus,Bad Road,0,Citizen
A304177,2023-12-28,13:26,Lucknow,9.008036,71.571087,Fog,Minor,Motorcycle,Speeding,1,Police
A304178,2024-07-25,16:58,Hyderabad,26.521654,69.347998,Clear,Moderate,Bicycle,Mechanical Failure,0,Police
A304179,2025-08-21,22:21,Lucknow,15.83842,71.202061,Clear,Moderate,Motorcycle,Bad Road,1,Police
A304180,2024-11-14,13:15,Lucknow,26.104075,70.692766,Fog,Minor,Truck,Drunk Driving,0,Police
A304181,2025-01-08,01:01,Hyderabad,26.69977,68.301065,Clear,Minor,Car,Weather,0,Police
A304182,2024-12-26,13:29,Bengaluru,14.895997,72.854415,Fog,Moderate,Car,Bad Road,0,Citizen
A304183,2023-05-30,00:17,Chennai,21.086996,71.213152,Clear,Moderate,Truck,Distracted,0,Citizen
A304184,2025-05-06,19:43,Delhi,15.60988,74.645893,Fog,Severe,Motorcycle,Distracted,1,Police
A304185,2021-12-07,22:11,Surat,12.732577,71.256552,Clear,Minor,Car,Mechanical Failure,0,Police
A304186,2021-08-29,10:18,Kolkata,25.872315,72.812387,Clear,Minor,Motorcycle,Drunk Driving,0,Police
A304187,2023-08-21,10:42,Chennai,25.750309,75.177307,Rain,Moderate,Car,Bad Road,0,Hospital
A304188,2025-02-09,13:32,Chennai,27.281696,68.375002,Clear,Minor,Motorcycle,Drunk Driving,0,Police
A304189,2021-09-16,13:14,Pune,9.074869,75.819349,Rain,Minor,Motorcycle,Bad Road,0,Police
A304190,2021-01-09,22:40,Pune,26.420654,68.662802,Rain,Minor,Car,Speeding,0,Police
A304191,2022-11-21,19:31,Jaipur,16.204799,70.108436,Fog,Minor,Car,Unknown,0,Police
A304192,2022-12-11,19:46,Hyderabad,17.911689,69.552715,Rain,Severe,Bus,Weather,0,Police
A304193,2024-08-17,16:27,Bengaluru,22.44977,74.911714,Clear,Severe,Bus,Unknown,0,Police
A304194,2022-01-31,02:23,Pune,9.558083,72.061843,Rain,Minor,Bus,Unknown,1,Police
A304195,2021-01-07,14:40,Chennai,26.704325,70.417769,Clear,Minor,Pedestrian,Distracted,0,Insurance
A304196,2021-06-28,18:00,Pune,8.90683,75.859729,Clear,Minor,Motorcycle,Weather,0,Police
A304197,2022-05-13,10:03,Chennai,27.745253,74.087767,Clear,Minor,Bus,Weather,0,Police
A304198,2023-10-30,16:06,Hyderabad,18.440995,73.857312,Clear,Minor,Motorcycle,Drunk Driving,0,Police
A304199,2024-08-12,12:19,Jaipur,8.159588,69.685978,Clear,Minor,Car,Distracted,0,Police
A304200,2022-04-06,20:09,Pune,25.482638,75.875364,Rain,Minor,Pedestrian,Speeding,0,Police
A304201,2024-04-03,20:16,Jaipur,22.453906,74.037719,Clear,Minor,Car,Mechanical Failure,0,Police
A304202,2022-06-04,02:06,Lucknow,25.9516,68.201171,Clear,Moderate,Bus,Bad Road,1,Police
A304203,2021-06-08,08:08,Mumbai,10.804394,68.033185,Clear,Minor,Motorcycle,Bad Road,0,Police
A304204,2021-09-14,10:14,Kolkata,22.943272,68.967733,Hazy,Moderate,Car,Bad Road,0,Citizen
A304205,2025-04-16,06:32,Chennai,8.208802,70.056231,Clear,Minor,Pedestrian,Speeding,0,Insurance
A304206,2022-04-12,07:36,Surat,11.832428,77.124169,Clear,Moderate,Car,Drunk Driving,1,Insurance
A304207,2022-03-29,13:57,Bengaluru,19.076318,68.743652,Rain,Minor,Bus,Drunk Driving,1,Citizen
A304208,2025-08-04,04:57,Chennai,19.576713,72.225865,Fog,Minor,Motorcycle,Mechanical Failure,0,Police
A304209,2023-02-10,20:36,Mumbai,21.646646,68.31548,Fog,Minor,Car,Mechanical Failure,1,Police
A304210,2022-11-23,02:03,Delhi,15.736663,68.28492,Clear,Moderate,Pedestrian,Unknown,0,Police
A304211,2025-09-10,00:23,Pune,22.421186,76.336946,Clear,Minor,Motorcycle,Weather,0,Police
A304212,2023-10-20,18:14,Bengaluru,23.093519,70.449579,Fog,Minor,Car,Drunk Driving,1,Citizen
A304213,2023-12-03,14:37,Bengaluru,23.347171,72.106355,Clear,Fatal,Motorcycle,Weather,0,Police
A304214,2024-11-01,05:14,Bengaluru,14.592398,72.39896,Clear,Minor,Car,Unknown,0,Insurance
A304215,2022-11-04,20:13,Chennai,17.018175,71.845868,Rain,Moderate,Motorcycle,Speeding,1,Police
A304216,2022-01-14,12:24,Jaipur,26.37092,71.543237,Rain,Minor,Motorcycle,Weather,0,Police
A304217,2024-09-01,05:30,Hyderabad,26.404932,74.4509,Clear,Moderate,Motorcycle,Unknown,0,Police
A304218,2023-11-17,07:48,Kolkata,14.701351,75.843798,Rain,Moderate,Motorcycle,Bad Road,0,Police
A304219,2022-08-10,09:05,Kolkata,23.828878,70.84383,Rain,Moderate,Truck,Mechanical Failure,0,Police
A304220,2022-07-23,17:18,Hyderabad,20.567099,75.328293,Fog,Moderate,Truck,Bad Road,0,Citizen
A304221,2024-09-01,22:44,Delhi,22.772239,76.221116,Snow (rare),Severe,Motorcycle,Weather,1,Police
A304222,2022-08-14,09:21,Pune,10.002277,76.758242,Clear,Minor,Bus,Bad Road,2,Citizen
A304223,2023-11-17,20:19,Mumbai,19.233081,68.255439,Rain,Minor,Truck,Mechanical Failure,0,Citizen
A304224,2022-12-06,12:46,Hyderabad,23.532533,72.129416,Clear,Moderate,Car,Distracted,0,Citizen
A304225,2021-09-17,17:22,Mumbai,10.354092,72.642673,Storm,Minor,Bicycle,Bad Road,1,Police
A304226,2021-09-21,13:22,Delhi,28.504341,74.698089,Rain,Minor,Pedestrian,Speeding,0,Hospital
A304227,2024-11-01,07:55,Bengaluru,17.393953,70.905762,Clear,Minor,Car,Unknown,0,Police
A304228,2022-03-10,05:38,Pune,13.718398,76.171801,Clear,Severe,Car,Speeding,0,Police
A304229,2022-12-14,22:11,Pune,19.052296,71.341507,Fog,Minor,Motorcycle,Unknown,0,Police
A304230,2022-04-25,03:11,Delhi,15.574593,71.818539,Clear,Minor,Car,Drunk Driving,0,Insurance
A304231,2022-10-10,03:57,Pune,17.218807,75.560808,Fog,Minor,Car,Speeding,0,Police
A304232,2025-08-21,14:12,Lucknow,16.736292,75.800659,Fog,Minor,Motorcycle,Mechanical Failure,0,Police
A304233,2021-01-26,04:39,Kolkata,11.412657,72.183208,Fog,Moderate,Motorcycle,Unknown,1,Police
A304234,2021-10-07,22:33,Hyderabad,9.404595,69.45519,Snow (rare),Moderate,Truck,Distracted,0,Police
A304235,2022-08-31,22:11,Mumbai,11.553888,70.587124,Clear,Minor,Car,Bad Road,0,Citizen
A304236,2024-05-22,04:33,Mumbai,27.018683,71.178774,Rain,Moderate,Motorcycle,Unknown,0,Citizen
A304237,2022-03-22,03:45,Jaipur,28.332956,70.436527,Clear,Fatal,Car,Drunk Driving,0,Police
A304238,2021-07-18,19:45,Jaipur,27.681334,68.144421,Hazy,Minor,Truck,Unknown,0,Citizen
A304239,2024-01-02,19:03,Chennai,27.892364,68.422595,Clear,Moderate,Motorcycle,Bad Road,0,Police
A304240,2025-06-19,17:50,Lucknow,17.866503,74.631561,Clear,Moderate,Pedestrian,Unknown,0,Hospital
A304241,2023-07-06,13:28,Jaipur,25.152869,70.679299,Clear,Minor,Pedestrian,Drunk Driving,1,Police
A304242,2023-02-21,03:36,Hyderabad,15.074944,70.162303,Clear,Minor,Motorcycle,Weather,0,Hospital
A304243,2022-03-24,09:29,Delhi,26.145835,72.254075,Rain,Minor,Bus,Speeding,0,Police
A304244,2023-02-02,12:51,Surat,16.036625,77.365275,Hazy,Severe,Truck,Weather,0,Police
A304245,2023-03-20,06:44,Pune,17.898584,72.525154,Fog,Moderate,Car,Unknown,0,Police
A304246,2022-01-14,16:35,Pune,24.02787,71.152093,Clear,Minor,Car,Unknown,0,Police
A304247,2023-08-29,15:31,Jaipur,20.955388,75.888457,Clear,Minor,Bicycle,Weather,1,Police
A304248,2024-05-12,19:15,Bengaluru,11.663802,72.907502,Clear,Severe,Truck,Mechanical Failure,0,Police
A304249,2024-05-06,17:15,Hyderabad,26.977205,72.209189,Clear,Minor,Motorcycle,Weather,2,Police
A304250,2022-09-20,22:12,Bengaluru,13.724938,69.734161,Clear,Moderate,Bus,Speeding,0,Police
A304251,2025-06-28,11:00,Pune,8.587193,68.661913,Clear,Minor,Bus,Distracted,1,Police
A304252,2022-04-06,14:40,Mumbai,22.100431,75.541081,Clear,Fatal,Bicycle,Drunk Driving,0,Citizen
A304253,2025-07-04,01:51,Pune,9.204313,70.18966,Rain,Moderate,Car,Weather,0,Citizen
A304254,2021-09-22,12:09,Pune,18.08737,76.553767,Clear,Moderate,Motorcycle,Mechanical Failure,0,Citizen
A304255,2021-12-13,10:22,Lucknow,13.976627,68.367182,Clear,Severe,Motorcycle,Bad Road,0,Hospital
A304256,2022-03-15,19:58,Lucknow,22.316463,72.26401,Rain,Minor,Car,Unknown,1,Police
A304257,2023-12-04,12:49,Jaipur,16.256313,75.675228,Fog,Minor,Car,Speeding,0,Hospital
A304258,2021-05-16,09:25,Bengaluru,11.677323,71.768377,Fog,Minor,Car,Unknown,0,Citizen
A304259,2021-08-28,01:35,Hyderabad,8.462769,76.211111,Clear,Fatal,Car,Speeding,1,Hospital
A304260,2022-02-09,19:02,Mumbai,28.455422,77.218857,Clear,Severe,Motorcycle,Bad Road,0,Citizen
A304261,2024-03-06,16:22,Kolkata,11.279978,71.601258,Fog,Moderate,Truck,Speeding,0,Police
A304262,2023-07-10,06:25,Mumbai,28.460502,68.043739,Fog,Minor,Bus,Distracted,0,Hospital
A304263,2023-10-28,10:44,Hyderabad,21.480642,68.794492,Hazy,Moderate,Bus,Unknown,0,Police
A304264,2024-07-17,07:02,Pune,19.980704,73.811458,Clear,Minor,Motorcycle,Mechanical Failure,0,Police
A304265,2022-04-23,06:34,Chennai,14.782186,72.866662,Clear,Moderate,Motorcycle,Mechanical Failure,0,Police
A304266,2021-04-27,02:16,Hyderabad,22.048794,69.681496,Storm,Severe,Truck,Distracted,0,Police
A304267,2021-03-01,05:20,Bengaluru,25.8832,72.813126,Rain,Moderate,Car,Speeding,1,Citizen
A304268,2021-11-14,22:30,Delhi,15.103445,77.621092,Rain,Moderate,Car,Bad Road,0,Citizen
A304269,2022-07-01,12:35,Jaipur,17.620143,71.725409,Rain,Moderate,Car,Distracted,0,Police
A304270,2021-08-07,21:05,Bengaluru,9.019426,74.798273,Clear,Moderate,Car,Unknown,0,Police
A304271,2022-03-22,09:43,Mumbai,28.345158,73.438494,Fog,Minor,Car,Mechanical Failure,0,Police
A304272,2023-07-18,00:45,Lucknow,20.784329,77.048022,Fog,Minor,Motorcycle,Bad Road,0,Citizen
A304273,2022-05-18,12:25,Mumbai,27.624348,73.443007,Rain,Minor,Motorcycle,Speeding,2,Police
A304274,2025-05-10,17:20,,12.84879,70.385151,Rain,Minor,Car,Distracted,0,Hospital
A304275,2025-01-26,20:22,Surat,14.889926,70.332035,Rain,Minor,Truck,Speeding,1,Hospital
A304276,2025-05-11,03:21,Delhi,14.936404,68.395875,Hazy,Moderate,Bus,Bad Road,0,Hospital
A304277,2023-05-12,09:55,Lucknow,19.362134,71.582872,Clear,Minor,Car,Drunk Driving,1,Hospital
A304278,2024-06-22,00:34,Hyderabad,8.271655,76.774543,Clear,Moderate,Car,Bad Road,1,Police
A304279,2025-05-31,08:39,Chennai,26.644754,71.534597,Hazy,Moderate,Motorcycle,Mechanical Failure,0,Police
A304280,2021-09-17,06:09,Jaipur,20.161634,70.741552,Clear,Severe,Car,Drunk Driving,1,Citizen
A304281,2021-12-18,02:45,Delhi,23.112564,74.655642,Rain,Minor,Car,Speeding,2,Police
A304282,2025-03-03,12:22,Mumbai,23.354073,71.576973,Clear,Moderate,Car,Weather,1,Hospital
A304283,2024-08-11,02:52,Hyderabad,11.284178,70.337052,Fog,Minor,Car,Unknown,0,Hospital
A304284,2023-12-27,08:19,Lucknow,19.816118,76.738091,Rain,Minor,Car,Weather,0,Police
A304285,2024-07-14,07:34,Bengaluru,23.082255,72.195188,Rain,Moderate,Car,Bad Road,0,Hospital
A304286,2023-10-11,17:04,Bengaluru,10.202963,77.188585,Rain,Moderate,Truck,Mechanical Failure,0,Citizen
A304287,2025-05-15,21:34,Lucknow,11.424276,76.132411,Rain,Fatal,Car,Drunk Driving,0,Police
A304288,2025-02-07,02:54,Jaipur,8.635475,70.644768,Clear,Minor,Bicycle,Mechanical Failure,1,Police
A304289,2023-11-16,20:49,Lucknow,18.642313,73.000541,Clear,Severe,Car,Weather,0,Police
A304290,2022-08-02,09:57,Hyderabad,24.074555,73.209286,Clear,Minor,Car,Distracted,0,Police
A304291,2021-08-04,00:29,Chennai,28.068395,74.470089,Clear,Fatal,Car,Unknown,0,Police
A304292,2022-06-09,03:12,Delhi,14.54587,74.772718,Clear,Severe,Car,Bad Road,1,Citizen
A304293,2025-05-26,21:37,Kolkata,9.726484,75.30454,Rain,Minor,Bicycle,Speeding,1,Police
A304294,2022-11-11,10:19,Pune,27.211411,70.434613,Clear,Moderate,Motorcycle,Distracted,0,Police
A304295,2022-12-13,10:33,Kolkata,9.130371,69.04597,Fog,Minor,Car,Distracted,0,Hospital
A304296,2025-03-21,11:04,Delhi,8.587317,72.143965,Clear,Minor,Car,Weather,0,Insurance
A304297,2025-03-19,03:54,Jaipur,14.74854,74.465054,Clear,Minor,Motorcycle,Unknown,1,Citizen
A304298,2025-07-15,16:58,Kolkata,13.885142,68.399678,Rain,Minor,Bus,Mechanical Failure,0,Police
A304299,2021-12-03,14:34,Lucknow,22.780209,72.612558,Clear,Minor,Motorcycle,Bad Road,1,Police
A304300,2024-12-19,06:32,Delhi,11.918109,75.874746,Snow (rare),Minor,Car,Unknown,0,Police
A304301,2021-06-14,14:43,Delhi,17.444377,68.506048,Hazy,Moderate,Motorcycle,Speeding,0,Citizen
A304302,2025-08-08,11:14,Jaipur,26.687869,74.911493,Clear,Minor,Bus,Distracted,0,Police
A304303,2021-08-24,06:04,,10.417497,75.699733,Clear,Fatal,Motorcycle,Mechanical Failure,0,Police
A304304,2025-09-24,13:17,Surat,22.017238,73.438673,Storm,Minor,Car,Drunk Driving,0,Police
A304305,2023-12-07,00:37,Pune,21.166081,70.906096,Rain,Minor,Car,Bad Road,1,Police
A304306,2023-03-30,05:33,Bengaluru,24.469086,73.672995,Rain,Moderate,Motorcycle,Drunk Driving,0,Police
A304307,2023-08-22,00:42,Surat,22.949948,71.342741,Hazy,Severe,Car,Mechanical Failure,0,Citizen
A304308,2024-04-19,22:48,Kolkata,20.235138,71.085805,Clear,Minor,Bus,Mechanical Failure,0,Police
A304309,2021-05-04,14:20,Lucknow,11.040696,72.707368,Clear,Severe,Truck,Drunk Driving,0,Police
A304310,2023-06-07,16:49,Surat,9.178299,69.699771,Clear,Minor,Motorcycle,Unknown,0,Citizen
A304311,2021-08-25,19:20,Jaipur,10.862639,76.044858,Storm,Minor,Bus,Bad Road,0,Police
A304312,2025-09-18,08:02,Lucknow,14.62868,76.722532,Clear,Severe,Car,Unknown,0,Citizen
A304313,2024-07-27,13:46,Delhi,12.728971,73.464198,Clear,Severe,Car,Weather,0,Police
A304314,2022-04-21,09:09,Pune,14.832826,74.108843,Clear,Fatal,Car,Bad Road,0,Police
A304315,2023-11-15,17:29,Jaipur,15.975608,71.780019,Fog,Moderate,Bus,Weather,0,Citizen
A304316,2021-04-23,19:05,Jaipur,20.636339,77.696329,Hazy,Minor,Motorcycle,Drunk Driving,0,Police
A304317,2025-08-18,18:41,Kolkata,17.270628,77.075796,Hazy,Fatal,Car,Drunk Driving,0,Police
A304318,2023-09-01,12:41,Chennai,19.401091,69.025509,Clear,Minor,Bicycle,Bad Road,0,Police
A304319,2023-01-11,08:19,Bengaluru,23.125558,72.035195,Clear,Minor,Car,Drunk Driving,3,Police
A304320,2022-07-03,16:38,,19.504976,74.773366,Clear,Severe,Motorcycle,Weather,0,Citizen
A304321,2025-09-29,13:12,Surat,10.211903,68.803204,Clear,Minor,Motorcycle,Drunk Driving,2,Police
A304322,2025-02-15,07:47,Kolkata,16.696801,72.268618,Fog,Minor,Car,Bad Road,1,Hospital
A304323,2023-01-29,06:47,Mumbai,10.940035,72.23131,Clear,Minor,Pedestrian,Distracted,1,Police
A304324,2024-02-20,01:56,Surat,23.944417,70.761449,Rain,Moderate,Motorcycle,Weather,0,Citizen
A304325,2023-04-27,05:12,Delhi,17.243895,74.747923,Rain,Moderate,Bicycle,Drunk Driving,0,Police
A304326,2022-03-16,00:02,Chennai,27.819975,73.435435,Rain,Severe,Car,Speeding,1,Citizen
A304327,2024-06-02,09:39,Delhi,12.63419,72.622247,Rain,Minor,Car,Unknown,0,Citizen
A304328,2022-12-01,03:56,Lucknow,18.165833,70.289932,Clear,Minor,Bus,Bad Road,0,Citizen
A304329,2022-10-24,01:52,Pune,9.590231,72.762042,Clear,Minor,Motorcycle,Bad Road,0,Citizen
A304330,2022-11-14,02:04,Lucknow,27.000524,76.59919,Rain,Minor,Bus,Weather,0,Police
A304331,2023-11-29,12:50,Lucknow,13.006614,68.978519,Clear,Minor,Truck,Distracted,0,Police
A304332,2025-01-15,12:40,Jaipur,23.670096,71.629409,Rain,Severe,Motorcycle,Speeding,0,Police
A304333,2024-01-29,00:26,Surat,19.931406,69.670539,Fog,Minor,Bus,Distracted,1,Police
A304334,2024-08-16,03:58,Kolkata,8.402146,68.354776,Fog,Severe,Motorcycle,Weather,0,Citizen
A304335,2022-10-30,18:12,Lucknow,27.980607,70.031029,Rain,Moderate,Bus,Speeding,1,Police
A304336,2025-06-22,00:16,Pune,27.452467,74.232297,Clear,None,Car,Drunk Driving,0,Hospital
A304337,2021-12-14,15:54,Kolkata,24.006839,77.674185,Hazy,Minor,Car,Distracted,1,Citizen
A304338,2023-06-09,02:14,Delhi,27.719244,72.690716,Snow (rare),Minor,Car,Distracted,1,Police
A304339,2024-12-13,07:51,Hyderabad,22.91775,76.342971,Rain,Minor,Motorcycle,Bad Road,1,Insurance
A304340,2025-06-05,13:20,Bengaluru,14.177801,75.763722,Rain,Minor,Bus,Bad Road,0,Hospital
A304341,2024-09-17,06:54,Pune,16.731798,68.307025,Clear,Moderate,Truck,Distracted,1,Citizen
A304342,2023-08-10,17:44,Chennai,11.686373,70.070836,Clear,Minor,Motorcycle,Mechanical Failure,1,Police
A304343,2025-07-16,16:20,Hyderabad,25.76486,76.314455,Clear,Minor,Car,Bad Road,0,Citizen
A304344,2022-06-04,15:51,Hyderabad,16.695717,73.650984,Clear,Severe,Motorcycle,Weather,0,Insurance
A304345,2022-10-04,08:55,Lucknow,9.932887,70.030989,Clear,Minor,Car,Bad Road,0,Citizen
A304346,2025-08-01,03:04,Delhi,15.199114,68.626897,Fog,Moderate,Car,Distracted,0,Police
A304347,2025-02-05,15:39,Surat,14.624415,74.308414,Clear,Moderate,Bus,Speeding,0,Police
A304348,2024-03-21,08:49,Chennai,25.966945,68.59012,Rain,Moderate,Motorcycle,Drunk Driving,0,Citizen
A304349,2024-09-23,11:49,Delhi,9.388835,77.601199,Snow (rare),Moderate,Motorcycle,Speeding,0,Citizen
A304350,2021-01-21,12:03,Surat,23.297024,68.83044,Fog,Minor,Truck,Mechanical Failure,2,Police
A304351,2022-07-19,00:19,Hyderabad,9.983923,68.482127,Clear,Moderate,Bus,Distracted,0,Hospital
A304352,2021-06-11,14:01,Mumbai,20.625143,70.553944,Clear,Severe,Bicycle,Bad Road,0,Police
A304353,2022-05-06,13:07,Mumbai,14.898342,74.800176,Rain,Moderate,Truck,Weather,0,Police
A304354,2021-03-24,14:23,Pune,12.388508,73.829349,Fog,Minor,Car,Bad Road,0,Police
A304355,2025-01-12,05:56,Kolkata,19.721683,69.549648,Clear,Severe,Car,Bad Road,0,Hospital
A304356,2025-01-09,05:36,Mumbai,25.187891,72.724405,Rain,Minor,Car,Mechanical Failure,0,Police
A304357,2021-04-30,16:47,Bengaluru,15.225358,70.818399,Snow (rare),Severe,Car,Bad Road,1,Police
A304358,2024-03-10,00:52,Lucknow,23.130958,71.471637,Rain,Minor,Motorcycle,Drunk Driving,0,Police
A304359,2025-09-23,02:03,Bengaluru,16.179658,72.72693,Hazy,Minor,Motorcycle,Drunk Driving,0,Police
A304360,2023-04-24,10:17,Surat,8.47676,68.993486,Clear,Minor,Car,Drunk Driving,0,Police
A304361,2024-06-10,16:33,Delhi,9.630158,69.731831,Clear,Minor,Car,Speeding,1,Police
A304362,2025-04-06,10:15,Mumbai,17.097379,68.452175,Rain,Minor,Bus,Bad Road,0,Citizen
A304363,2021-01-02,08:09,Hyderabad,17.790702,76.533809,Fog,Minor,Bicycle,Mechanical Failure,1,Citizen
A304364,2023-09-29,13:41,Chennai,23.242471,76.958433,Clear,Moderate,Car,Speeding,2,Police
A304365,2021-09-10,05:12,Hyderabad,22.987868,68.656839,Rain,Minor,Bus,Mechanical Failure,0,Citizen
A304366,2025-08-26,04:44,Chennai,26.590607,68.917663,Rain,Severe,Truck,Weather,0,Police
A304367,2021-03-03,18:07,Bengaluru,13.847054,68.469049,Storm,Moderate,Bus,Unknown,1,Citizen
A304368,2022-02-21,19:45,Chennai,15.000653,71.97487,Clear,Minor,Motorcycle,Bad Road,0,Hospital
A304369,2025-09-01,06:34,Surat,22.415069,70.855223,Storm,Minor,Car,Drunk Driving,1,Police
A304370,2024-07-17,03:05,Pune,10.579218,75.726986,Clear,Moderate,Motorcycle,Speeding,0,Police
A304371,2021-04-30,18:20,Mumbai,25.413098,72.859249,Clear,Moderate,Bus,Distracted,0,Insurance
A304372,2025-07-16,12:38,Kolkata,15.137541,71.966883,Clear,Moderate,Car,Unknown,0,Police
A304373,2021-11-25,13:34,Mumbai,11.357435,68.748002,Rain,Minor,Motorcycle,Drunk Driving,0,Police
A304374,2024-05-22,18:58,Pune,17.004823,74.777027,Clear,Severe,Motorcycle,Weather,0,Police
A304375,2024-11-04,03:38,Lucknow,16.803616,77.500786,Rain,Minor,Pedestrian,Bad Road,1,Police
A304376,2022-12-24,22:45,Lucknow,17.550993,74.554952,Clear,Moderate,Bicycle,Distracted,0,Police
A304377,2021-04-08,14:25,Lucknow,9.915713,71.235912,Rain,Minor,Motorcycle,Bad Road,0,Citizen
A304378,2023-05-22,21:17,Delhi,9.528391,71.499089,Clear,Minor,Motorcycle,Unknown,2,Hospital
A304379,2021-01-02,18:49,Jaipur,26.207707,76.899824,Clear,Severe,Car,Weather,0,Hospital
A304380,2024-02-19,01:24,Pune,16.118347,74.693562,Fog,Moderate,Motorcycle,Mechanical Failure,1,Citizen
A304381,2024-06-11,10:39,Surat,9.537697,71.959275,Rain,Minor,Motorcycle,Speeding,0,Police
A304382,2022-06-19,14:14,Delhi,23.652507,68.584946,Clear,Fatal,Car,Speeding,0,Police
A304383,2021-10-15,13:48,Delhi,9.877165,71.16189,Rain,Minor,Motorcycle,Unknown,1,Police
A304384,2022-05-19,18:35,Mumbai,25.898813,68.729886,Clear,Moderate,Car,Mechanical Failure,0,Police
A304385,2021-09-10,21:54,Chennai,9.222594,72.606589,Clear,Severe,Car,Unknown,0,Police
A304386,2022-12-13,19:51,Kolkata,12.738514,71.545699,Fog,Moderate,Car,Drunk Driving,0,Hospital
A304387,2021-12-05,08:14,Chennai,24.266757,75.394606,Clear,Moderate,Car,Weather,3,Police
A304388,2024-04-22,04:45,Surat,25.033737,69.084441,Hazy,Severe,Car,Speeding,0,Citizen
A304389,2021-03-04,08:21,Bengaluru,25.552494,76.298072,Clear,Minor,Motorcycle,Weather,0,Police
A304390,2021-10-25,17:28,Chennai,21.289554,70.557778,Hazy,Minor,Bus,Unknown,0,Police
A304391,2024-05-27,04:15,Kolkata,18.095612,68.668341,Clear,Minor,Car,Mechanical Failure,0,Insurance
A304392,2025-07-16,18:25,Jaipur,22.406227,68.543644,Rain,Minor,Bus,Mechanical Failure,0,Police
A304393,2024-10-26,21:16,Kolkata,22.301703,75.995817,Clear,Minor,Car,Speeding,0,Citizen
A304394,2024-01-16,19:54,Pune,15.498369,70.368106,Clear,Moderate,Truck,Mechanical Failure,0,Police
A304395,2025-05-31,04:47,Kolkata,14.895483,72.301241,Clear,Minor,Car,Weather,0,Police
A304396,2021-03-12,00:01,Surat,12.334091,70.281862,Clear,Minor,Car,Weather,0,Police
A304397,2021-06-22,06:31,Pune,21.5331,72.604605,Clear,Minor,Car,Bad Road,2,Insurance
A304398,2021-03-02,22:48,Pune,20.984119,75.018997,Clear,Minor,Car,Unknown,0,Police
A304399,2023-05-30,06:24,Kolkata,16.392532,70.19276,Rain,Moderate,Bus,Bad Road,0,Police
A304400,2022-05-27,18:06,Jaipur,9.172827,74.879796,Storm,Minor,Bus,Unknown,0,Citizen
A304401,2025-06-22,20:20,Hyderabad,23.040168,71.44535,Clear,Fatal,Car,Distracted,0,Police
A304402,2025-01-25,22:49,Bengaluru,22.731359,72.258349,Clear,Minor,Motorcycle,Unknown,0,Citizen
A304403,2025-06-16,14:00,Surat,22.724119,68.26493,Rain,Minor,Truck,Drunk Driving,0,Police
A304404,2024-12-10,15:21,Chennai,19.741448,76.160787,Clear,Minor,Car,Distracted,1,Police
A304405,2022-07-30,07:22,Pune,20.972575,74.280003,Clear,Minor,Bus,Speeding,0,Police
A304406,2022-10-21,16:40,Hyderabad,20.979236,70.245144,Rain,Moderate,Truck,Speeding,0,Police
A304407,2023-09-05,20:11,Bengaluru,14.01782,68.278271,Rain,Minor,Car,Distracted,0,Hospital
A304408,2023-07-14,13:56,Chennai,16.956295,69.491135,Storm,Moderate,Motorcycle,Weather,0,Police
A304409,2021-07-16,07:01,Kolkata,27.808696,76.559477,Clear,Minor,Motorcycle,Distracted,0,Police
A304410,2022-06-17,19:33,Kolkata,13.135579,73.338828,Rain,Moderate,Bicycle,Distracted,0,Police
A304411,2022-05-15,13:29,Hyderabad,26.417366,73.843,Rain,Moderate,Motorcycle,Weather,0,Police
A304412,2023-08-08,03:41,Hyderabad,8.443827,75.552367,Clear,Minor,Motorcycle,Weather,0,Police
A304413,2021-05-31,18:06,Delhi,10.326942,70.333083,Clear,Minor,Truck,Unknown,1,Police
A304414,2021-09-24,15:27,Kolkata,8.632001,73.436149,Clear,Moderate,Motorcycle,Distracted,1,Police
A304415,2021-01-21,17:14,Mumbai,22.580945,74.15915,Clear,Minor,Motorcycle,Distracted,1,Police
A304416,2023-01-17,17:06,Bengaluru,16.261442,68.861416,Storm,Moderate,Motorcycle,Speeding,0,Police
A304417,2024-08-24,17:21,Pune,17.665536,75.320731,Rain,Minor,Car,Bad Road,0,Police
A304418,2021-11-02,14:24,Jaipur,15.640267,73.918001,Clear,Minor,Motorcycle,Mechanical Failure,1,Police
A304419,2022-06-10,11:14,Surat,8.116554,71.595727,Rain,Moderate,Car,Mechanical Failure,0,Citizen
A304420,2024-11-18,05:13,Surat,21.099533,75.387289,Clear,Minor,Car,Bad Road,0,Police
A304421,2021-10-13,17:54,Lucknow,16.774051,73.28684,Rain,Moderate,Car,Mechanical Failure,0,Hospital
A304422,2024-11-23,14:24,Bengaluru,15.213853,77.05195,Rain,Moderate,Motorcycle,Speeding,1,Police
A304423,2021-11-26,08:00,Surat,9.036746,71.368351,Clear,Minor,Motorcycle,Distracted,1,Citizen
A304424,2023-01-21,21:27,Hyderabad,28.69072,69.25929,Rain,Minor,Motorcycle,Mechanical Failure,0,Police
A304425,2023-08-29,06:45,Mumbai,22.120617,69.217126,Fog,Moderate,Car,Unknown,1,Police
A304426,2021-03-01,15:25,Mumbai,15.035885,72.833411,Rain,Fatal,Car,Unknown,0,Hospital
A304427,2022-02-08,14:18,Jaipur,18.870847,72.873213,Rain,Minor,Car,Drunk Driving,0,Police
A304428,2023-05-09,19:21,Mumbai,26.624961,76.767031,Clear,Minor,Motorcycle,Mechanical Failure,0,Police
A304429,2021-08-04,14:51,Kolkata,26.005667,72.897602,Fog,Minor,Motorcycle,Speeding,0,Citizen
A304430,2023-03-23,00:02,Jaipur,22.019369,76.72678,Clear,Severe,Bus,Drunk Driving,0,Police
A304431,2021-03-04,20:40,Jaipur,11.875666,70.041561,Clear,Minor,Car,Bad Road,0,Police
A304432,2024-01-28,21:05,Mumbai,8.824149,74.895066,Clear,Minor,Car,Bad Road,0,Police
A304433,2024-01-07,10:10,Pune,11.037857,72.778302,Clear,Minor,Bus,Distracted,1,Police
A304434,2022-10-16,09:03,Hyderabad,26.986302,72.576353,Clear,Moderate,Truck,Mechanical Failure,0,Police
A304435,2022-11-20,06:57,Mumbai,9.343712,71.335769,Rain,Minor,Car,Distracted,0,Insurance
A304436,2024-08-08,21:15,Kolkata,22.448935,76.76702,Fog,Moderate,Car,Speeding,1,Citizen
A304437,2021-06-17,00:10,Mumbai,13.133138,77.297982,Hazy,Minor,Car,Bad Road,1,Police
A304438,2021-07-04,09:15,Bengaluru,26.831005,70.405231,Clear,Minor,Motorcycle,Drunk Driving,0,Hospital
A304439,2025-02-20,01:07,Bengaluru,18.687343,72.450413,Clear,Minor,Car,Speeding,0,Police
A304440,2023-11-06,07:27,Bengaluru,26.440176,70.711043,Hazy,Minor,Car,Mechanical Failure,1,Police
A304441,2025-05-29,20:55,Chennai,25.639348,70.054038,Clear,Minor,Car,Weather,0,Police
A304442,2022-10-14,09:00,Surat,10.014518,74.17094,Clear,Fatal,Motorcycle,Weather,0,Police
A304443,2022-01-21,14:18,Bengaluru,22.53575,76.903877,Rain,Minor,Bus,Unknown,0,Citizen
A304444,2024-01-24,02:29,Pune,23.060206,68.596181,Fog,Minor,Car,Weather,0,Police
A304445,2024-12-23,09:26,Surat,13.423293,71.070055,Rain,Minor,Car,Speeding,1,Police
A304446,2024-07-11,12:54,Jaipur,12.631779,69.193245,Snow (rare),Minor,Car,Drunk Driving,1,Police
A304447,2024-12-19,14:29,Delhi,21.184394,72.867737,Fog,Moderate,Motorcycle,Speeding,1,Hospital
A304448,2023-02-08,06:36,Surat,16.869972,68.342889,Clear,Minor,Truck,Weather,0,Police
A304449,2021-11-19,05:53,Surat,8.88203,75.312898,Clear,Minor,Motorcycle,Unknown,0,Police
A304450,2021-11-28,05:19,Surat,11.078405,69.825463,Rain,Minor,Motorcycle,Bad Road,1,Hospital
A304451,2023-07-26,05:51,Bengaluru,13.179352,74.59287,Storm,Moderate,Car,Bad Road,1,Hospital
A304452,2022-12-28,17:04,Hyderabad,28.680929,72.924005,Clear,Minor,Truck,Mechanical Failure,0,Citizen
A304453,2024-03-21,18:55,Hyderabad,22.504823,68.682121,Rain,Moderate,Motorcycle,Mechanical Failure,0,Citizen
A304454,2023-02-14,00:55,Delhi,22.642883,77.366401,Rain,Moderate,Motorcycle,Weather,0,Police
A304455,2022-11-08,14:39,Kolkata,26.970038,76.368083,Clear,Fatal,Bicycle,Bad Road,0,Police
A304456,2021-03-03,13:12,Lucknow,11.889144,72.37296,Clear,Minor,Car,Drunk Driving,0,Police
A304457,2021-12-28,22:14,Lucknow,28.613048,73.305976,Clear,Moderate,Motorcycle,Weather,1,Police
A304458,2024-09-29,03:36,Kolkata,19.984098,73.045049,Clear,Minor,Truck,Distracted,0,Police
A304459,2024-08-15,14:12,Bengaluru,22.321245,71.514969,Storm,Moderate,Bus,Distracted,0,Hospital
A304460,2024-09-06,03:27,Jaipur,12.778259,76.414042,Rain,Minor,Car,Drunk Driving,1,Police
A304461,2022-06-30,13:44,Surat,18.229665,71.367106,Fog,Minor,Pedestrian,Weather,1,Police
A304462,2023-12-25,07:46,Chennai,19.871236,75.451432,Clear,Moderate,Car,Unknown,0,Hospital
A304463,2025-01-16,06:48,Chennai,12.408125,68.918644,Clear,Minor,Bus,Mechanical Failure,0,Police
A304464,2021-01-02,18:12,Mumbai,21.105822,76.185769,Clear,Moderate,Motorcycle,Unknown,1,Insurance
A304465,2021-07-06,14:37,Mumbai,17.602224,71.995474,Clear,Moderate,Motorcycle,Bad Road,0,Citizen
A304466,2024-01-03,12:12,Surat,14.082757,75.991678,Rain,Severe,Car,Distracted,0,Citizen
A304467,2023-09-29,12:00,Pune,11.564362,71.161305,Snow (rare),Moderate,Motorcycle,Drunk Driving,0,Police
A304468,2022-09-29,21:56,Lucknow,25.925873,77.289307,Rain,Minor,Bicycle,Distracted,0,Citizen
A304469,2022-02-19,02:43,Mumbai,27.594126,69.145241,Rain,Moderate,Car,Weather,1,Citizen
A304470,2022-06-18,19:28,Bengaluru,14.497054,77.070093,Clear,Moderate,Truck,Bad Road,0,Police
A304471,2024-01-31,17:03,Chennai,17.916751,73.330508,Clear,Minor,Bicycle,Distracted,1,Police
A304472,2024-04-19,20:14,Kolkata,11.485887,69.102043,Clear,Minor,Motorcycle,Unknown,0,Police
A304473,2022-01-08,03:43,Delhi,18.38102,74.927272,Clear,Minor,Pedestrian,Bad Road,1,Hospital
A304474,2021-08-15,00:20,Surat,24.959353,77.12747,Clear,Moderate,Motorcycle,Distracted,0,Citizen
A304475,2024-05-04,14:48,Lucknow,13.515845,71.998048,Fog,Minor,Car,Drunk Driving,0,Police
A304476,2024-07-06,11:29,Pune,11.634017,71.514824,Hazy,Minor,Car,Bad Road,0,Police
A304477,2022-02-26,15:49,Jaipur,13.447207,69.139309,Rain,Moderate,Car,Bad Road,0,Citizen
A304478,2024-07-28,15:39,Surat,19.384079,74.192026,Clear,Minor,Motorcycle,Bad Road,1,Citizen
A304479,2022-05-21,06:23,Kolkata,15.170063,74.609925,Clear,Minor,Motorcycle,Drunk Driving,1,Citizen
A304480,2024-11-01,09:57,Chennai,13.712818,70.126157,Clear,Minor,Pedestrian,Distracted,1,Citizen
A304481,2023-01-09,00:36,Mumbai,9.920145,72.738014,Clear,Minor,Car,Distracted,1,Police
A304482,2022-09-01,20:36,Surat,18.697907,71.414005,Rain,Minor,Bus,Bad Road,0,Police
A304483,2022-11-03,05:27,Hyderabad,13.375922,73.262989,Rain,Minor,Motorcycle,Unknown,0,Insurance
A304484,2023-10-10,06:40,Hyderabad,21.603518,72.379594,Clear,Minor,Motorcycle,Drunk Driving,0,Police
A304485,2022-03-01,12:05,Mumbai,18.358945,73.418203,Fog,Moderate,Truck,Mechanical Failure,0,Police
A304486,2025-09-08,03:30,Kolkata,23.331898,72.460363,Snow (rare),Fatal,Car,Mechanical Failure,1,Citizen
A304487,2021-10-05,13:15,Surat,21.758295,75.852566,Fog,Minor,Bus,Mechanical Failure,0,Police
A304488,2022-03-22,16:42,Lucknow,26.018855,74.063583,Clear,Moderate,Bus,Bad Road,0,Police
A304489,2025-09-12,08:44,Jaipur,19.209654,71.084494,Hazy,Moderate,Motorcycle,Drunk Driving,1,Police
A304490,2023-08-03,04:25,Hyderabad,23.993719,77.584321,Hazy,Moderate,Motorcycle,Bad Road,2,Police
A304491,2023-09-17,17:16,Bengaluru,21.537279,70.082459,Clear,Moderate,Car,Speeding,1,Police
A304492,2025-05-18,04:00,Mumbai,24.29802,76.487724,Storm,Minor,Bus,Weather,0,Citizen
A304493,2023-01-20,14:47,Lucknow,26.772075,75.677285,Clear,Moderate,Car,Distracted,0,Citizen
A304494,2023-11-25,06:16,Hyderabad,23.164501,68.287029,Clear,Minor,Car,Unknown,3,Police
A304495,2023-02-24,09:58,Delhi,23.394439,69.709668,Fog,Minor,Motorcycle,Weather,1,Police
A304496,2022-08-04,16:07,Hyderabad,26.641623,75.309796,Clear,Fatal,Motorcycle,Weather,0,Citizen
A304497,2021-05-05,15:10,Hyderabad,20.494895,75.829925,Rain,Minor,Car,Unknown,1,Hospital
A304498,2022-03-12,16:54,Jaipur,8.722102,74.467701,Clear,Severe,Motorcycle,Drunk Driving,0,Police
A304499,2024-05-09,15:13,Lucknow,24.689802,68.687402,Clear,Moderate,Car,Mechanical Failure,2,Police
A304500,2022-08-06,03:58,Bengaluru,11.90753,77.275869,Clear,Minor,Bus,Drunk Driving,0,Citizen
A304501,2024-07-29,08:38,Kolkata,19.470099,73.826272,Clear,Minor,Car,Weather,0,Police
A304502,2024-03-13,21:03,Kolkata,24.45025,75.803614,Rain,Moderate,Car,Drunk Driving,1,Police
A304503,2024-11-14,06:47,Delhi,10.627113,68.225065,Rain,Minor,Car,Unknown,1,Police
A304504,2022-08-08,04:44,Hyderabad,10.270276,68.146956,Rain,Moderate,Car,Distracted,0,Police
A304505,2025-06-22,07:41,Jaipur,14.608599,77.51908,Clear,Moderate,Motorcycle,Weather,0,Citizen
A304506,2024-10-07,11:35,Kolkata,25.2711,76.461869,Rain,Moderate,Bus,Speeding,0,Police
A304507,2023-09-28,14:20,Chennai,17.183108,68.145964,Rain,Minor,Bicycle,Unknown,0,Citizen
A304508,2025-03-25,03:58,Delhi,24.361505,70.26654,Clear,Minor,Bicycle,Speeding,1,Insurance
A304509,2024-07-17,11:45,Kolkata,12.918654,74.360954,Clear,Minor,Motorcycle,Bad Road,0,Police
A304510,2023-08-21,18:58,Pune,23.808367,73.067005,Rain,Minor,Car,Speeding,0,Hospital
A304511,2023-09-07,17:30,Bengaluru,15.296946,76.87382,Clear,Moderate,Pedestrian,Unknown,0,Police
A304512,2021-06-13,12:45,Kolkata,17.53052,68.526788,Clear,Minor,Car,Unknown,0,Citizen
A304513,2025-03-15,04:33,Surat,25.773522,70.709855,Clear,Fatal,Car,Unknown,0,Police
A304514,2024-12-04,00:57,Mumbai,28.673638,74.758649,Hazy,Minor,Bus,Mechanical Failure,0,Citizen
A304515,2025-04-24,17:01,Delhi,22.30755,68.134427,Hazy,Minor,Pedestrian,Drunk Driving,1,Citizen
A304516,2025-02-06,07:39,Kolkata,28.38914,75.396851,Clear,Moderate,Motorcycle,Distracted,1,Citizen
A304517,2025-06-10,00:00,Bengaluru,17.426316,74.21533,Rain,Severe,Bus,Bad Road,0,Citizen
A304518,2024-03-11,03:42,Bengaluru,27.000991,70.689097,Rain,Minor,Car,Drunk Driving,0,Police
A304519,2021-08-16,01:41,Pune,16.766401,68.043015,Clear,Minor,Pedestrian,Mechanical Failure,0,Insurance
A304520,2022-10-23,21:34,Kolkata,18.927404,73.985663,Clear,Moderate,Bus,Mechanical Failure,0,Citizen
A304521,2024-06-08,03:18,Chennai,11.404522,70.195194,Rain,Minor,Motorcycle,Speeding,0,Citizen
A304522,2022-05-27,11:25,Hyderabad,19.089129,70.732161,Rain,Moderate,Bicycle,Bad Road,0,Hospital
A304523,2024-06-05,04:13,Chennai,24.449807,72.410228,Clear,Minor,Pedestrian,Bad Road,0,Police
A304524,2021-08-16,12:15,Bengaluru,26.083864,68.454422,Clear,Minor,Car,Mechanical Failure,1,Police
A304525,2022-08-06,21:05,Pune,19.320869,74.600887,Clear,Severe,Bicycle,Unknown,1,Police
A304526,2024-03-19,21:24,Lucknow,8.924713,73.216765,Fog,Fatal,Bus,Bad Road,0,Citizen
A304527,2021-10-21,13:52,Chennai,26.829235,73.165247,Fog,Moderate,Bus,Unknown,0,Citizen
A304528,2021-03-20,18:21,Chennai,28.129138,68.348918,Clear,Moderate,Car,Speeding,0,Police
A304529,2023-11-24,05:56,Delhi,10.67561,72.287373,Clear,Moderate,Car,Drunk Driving,0,Police
A304530,2021-12-01,16:37,Pune,22.786671,68.661491,Clear,Minor,Pedestrian,Weather,0,Police
A304531,2022-01-14,10:56,Kolkata,20.711816,73.342434,Rain,Severe,Car,Drunk Driving,0,Police
A304532,2021-03-27,11:11,Bengaluru,9.112834,68.542213,Clear,Minor,Car,Unknown,2,Police
A304533,2023-12-20,03:48,Hyderabad,26.006073,75.067779,Clear,Severe,Car,Mechanical Failure,0,Police
A304534,2023-06-26,11:13,Pune,22.019387,75.820871,Fog,Minor,Bus,Bad Road,0,Citizen
A304535,2023-05-20,21:38,Jaipur,12.323336,72.334765,Hazy,Moderate,Truck,Weather,0,Police
A304536,2024-01-01,21:31,Lucknow,16.063609,69.158253,Storm,Minor,Motorcycle,Mechanical Failure,0,Insurance
A304537,2022-05-18,10:24,Delhi,11.691271,68.340593,Fog,Minor,Car,Speeding,0,Police
A304538,2025-08-27,09:55,Lucknow,19.097908,71.355935,Hazy,Minor,Car,Unknown,0,Police
A304539,2025-02-21,04:13,Pune,24.17113,73.859987,Fog,Moderate,Car,Mechanical Failure,1,Police
A304540,2022-01-26,17:41,Kolkata,26.288852,73.935647,Rain,Minor,Motorcycle,Distracted,0,Police
A304541,2025-02-16,05:25,Bengaluru,15.883342,75.711229,Rain,Moderate,Motorcycle,Weather,0,Police
A304542,2021-09-21,12:16,Chennai,16.142522,72.710823,Hazy,Minor,Truck,Mechanical Failure,0,Insurance
A304543,2021-06-08,13:44,Surat,12.689083,74.299246,Clear,Minor,Car,Bad Road,0,Police
A304544,2021-09-20,15:08,Bengaluru,17.891814,74.027927,Clear,Minor,Bus,Distracted,1,Police
A304545,2021-10-20,10:13,Lucknow,25.114141,74.687691,Clear,Minor,Bus,Bad Road,0,Citizen
A304546,2025-08-04,12:11,Mumbai,9.845223,73.719641,Clear,Minor,Motorcycle,Mechanical Failure,0,Police
A304547,2021-11-11,10:35,Bengaluru,13.86228,69.675889,Hazy,Moderate,Bus,Unknown,1,Citizen
A304548,2024-04-01,10:05,Bengaluru,21.423501,68.479695,Rain,Minor,Car,Bad Road,0,Citizen
A304549,2023-01-26,20:55,Bengaluru,13.288183,72.925403,Clear,Severe,Car,Unknown,0,Citizen
A304550,2023-12-31,03:45,Lucknow,27.770144,73.396236,Clear,Minor,Car,Unknown,0,Police
A304551,2021-09-20,15:51,Mumbai,18.21391,71.895699,Clear,Minor,Car,Bad Road,0,Police
A304552,2021-06-24,15:36,Surat,20.071965,77.689284,Clear,Minor,Truck,Distracted,1,Police
A304553,2025-02-04,02:23,Kolkata,20.957978,69.990752,Clear,Minor,Car,Speeding,0,Citizen
A304554,2023-11-29,17:17,Chennai,20.490568,70.440709,Clear,Fatal,Truck,Bad Road,1,Police
A304555,2025-08-23,07:29,Mumbai,8.710729,76.124201,Clear,Minor,Car,Speeding,0,Police
A304556,2021-08-15,08:09,Bengaluru,16.25804,72.034928,Rain,Minor,Motorcycle,Speeding,0,Citizen
A304557,2025-07-18,02:25,Pune,10.022305,77.341207,Fog,Minor,Motorcycle,Distracted,0,Police
A304558,2024-05-26,14:56,Chennai,10.837284,70.312765,Clear,Minor,Motorcycle,Speeding,0,Citizen
A304559,2025-08-08,12:47,Bengaluru,22.438878,76.922124,Clear,Minor,Truck,Drunk Driving,0,Police
A304560,2024-05-30,04:28,Bengaluru,19.767722,74.655027,Rain,Minor,Bus,Weather,1,Police
A304561,2021-05-10,16:00,Kolkata,16.259165,71.814648,Clear,Minor,Motorcycle,Mechanical Failure,0,Citizen
A304562,2022-06-26,11:51,Hyderabad,10.862926,73.023707,Clear,Moderate,Motorcycle,Drunk Driving,0,Police
A304563,2022-03-10,03:16,Mumbai,21.701957,75.135662,Rain,Moderate,Motorcycle,Distracted,0,Citizen
A304564,2024-01-04,10:43,Delhi,25.940498,71.47253,Hazy,Moderate,Motorcycle,Drunk Driving,0,Police
A304565,2022-01-15,17:04,Chennai,25.000943,71.611786,Clear,Minor,Motorcycle,Bad Road,0,Police
A304566,2023-04-06,06:19,Surat,19.938714,72.975113,Clear,Minor,Motorcycle,Distracted,0,Hospital
A304567,2022-09-25,04:21,Surat,11.653627,72.240527,Rain,Minor,Truck,Drunk Driving,1,Police
A304568,2023-07-17,22:16,Pune,16.47574,71.250577,Clear,Minor,Motorcycle,Speeding,0,Police
A304569,2022-12-15,06:48,Hyderabad,21.798562,74.601316,Rain,Minor,Bus,Distracted,0,Police
A304570,2021-09-01,15:18,Lucknow,27.646883,76.942464,Rain,Minor,Car,Speeding,0,Police
A304571,2022-05-30,08:24,Jaipur,15.479355,75.6529,Fog,Minor,Motorcycle,Bad Road,0,Police
A304572,2023-06-17,00:07,Surat,13.58543,70.079187,Rain,Severe,Car,Mechanical Failure,0,Hospital
A304573,2021-02-26,09:34,Pune,12.634171,69.730969,Clear,Moderate,Car,Speeding,2,Citizen
A304574,2021-11-12,14:02,Kolkata,17.408637,70.440998,Clear,Moderate,Motorcycle,Weather,1,Police
A304575,2023-11-27,17:41,Mumbai,25.74808,71.782173,Fog,Severe,Bus,Drunk Driving,0,Police
A304576,2022-03-13,22:14,Chennai,23.906849,73.592469,Snow (rare),Minor,Car,Speeding,0,Police
A304577,2024-08-20,05:07,Jaipur,18.781318,73.248068,Clear,Minor,Car,Drunk Driving,0,Police
A304578,2021-07-12,15:44,Surat,27.6249,74.297314,Clear,Minor,Bus,Drunk Driving,0,Citizen
A304579,2021-10-04,09:39,Jaipur,25.351326,72.075141,Clear,Minor,Car,Speeding,0,Police
A304580,2022-04-12,11:20,Mumbai,8.285824,73.994254,Hazy,Minor,Motorcycle,Unknown,0,Police
A304581,2021-12-10,03:50,Mumbai,15.442133,74.349395,Rain,Minor,Bicycle,Unknown,0,Citizen
A304582,2025-03-18,10:24,Chennai,27.542969,73.592934,Rain,Severe,Car,Mechanical Failure,1,Police
A304583,2024-08-27,12:44,Bengaluru,15.767639,77.084939,Clear,Moderate,Car,Unknown,0,Hospital
A304584,2021-05-05,11:21,Jaipur,20.479804,74.606169,Clear,Moderate,Bicycle,Weather,0,Police
A304585,2022-01-06,16:36,Surat,24.052488,69.343697,Clear,Minor,Motorcycle,Unknown,0,Police
A304586,2024-03-19,02:20,,17.303624,71.55956,Rain,Moderate,Pedestrian,Mechanical Failure,1,Police
A304587,2024-06-09,09:25,Surat,19.819938,71.2687,Rain,Minor,Car,Unknown,0,Police
A304588,2025-09-05,20:23,Bengaluru,14.895381,75.972172,Clear,Minor,Car,Bad Road,0,Police
A304589,2024-04-08,03:48,Jaipur,21.658686,68.140678,Clear,Moderate,Motorcycle,Distracted,0,Citizen
A304590,2022-10-24,19:31,Surat,14.186116,72.954985,Clear,Minor,Motorcycle,Speeding,0,Citizen
A304591,2023-01-17,01:32,Pune,28.556021,73.489772,Clear,Minor,Truck,Speeding,0,Police
A304592,2024-10-12,16:48,Lucknow,10.914698,76.294666,Rain,Minor,Car,Bad Road,2,Insurance
A304593,2024-05-15,13:16,Surat,20.325261,68.346421,Clear,Minor,Motorcycle,Distracted,1,Police
A304594,2021-07-29,10:58,Delhi,9.942155,74.059173,Hazy,Minor,Car,Unknown,1,Police
A304595,2023-05-06,15:17,Surat,28.258091,70.314905,Clear,Minor,Bus,Bad Road,0,Police
A304596,2021-09-25,14:50,Hyderabad,17.744792,68.170128,Clear,Fatal,Truck,Distracted,0,Citizen
A304597,2022-07-10,04:44,Pune,13.206838,75.245338,Clear,Minor,Motorcycle,Unknown,1,Police
A304598,2024-11-14,22:51,Jaipur,22.473717,72.651752,Rain,Moderate,Car,Speeding,0,Police
A304599,2021-11-02,15:26,Hyderabad,8.686793,77.091199,Rain,Severe,Car,Weather,0,Citizen
A304600,2021-10-05,19:02,Lucknow,27.118709,77.617766,Rain,Moderate,Motorcycle,Drunk Driving,0,Police
A304601,2021-12-25,01:37,Delhi,26.073226,73.085373,Rain,Minor,Truck,Distracted,0,Hospital
A304602,2025-04-03,19:54,Hyderabad,15.61161,70.1996,Storm,Minor,Bicycle,Bad Road,1,Police
A304603,2024-01-28,00:47,Bengaluru,15.090964,71.212558,Clear,Minor,Motorcycle,Mechanical Failure,0,Police
A304604,2022-02-05,05:54,Jaipur,22.413497,76.166462,Rain,Moderate,Bicycle,Speeding,0,Police
A304605,2023-04-06,16:33,Delhi,24.253809,71.48257,Rain,Severe,Truck,Weather,1,Citizen
A304606,2021-02-11,07:28,Lucknow,14.524079,68.967976,Clear,Minor,Truck,Bad Road,0,Police
A304607,2021-09-13,20:49,Hyderabad,21.389566,76.999365,Clear,Severe,Car,Bad Road,1,Police
A304608,2021-12-24,07:09,Jaipur,28.201266,76.467476,Fog,Moderate,Car,Mechanical Failure,0,Police
A304609,2022-11-03,12:46,Hyderabad,26.539843,75.90338,Clear,Minor,Car,Distracted,0,Police
A304610,2025-04-22,14:07,Surat,24.353089,70.674712,Clear,Severe,Bus,Drunk Driving,0,Police
A304611,2023-03-15,06:23,Bengaluru,24.348418,76.731796,Clear,Moderate,Bicycle,Weather,0,Police
A304612,2021-01-08,19:29,Hyderabad,19.943714,69.445616,Clear,Minor,Car,Drunk Driving,0,Police
A304613,2021-03-29,22:12,Mumbai,20.517637,71.472002,Rain,Moderate,Motorcycle,Mechanical Failure,0,Police
A304614,2024-07-08,02:45,Chennai,19.070904,68.397519,Rain,Moderate,Car,Speeding,1,Citizen
A304615,2021-07-03,06:39,Bengaluru,19.522923,74.460073,Clear,Severe,Motorcycle,Mechanical Failure,2,Police
A304616,2024-12-19,21:50,Pune,20.54097,75.717021,Clear,Minor,Motorcycle,Weather,0,Police
A304617,2025-05-03,06:04,Mumbai,26.91878,74.949077,Rain,Minor,Motorcycle,Bad Road,1,Citizen
A304618,2022-08-08,07:19,Chennai,20.885332,73.205169,Rain,Minor,Motorcycle,Unknown,0,Police
A304619,2023-05-20,17:46,Surat,26.508255,68.191437,Clear,Minor,Bus,Weather,0,Police
A304620,2025-09-12,08:24,Surat,25.546977,77.282599,Storm,Minor,Motorcycle,Distracted,0,Police
A304621,2023-07-18,08:42,Delhi,10.474935,68.588188,Clear,Minor,Car,Weather,0,Police
A304622,2023-01-14,08:28,Hyderabad,10.462623,68.939732,Clear,Minor,Motorcycle,Mechanical Failure,1,Police
A304623,2021-05-28,15:15,Bengaluru,21.901755,76.868175,Rain,Severe,Bus,Drunk Driving,0,Citizen
A304624,2024-01-27,18:41,Mumbai,25.161604,71.478218,Storm,Minor,Truck,Unknown,0,Police
A304625,2025-07-31,06:49,Chennai,22.174998,74.280819,Clear,Moderate,Car,Distracted,0,Citizen
A304626,2024-10-20,03:25,Bengaluru,28.601127,72.705794,Clear,Minor,Bus,Mechanical Failure,0,Police
A304627,2021-09-28,19:41,Chennai,26.897601,74.00526,Hazy,Moderate,Bus,Drunk Driving,0,Police
A304628,2024-01-31,14:48,Delhi,26.703607,73.277079,Rain,Severe,Motorcycle,Bad Road,1,Police
A304629,2022-12-20,00:42,Hyderabad,22.048877,74.194408,Rain,Minor,Motorcycle,Distracted,1,Police
A304630,2021-07-16,17:20,Chennai,18.583522,74.214868,Clear,Minor,Bus,Mechanical Failure,0,Police
A304631,2024-03-31,11:11,Bengaluru,12.006776,76.490388,Clear,Minor,Car,Speeding,0,Police
A304632,2022-09-27,01:12,Mumbai,26.665748,69.947741,Rain,Minor,Truck,Weather,0,Police
A304633,2024-06-17,11:51,Lucknow,17.767243,70.450928,Clear,Minor,Bicycle,Unknown,0,Police
A304634,2021-11-29,21:49,Mumbai,9.447543,68.109084,Fog,Minor,Bus,Speeding,1,Police
A304635,2023-04-07,18:19,Mumbai,11.441012,74.961763,Clear,Minor,Motorcycle,Distracted,1,Insurance
A304636,2024-01-06,02:35,Lucknow,18.560243,70.260693,Clear,Minor,Bus,Unknown,0,Police
A304637,2021-03-11,06:03,Hyderabad,23.157016,70.393536,Fog,Minor,Bus,Distracted,0,Police
A304638,2023-08-14,14:24,Jaipur,20.571507,68.443966,Clear,Minor,Truck,Distracted,0,Insurance
A304639,2023-08-19,14:05,Kolkata,27.469998,74.395939,Clear,Severe,Motorcycle,Weather,1,Police
A304640,2024-02-05,02:56,Surat,16.353862,73.768973,Rain,Minor,Bus,Mechanical Failure,0,Insurance
A304641,2025-01-13,11:12,Surat,13.940846,72.346605,Clear,Moderate,Bicycle,Bad Road,0,Citizen
A304642,2025-07-12,18:53,Mumbai,9.807686,73.331169,Fog,Minor,Motorcycle,Drunk Driving,0,Citizen
A304643,2021-03-16,07:48,Surat,8.342181,70.159079,Clear,Minor,Motorcycle,Drunk Driving,1,Insurance
A304644,2023-11-03,19:26,Delhi,25.819965,71.201994,Clear,Minor,Car,Distracted,0,Citizen
A304645,2021-08-22,02:51,Bengaluru,19.149028,72.141386,Hazy,Severe,Car,Mechanical Failure,0,Police
A304646,2024-10-07,03:41,Chennai,23.821535,70.201777,Clear,Minor,Motorcycle,Distracted,0,Citizen
A304647,2024-06-18,18:52,Pune,9.355979,70.091884,Rain,Severe,Car,Mechanical Failure,0,Citizen
A304648,2022-07-21,19:38,Delhi,12.982212,75.548552,Clear,Minor,Motorcycle,Drunk Driving,0,Police
A304649,2024-07-13,04:50,Bengaluru,16.193041,69.33845,Hazy,Minor,Motorcycle,Drunk Driving,0,Hospital
A304650,2025-07-07,04:13,Kolkata,14.407287,71.053715,Clear,Minor,Bus,Speeding,1,Police
A304651,2022-07-26,13:14,Hyderabad,8.093922,68.688508,Clear,Minor,Bus,Unknown,0,Citizen
A304652,2021-08-30,20:34,Jaipur,13.952724,68.308385,Fog,Minor,Truck,Speeding,0,Police
A304653,2022-07-15,14:38,Hyderabad,9.731655,70.292503,Rain,Moderate,Motorcycle,Mechanical Failure,1,Police
A304654,2025-09-03,00:58,Delhi,19.01132,68.530526,Clear,Minor,Car,Unknown,0,Police
A304655,2022-02-17,21:26,Jaipur,21.584244,70.047069,Clear,None,Car,Weather,0,Police
A304656,2021-10-18,12:52,Chennai,22.520383,72.518202,Clear,Severe,Truck,Weather,1,Citizen
A304657,2023-12-03,08:56,Bengaluru,27.22914,71.28561,Fog,Minor,Car,Drunk Driving,0,Police
A304658,2023-04-26,09:23,Mumbai,28.108224,70.728744,Hazy,Minor,Pedestrian,Drunk Driving,1,Police
A304659,2022-07-13,04:22,Chennai,23.404245,72.078091,Clear,Minor,Car,Speeding,0,Police
A304660,2025-09-04,04:22,Pune,13.741055,73.406057,Clear,Minor,Bicycle,Speeding,0,Police
A304661,2025-04-28,04:21,Lucknow,25.285099,70.209162,Rain,Minor,Motorcycle,Distracted,1,Hospital
A304662,2025-06-29,18:39,Delhi,16.315411,72.279013,Storm,Minor,Motorcycle,Bad Road,0,Citizen
A304663,2021-03-23,20:46,Lucknow,19.807355,72.411788,Rain,Minor,Motorcycle,Distracted,0,Police
A304664,2021-08-31,13:04,Hyderabad,21.158121,68.563381,Snow (rare),Minor,Car,Bad Road,0,Citizen
A304665,2024-03-21,18:13,Pune,14.259528,70.597821,Snow (rare),Minor,Car,Speeding,0,Police
A304666,2021-08-19,22:22,Surat,8.108237,72.845624,Clear,Minor,Car,Drunk Driving,0,Police
A304667,2025-03-15,14:20,Chennai,12.079035,74.508964,Rain,Minor,Bus,Weather,1,Citizen
A304668,2021-01-12,10:42,Kolkata,14.412672,76.644393,Clear,Moderate,Car,Speeding,0,Police
A304669,2022-05-28,20:50,Mumbai,22.956823,72.962023,Rain,Minor,Truck,Distracted,0,Police
A304670,2023-08-28,08:45,Hyderabad,28.541573,71.614235,Clear,Moderate,Motorcycle,Unknown,0,Police
A304671,2023-06-14,19:23,Jaipur,8.579367,74.417776,Clear,Minor,Car,Mechanical Failure,0,Hospital
A304672,2023-09-05,04:10,Chennai,10.308104,71.351692,Rain,Minor,Car,Unknown,0,Police
A304673,2024-06-12,19:19,Lucknow,22.020386,70.122206,Hazy,Minor,Bus,Unknown,0,Police
A304674,2022-05-14,20:12,Delhi,26.227528,77.379744,Clear,Minor,Motorcycle,Weather,0,Police
A304675,2025-01-30,16:38,Delhi,16.276524,75.1048,Rain,Minor,Car,Mechanical Failure,1,Insurance
A304676,2025-05-04,16:54,Lucknow,17.350498,70.584207,Clear,Moderate,Bus,Distracted,1,Police
A304677,2025-05-23,06:45,Surat,27.572555,70.698485,Clear,Moderate,Motorcycle,Distracted,0,Hospital
A304678,2024-04-28,16:40,Pune,14.555401,68.926381,Rain,Minor,Bus,Distracted,1,Police
A304679,2023-11-20,09:48,Hyderabad,14.377056,69.087067,Rain,Moderate,Car,Unknown,0,Police
A304680,2023-11-19,21:18,Chennai,11.74709,69.770274,Clear,Minor,Bus,Distracted,0,Citizen
A304681,2022-12-03,18:14,Chennai,18.14921,76.775406,Clear,Minor,Car,Mechanical Failure,0,Citizen
A304682,2023-12-21,16:36,Mumbai,17.084291,68.849757,Fog,Minor,Car,Drunk Driving,0,Police
A304683,2023-07-04,18:37,Mumbai,12.060229,74.683264,Clear,Minor,Motorcycle,Distracted,0,Citizen
A304684,2021-06-09,20:50,Mumbai,12.579736,69.52915,Storm,Minor,Motorcycle,Weather,2,Police
A304685,2021-06-11,05:28,Jaipur,8.883961,69.694022,Clear,Minor,Bus,Speeding,0,Police
A304686,2024-06-18,20:30,Jaipur,15.587997,75.353034,Clear,Moderate,Motorcycle,Unknown,0,Police
A304687,2023-04-28,06:21,Lucknow,16.045206,72.469551,Clear,Minor,Bus,Unknown,0,Hospital
A304688,2021-03-10,10:28,Bengaluru,13.783713,74.654317,Clear,Minor,Bus,Speeding,0,Police
A304689,2021-11-10,04:16,Chennai,26.998454,73.93296,Clear,Minor,Motorcycle,Mechanical Failure,3,Police
A304690,2023-11-03,18:56,Pune,8.271066,73.453629,Rain,Severe,Motorcycle,Mechanical Failure,0,Police
A304691,2021-05-15,15:51,Chennai,21.685014,70.61867,Clear,Minor,Motorcycle,Speeding,0,Citizen
A304692,2024-10-12,19:21,Chennai,9.455437,69.189,Fog,Minor,Motorcycle,Speeding,1,Citizen
A304693,2023-12-15,05:52,Surat,19.026072,70.373285,Clear,Minor,Car,Distracted,0,Citizen
A304694,2024-08-14,12:40,Mumbai,10.690155,75.434021,Clear,Fatal,Motorcycle,Weather,0,Hospital
A304695,2022-04-07,21:04,Lucknow,18.150487,68.627943,Clear,Moderate,Motorcycle,Unknown,0,Citizen
A304696,2022-05-14,16:28,Bengaluru,15.209641,76.955682,Storm,Moderate,Motorcycle,Weather,0,Hospital
A304697,2024-02-11,04:18,Mumbai,16.002091,75.868904,Rain,Minor,Motorcycle,Bad Road,0,Hospital
A304698,2021-02-21,18:02,Pune,25.671424,69.985995,Rain,Minor,Motorcycle,Mechanical Failure,1,Citizen
A304699,2022-08-05,01:20,Jaipur,21.872231,73.097034,Storm,Minor,Bus,Weather,0,Police
A304700,2025-09-15,11:04,Chennai,18.187653,75.989776,Hazy,Moderate,Bicycle,Unknown,0,Police
A304701,2021-09-13,13:31,Jaipur,26.382923,70.154279,Storm,Minor,Bicycle,Speeding,0,Police
A304702,2025-02-02,01:34,Chennai,23.275557,71.133253,Rain,Severe,Pedestrian,Speeding,0,Police
A304703,2022-04-28,22:18,Lucknow,12.928535,75.809775,Clear,Minor,Car,Weather,1,Hospital
A304704,2024-04-21,22:37,Surat,17.583893,76.997879,Clear,Minor,Car,Mechanical Failure,0,Police
A304705,2023-08-03,20:15,Surat,16.889007,77.686561,Clear,Minor,Bus,Unknown,0,Citizen
A304706,2024-06-10,16:42,Chennai,19.331139,73.642945,Fog,Fatal,Motorcycle,Bad Road,0,Police
A304707,2025-09-17,18:42,Bengaluru,14.320836,71.004094,Hazy,Minor,Truck,Weather,0,Hospital
A304708,2025-06-14,03:05,Surat,9.952942,71.560466,Clear,Minor,Car,Drunk Driving,0,Police
A304709,2021-04-16,21:48,Delhi,26.199225,71.300578,Rain,Moderate,Motorcycle,Bad Road,0,Police
A304710,2022-10-22,14:07,Chennai,22.534233,70.253127,Rain,Moderate,Motorcycle,Bad Road,1,Citizen
A304711,2024-11-14,22:12,Delhi,13.408692,73.774806,Clear,Minor,Car,Mechanical Failure,0,Police
A304712,2022-04-28,01:38,Bengaluru,9.119424,76.889216,Rain,Minor,Bus,Speeding,0,Hospital
A304713,2024-08-04,11:26,Hyderabad,10.333978,73.624618,Rain,Severe,Motorcycle,Speeding,0,Police
A304714,2021-10-14,19:16,Chennai,17.625148,71.500638,Clear,Moderate,Motorcycle,Bad Road,0,Hospital
A304715,2023-02-23,03:39,Hyderabad,21.328606,70.724883,Fog,Moderate,Bus,Weather,0,Police
A304716,2024-12-22,11:09,Delhi,27.433673,77.510366,Clear,Minor,Motorcycle,Unknown,0,Police
A304717,2024-04-18,14:06,Lucknow,28.011867,73.785715,Hazy,Minor,Motorcycle,Distracted,0,Hospital
A304718,2022-12-07,02:53,Kolkata,19.810833,69.8512,Rain,Minor,Car,Weather,1,Citizen
A304719,2025-02-18,05:05,Pune,16.932939,71.984735,Fog,Minor,Car,Bad Road,0,Insurance
A304720,2023-09-29,15:49,Surat,11.4324,74.589807,Clear,Moderate,Motorcycle,Bad Road,0,Police
A304721,2021-02-27,21:57,Kolkata,21.047603,74.92642,Hazy,Fatal,Car,Mechanical Failure,0,Citizen
A304722,2023-02-04,22:58,Chennai,22.64743,77.301037,Clear,Minor,Car,Weather,1,Citizen
A304723,2025-05-21,14:01,Kolkata,17.634419,75.16084,Clear,Minor,Motorcycle,Speeding,0,Police
A304724,2022-01-16,06:43,Chennai,21.021964,68.550308,Clear,Minor,Bus,Speeding,0,Police
A304725,2022-06-24,22:32,Hyderabad,20.214458,73.694966,Rain,Moderate,Car,Weather,0,Citizen
A304726,2024-05-18,21:16,Surat,24.233123,74.498957,Hazy,Minor,Car,Mechanical Failure,0,Police
A304727,2022-09-02,20:14,Hyderabad,9.163955,71.269025,Clear,Minor,Car,Drunk Driving,0,Citizen
A304728,2023-03-20,15:28,Surat,27.400506,75.590057,Clear,Severe,Motorcycle,Unknown,1,Police
A304729,2023-03-16,21:38,Bengaluru,16.275398,75.404405,Storm,Minor,Motorcycle,Distracted,0,Police
A304730,2023-06-25,15:39,Hyderabad,18.415979,71.938576,Clear,Minor,Truck,Unknown,0,Citizen
A304731,2023-03-06,04:25,Delhi,11.141143,75.311152,Clear,Moderate,Motorcycle,Bad Road,0,Police
A304732,2022-11-19,09:50,Jaipur,21.694393,73.155643,Rain,Minor,Car,Weather,0,Police
A304733,2023-05-13,02:06,Hyderabad,11.539236,73.684006,Fog,Moderate,Bus,Mechanical Failure,1,Citizen
A304734,2023-12-29,14:07,Mumbai,28.679405,74.100676,Clear,Moderate,Motorcycle,Drunk Driving,0,Police
A304735,2025-08-06,02:23,Hyderabad,21.821138,76.887763,Clear,Minor,Motorcycle,Unknown,1,Police
A304736,2021-09-03,03:17,Delhi,27.349863,76.566445,Rain,Severe,Truck,Speeding,0,Citizen
A304737,2022-03-07,03:00,Mumbai,21.679547,70.351272,Hazy,Minor,Motorcycle,Drunk Driving,0,Police
A304738,2021-01-21,01:07,Jaipur,15.815633,70.508563,Clear,Minor,Motorcycle,Mechanical Failure,0,Police
A304739,2021-11-11,03:40,Lucknow,12.822816,69.17135,Rain,Minor,Bicycle,Unknown,0,Police
A304740,2021-02-19,21:25,Bengaluru,21.086694,77.50957,Clear,Fatal,Motorcycle,Drunk Driving,0,Citizen
A304741,2021-04-13,03:39,Chennai,26.120715,70.546278,Fog,Fatal,Car,Distracted,0,Citizen
A304742,2024-07-05,08:35,Jaipur,14.981125,71.84541,Storm,Minor,Bus,Speeding,0,Police
A304743,2022-04-02,11:28,Kolkata,25.050393,71.512951,Rain,Minor,Bus,Bad Road,0,Hospital
A304744,2023-09-06,00:10,Kolkata,24.1428,71.325402,Clear,Fatal,Car,Drunk Driving,1,Police
A304745,2022-07-15,08:41,Hyderabad,25.014638,73.980548,Fog,Minor,Car,Weather,0,Citizen
A304746,2023-03-04,13:29,Hyderabad,13.815245,70.010377,Rain,Minor,Car,Mechanical Failure,0,Police
A304747,2024-10-13,07:07,Bengaluru,15.087984,72.601638,Clear,Minor,Motorcycle,Unknown,0,Police
A304748,2023-01-04,14:16,Bengaluru,11.15905,70.101481,Clear,Moderate,Car,Weather,0,Citizen
A304749,2021-02-08,06:36,Jaipur,15.572629,71.270783,Rain,Minor,Car,Weather,1,Citizen
A304750,2022-07-26,21:51,Hyderabad,26.053428,75.590123,Hazy,Minor,Truck,Speeding,0,Police
A304751,2021-06-28,05:51,Lucknow,8.36707,68.033013,Clear,Minor,Car,Mechanical Failure,0,Police
A304752,2023-01-31,10:31,Surat,23.070656,74.940435,Clear,Moderate,Motorcycle,Unknown,0,Police
A304753,2021-05-17,05:49,Pune,19.743017,68.785934,Rain,Moderate,Bus,Distracted,1,Citizen
A304754,2021-07-19,05:30,Pune,19.035388,70.201504,Clear,Moderate,Motorcycle,Distracted,1,Police
A304755,2024-01-05,06:18,Kolkata,23.6725,76.730781,Clear,Minor,Motorcycle,Weather,0,Police
A304756,2025-02-14,21:13,Hyderabad,24.900065,74.23005,Clear,Minor,Car,Weather,0,Police
A304757,2024-02-14,12:32,Chennai,27.55545,76.244356,Rain,Minor,Motorcycle,Mechanical Failure,0,Police
A304758,2021-12-04,05:08,Jaipur,25.829273,70.924759,Clear,Minor,Motorcycle,Speeding,0,Police
A304759,2021-10-20,17:42,Delhi,9.046688,77.039206,Clear,Fatal,Motorcycle,Distracted,1,Police
A304760,2021-04-23,21:24,Bengaluru,8.529542,73.745822,Clear,Minor,Motorcycle,Drunk Driving,0,Police
A304761,2025-04-07,10:18,Chennai,27.716376,76.614632,Fog,Minor,Bicycle,Distracted,0,Police
A304762,2021-07-17,14:40,Surat,16.727434,77.124325,Hazy,Minor,Bus,Bad Road,0,Police
A304763,2022-07-03,00:23,Lucknow,26.17017,73.042745,Clear,Moderate,Motorcycle,Distracted,0,Police
A304764,2023-08-20,15:54,Lucknow,23.097685,75.402417,Rain,Minor,Truck,Drunk Driving,0,Insurance
A304765,2022-02-25,01:22,Jaipur,26.174744,73.872886,Rain,Minor,Bus,Unknown,1,Police
A304766,2025-03-12,08:18,Mumbai,18.975548,68.744662,Hazy,Severe,Car,Bad Road,0,Police
A304767,2025-04-06,15:31,Pune,16.70487,77.210663,Fog,Moderate,Bus,Unknown,0,Insurance
A304768,2024-02-25,10:50,Surat,23.822236,72.488375,Fog,Minor,Car,Unknown,1,Citizen
A304769,2025-09-22,07:39,Surat,21.196456,75.277739,Clear,Moderate,Motorcycle,Unknown,0,Police
A304770,2023-04-26,21:13,Lucknow,18.313667,69.488048,Fog,Minor,Truck,Mechanical Failure,0,Police
A304771,2025-03-25,17:12,Bengaluru,25.108205,75.000858,Clear,Moderate,Motorcycle,Mechanical Failure,0,Police
A304772,2023-07-03,19:02,Hyderabad,19.02381,73.78899,Clear,Minor,Car,Mechanical Failure,0,Police
A304773,2023-11-23,19:49,Delhi,12.515109,71.582244,Rain,Moderate,Bus,Distracted,1,Police
A304774,2022-07-13,04:31,Lucknow,11.300148,73.829582,Rain,Minor,Bus,Drunk Driving,1,Police
A304775,2022-12-16,01:18,Delhi,27.381779,76.245002,Clear,Moderate,Motorcycle,Unknown,0,Citizen
A304776,2025-06-17,12:43,Lucknow,19.889095,73.310063,Clear,Minor,Truck,Bad Road,0,Police
A304777,2022-05-10,06:51,Hyderabad,27.247962,70.194208,Hazy,Minor,Pedestrian,Speeding,0,Hospital
A304778,2023-09-16,19:51,Kolkata,11.795674,77.262932,Clear,Minor,Car,Distracted,1,Police
A304779,2023-01-28,11:41,Delhi,15.795412,69.237676,Snow (rare),Minor,Car,Weather,0,Police
A304780,2022-08-11,12:21,Lucknow,17.518415,71.698197,Fog,Minor,Car,Speeding,0,Police
A304781,2022-08-03,22:42,Bengaluru,25.134691,71.545985,Clear,Fatal,Bus,Drunk Driving,1,Citizen
A304782,2024-11-27,20:52,Hyderabad,12.814888,77.667781,Clear,Minor,Truck,Mechanical Failure,0,Hospital
A304783,2023-12-11,12:45,Pune,15.73642,68.966158,Rain,Moderate,Truck,Drunk Driving,0,Police
A304784,2024-10-14,17:52,Jaipur,16.374416,76.191437,Rain,Minor,Truck,Drunk Driving,0,Police
A304785,2025-06-19,12:03,Hyderabad,9.066849,68.109539,Clear,Moderate,Motorcycle,Distracted,0,Police
A304786,2024-05-31,12:33,Mumbai,15.892823,72.025703,Fog,Minor,Motorcycle,Weather,0,Hospital
A304787,2023-12-10,12:16,Jaipur,18.575843,75.676545,Snow (rare),Minor,Pedestrian,Distracted,0,Police
A304788,2024-06-21,13:11,Mumbai,12.843689,69.569037,Clear,Minor,Motorcycle,Drunk Driving,0,Citizen
A304789,2021-04-28,06:10,,15.444226,70.822729,Clear,Minor,Motorcycle,Weather,1,Citizen
A304790,2023-10-25,10:42,Delhi,20.30611,70.571267,Hazy,Minor,Motorcycle,Weather,0,Police
A304791,2025-05-21,01:58,Delhi,14.846513,76.27657,Clear,Fatal,Car,Speeding,0,Police
A304792,2023-09-23,09:21,Hyderabad,16.284225,73.860562,Hazy,Minor,Bicycle,Drunk Driving,0,Police
A304793,2024-03-26,16:15,Jaipur,9.315443,75.21738,Clear,Minor,Motorcycle,Distracted,2,Police
A304794,2023-10-02,04:37,Bengaluru,22.301935,70.177294,Clear,Minor,Motorcycle,Unknown,1,Hospital
A304795,2025-06-23,19:49,Surat,12.974833,72.544749,Clear,Moderate,Motorcycle,Weather,3,Citizen
A304796,2022-09-24,12:36,Lucknow,23.90487,74.338314,Clear,Minor,Bicycle,Mechanical Failure,0,Police
A304797,2021-12-04,02:38,Surat,9.414973,75.024198,Clear,Severe,Motorcycle,Distracted,0,Police
A304798,2022-07-29,12:35,Jaipur,14.631139,69.241678,Clear,Minor,Car,Unknown,0,Police
A304799,2024-05-31,12:57,Lucknow,26.03335,77.292087,Rain,Minor,Motorcycle,Distracted,0,Police
A304800,2022-05-04,18:33,Jaipur,10.947567,74.786022,Clear,Moderate,Motorcycle,Distracted,0,Citizen
A304801,2022-08-23,07:23,Surat,27.030857,69.986942,Fog,Severe,Car,Drunk Driving,1,Police
A304802,2022-04-13,07:47,Pune,25.160101,69.267215,Storm,Moderate,Car,Drunk Driving,0,Police
A304803,2023-12-24,22:44,Jaipur,12.856546,71.355488,Clear,Minor,Truck,Weather,0,Police
A304804,2024-08-03,19:27,Pune,11.24037,69.444185,Rain,Minor,Car,Weather,0,Citizen
A304805,2024-02-13,17:37,Surat,20.68719,73.482642,Clear,Minor,Bus,Mechanical Failure,0,Police
A304806,2022-03-28,04:34,Mumbai,10.845025,75.55252,Clear,Severe,Bus,Distracted,0,Police
A304807,2024-08-28,05:11,Jaipur,12.379299,73.582808,Rain,Minor,Motorcycle,Weather,0,Citizen
A304808,2022-04-28,21:31,Delhi,11.004866,77.550181,Clear,Severe,Motorcycle,Mechanical Failure,1,Police
A304809,2023-03-31,09:21,Jaipur,8.731793,75.14194,Clear,Severe,Motorcycle,Unknown,0,Police
A304810,2022-11-22,13:24,Pune,16.072071,76.710935,Fog,Minor,Motorcycle,Weather,0,Police
A304811,2023-09-08,13:53,Jaipur,25.863301,71.713869,Fog,Minor,Car,Drunk Driving,1,Police
A304812,2021-04-16,22:17,Pune,24.686033,72.813085,Rain,Severe,Bus,Bad Road,0,Police
A304813,2022-03-31,02:25,Pune,10.085535,70.54062,Rain,Minor,Motorcycle,Drunk Driving,0,Citizen
A304814,2023-07-07,18:43,Bengaluru,17.193801,72.422074,Clear,Minor,Bus,Drunk Driving,0,Citizen
A304815,2022-12-10,19:18,Mumbai,24.498556,72.67703,Fog,Minor,Car,Drunk Driving,0,Citizen
A304816,2023-07-25,14:30,Mumbai,18.612846,73.819424,Rain,Moderate,Car,Distracted,0,Police
A304817,2024-12-21,15:36,Delhi,13.166336,75.123982,Clear,Minor,Pedestrian,Bad Road,2,Hospital
A304818,2021-08-22,04:17,Lucknow,23.374669,75.011644,Clear,Minor,Truck,Speeding,1,Police
A304819,2024-12-26,18:12,Surat,21.793098,71.420103,Clear,Minor,Car,Speeding,0,Police
A304820,2021-07-16,02:07,Surat,12.105041,72.634743,Hazy,Severe,Car,Distracted,0,Police
A304821,2021-07-06,04:25,Chennai,22.873517,75.082538,Clear,Minor,Truck,Drunk Driving,0,Citizen
A304822,2022-03-27,21:47,Hyderabad,9.697574,71.086133,Clear,Minor,Motorcycle,Drunk Driving,1,Police
A304823,2024-06-26,10:51,Surat,17.196432,72.733471,Clear,Minor,Bus,Distracted,0,Citizen
A304824,2024-07-18,03:16,Bengaluru,18.292875,70.060423,Clear,Minor,Motorcycle,Bad Road,0,Citizen
A304825,2024-10-26,08:39,Hyderabad,20.053533,73.719731,Clear,Moderate,Car,Unknown,0,Police
A304826,2023-09-30,01:08,Delhi,23.013833,68.741856,Rain,Moderate,Bus,Distracted,1,Police
A304827,2024-10-27,19:26,Hyderabad,9.627233,75.8762,Fog,Severe,Motorcycle,Distracted,0,Police
A304828,2021-04-07,19:41,Jaipur,8.649673,75.605322,Clear,Severe,Car,Drunk Driving,1,Police
A304829,2023-06-01,15:47,Kolkata,20.59107,70.361627,Rain,Minor,Motorcycle,Mechanical Failure,0,Police
A304830,2021-11-27,11:12,Pune,10.277438,73.303774,Clear,Minor,Motorcycle,Weather,0,Citizen
A304831,2024-11-25,21:45,Mumbai,19.828685,72.274923,Fog,Minor,Truck,Distracted,1,Police
A304832,2022-11-14,01:43,Delhi,18.623443,70.069623,Clear,Minor,Car,Speeding,0,Citizen
A304833,2023-12-16,20:01,Mumbai,13.093869,71.924753,Rain,Moderate,Car,Weather,1,Police
A304834,2021-10-05,01:41,Lucknow,27.652134,68.888142,Clear,Minor,Car,Drunk Driving,0,Police
A304835,2021-02-04,15:33,Pune,12.862723,72.805725,Clear,Minor,Car,Unknown,0,Police
A304836,2021-10-12,06:35,Bengaluru,26.054086,68.330433,Clear,Minor,Car,Unknown,0,Police
A304837,2023-10-29,04:07,Chennai,22.437583,73.477027,Clear,Moderate,Car,Weather,0,Hospital
A304838,2021-06-13,17:29,Bengaluru,22.904552,71.884725,Clear,Fatal,Car,Weather,0,Police
A304839,2025-02-11,12:14,Mumbai,12.286259,71.160244,Clear,Moderate,Car,Speeding,0,Citizen
A304840,2025-02-17,16:55,Surat,17.45335,77.280161,Clear,Severe,Motorcycle,Speeding,0,Hospital
A304841,2022-02-05,11:17,Pune,17.407846,73.162127,Clear,Severe,Truck,Weather,1,Citizen
A304842,2024-10-14,08:48,Jaipur,15.706051,72.787109,Clear,Moderate,Truck,Unknown,0,Hospital
A304843,2021-09-30,00:30,Jaipur,27.844602,74.594004,Clear,Moderate,Bus,Mechanical Failure,0,Citizen
A304844,2023-04-15,09:13,Surat,25.790896,73.915192,Clear,Minor,Pedestrian,Distracted,0,Police
A304845,2022-11-23,11:56,Surat,26.078268,72.225594,Rain,Moderate,Truck,Mechanical Failure,0,Police
A304846,2023-12-18,13:33,Bengaluru,23.627367,72.554202,Hazy,Moderate,Motorcycle,Mechanical Failure,0,Police
A304847,2024-11-07,19:47,Chennai,15.452046,73.613335,Clear,Moderate,Pedestrian,Weather,2,Citizen
A304848,2023-05-28,14:22,Chennai,27.83343,71.894726,Clear,Moderate,Car,Distracted,0,Insurance
A304849,2025-03-31,08:52,Delhi,16.666416,74.488065,Hazy,Minor,Motorcycle,Weather,0,Hospital
A304850,2022-05-11,01:50,Jaipur,25.483577,75.755068,Clear,Moderate,Truck,Unknown,0,Police
A304851,2024-12-28,20:21,Hyderabad,26.402832,73.008693,Rain,Moderate,Motorcycle,Drunk Driving,0,Police
A304852,2022-06-19,03:47,Delhi,16.377105,72.528291,Rain,Fatal,Car,Distracted,0,Police
A304853,2024-07-31,13:01,Lucknow,11.009012,74.256066,Rain,Minor,Bus,Drunk Driving,0,Hospital
A304854,2021-07-01,07:35,Bengaluru,11.128579,74.597035,Clear,Minor,Pedestrian,Speeding,0,Police
A304855,2021-01-24,09:28,Delhi,22.543304,69.244347,Storm,Minor,Car,Speeding,0,Police
A304856,2024-05-14,07:45,Mumbai,26.494633,73.569966,Clear,Moderate,Car,Unknown,1,Hospital
A304857,2023-07-24,22:52,,11.405817,71.887733,Clear,Minor,Motorcycle,Speeding,0,Police
A304858,2023-04-07,05:51,Delhi,19.018425,70.829094,Clear,Moderate,Motorcycle,Drunk Driving,1,Police
A304859,2024-10-31,02:09,Kolkata,24.323134,73.017818,Fog,Minor,Bus,Speeding,0,Citizen
A304860,2022-07-30,10:32,Chennai,15.495844,74.66893,Clear,Minor,Car,Distracted,0,Police
A304861,2023-12-13,10:03,Pune,24.157549,76.758957,Hazy,Minor,Motorcycle,Distracted,1,Hospital
A304862,2023-07-03,10:27,Delhi,22.66976,74.136896,Rain,Minor,Motorcycle,Weather,0,Police
A304863,2023-09-06,15:58,Hyderabad,20.755156,74.844769,Clear,Minor,Car,Weather,0,Police
A304864,2022-09-27,19:50,Delhi,15.242591,73.138001,Rain,Minor,Car,Mechanical Failure,0,Citizen
A304865,2021-11-30,07:39,Pune,22.923643,77.295849,Rain,Moderate,Car,Speeding,0,Hospital
A304866,2022-10-28,09:37,Surat,24.526554,70.225303,Fog,Minor,Truck,Unknown,0,Police
A304867,2025-06-26,14:27,Hyderabad,24.820215,69.524002,Rain,Moderate,Bus,Speeding,1,Hospital
A304868,2022-07-04,00:01,Pune,11.159311,75.141994,Clear,Minor,Car,Weather,0,Police
A304869,2023-11-11,05:11,Chennai,17.31786,72.367907,Clear,Moderate,Truck,Bad Road,0,Police
A304870,2024-05-10,02:17,Pune,8.408949,74.978992,Storm,Moderate,Truck,Speeding,0,Police
A304871,2022-08-10,04:24,Delhi,14.531215,68.935778,Rain,Severe,Bus,Distracted,1,Police
A304872,2025-09-13,18:53,Jaipur,10.392118,75.957418,Clear,Minor,Motorcycle,Speeding,0,Citizen
A304873,2023-07-25,01:10,Surat,15.928295,69.188868,Rain,Fatal,Motorcycle,Unknown,0,Police
A304874,2025-03-01,18:25,Kolkata,17.860301,77.013893,Fog,Minor,Motorcycle,Unknown,0,Police
A304875,2021-08-07,14:24,Hyderabad,21.788934,75.262946,Clear,Minor,Bus,Drunk Driving,1,Insurance
A304876,2022-07-17,11:37,Surat,14.9831,75.559991,Clear,Minor,Motorcycle,Speeding,1,Police
A304877,2024-11-20,09:35,Lucknow,22.123221,76.91788,Clear,Severe,Bus,Distracted,0,Citizen
A304878,2021-09-04,20:45,Mumbai,23.280135,68.395885,Storm,Minor,Motorcycle,Weather,1,Police
A304879,2024-12-02,05:35,Surat,15.991724,76.80784,Clear,Minor,Car,Distracted,0,Police
A304880,2022-09-29,13:34,Chennai,17.700085,69.090882,Rain,Minor,Car,Weather,0,Police
A304881,2024-04-30,10:22,Chennai,23.771971,70.992429,Rain,Moderate,Motorcycle,Distracted,0,Police
A304882,2021-08-24,12:23,Kolkata,21.887871,76.777382,Clear,Minor,Truck,Bad Road,0,Police
A304883,2022-07-06,05:52,Bengaluru,17.843282,72.768085,Clear,Minor,Truck,Bad Road,0,Citizen
A304884,2023-01-13,07:22,Hyderabad,8.243022,72.203392,Clear,Moderate,Motorcycle,Distracted,0,Insurance
A304885,2023-01-28,00:14,Mumbai,22.894009,71.587476,Hazy,Minor,Bicycle,Drunk Driving,0,Police
A304886,2021-09-22,04:17,Kolkata,21.447154,73.113682,Clear,Minor,Bus,Drunk Driving,0,Police
A304887,2022-12-10,06:03,Surat,19.632553,71.678203,Fog,Minor,Motorcycle,Unknown,0,Police
A304888,2024-10-31,01:12,Lucknow,25.253651,72.952227,Clear,Minor,Motorcycle,Unknown,1,Citizen
A304889,2023-10-24,16:53,Lucknow,25.511552,77.230322,Fog,Minor,Car,Drunk Driving,1,Citizen
A304890,2022-06-29,08:43,Mumbai,26.808386,68.235544,Clear,Minor,Bus,Distracted,2,Police
A304891,2023-09-29,14:02,Pune,24.466713,77.244883,Rain,Minor,Motorcycle,Bad Road,0,Police
A304892,2024-04-12,06:10,Lucknow,17.421637,75.640021,Clear,Moderate,Truck,Bad Road,0,Citizen
A304893,2023-11-19,09:52,Surat,18.699904,74.062465,Storm,Minor,Car,Speeding,0,Police
A304894,2024-04-29,04:15,Kolkata,25.318194,69.73059,Clear,Minor,Car,Drunk Driving,0,Citizen
A304895,2024-10-31,06:48,Kolkata,24.375217,72.906704,Clear,Minor,Motorcycle,Distracted,0,Police
A304896,2023-03-06,16:42,Pune,16.645652,72.427589,Clear,Minor,Car,Speeding,0,Police
A304897,2021-07-08,02:46,Kolkata,17.042678,72.927602,Clear,Moderate,Motorcycle,Drunk Driving,0,Police
A304898,2024-07-01,05:06,Hyderabad,24.511084,74.102716,Clear,Moderate,Motorcycle,Bad Road,0,Citizen
A304899,2023-04-20,01:08,Kolkata,23.693095,75.299598,Hazy,Moderate,Motorcycle,Unknown,0,Citizen
A304900,2021-11-26,01:34,Pune,24.36775,76.704035,Rain,Minor,Motorcycle,Mechanical Failure,0,Police
A304901,2021-03-25,08:07,Pune,22.343517,68.047163,Clear,Minor,Motorcycle,Mechanical Failure,1,Insurance
A304902,2021-02-23,04:29,Pune,16.02644,76.155244,Storm,Moderate,Car,Drunk Driving,0,Police
A304903,2022-11-28,00:38,Delhi,20.632716,71.431213,Clear,Moderate,Car,Drunk Driving,0,Police
A304904,2023-04-14,05:48,Lucknow,28.5003,73.867577,Rain,Minor,Motorcycle,Weather,0,Police
A304905,2022-09-24,00:57,Mumbai,22.669302,69.613338,Clear,Minor,Truck,Speeding,1,Insurance
A304906,2023-12-19,11:13,Surat,24.549224,70.848636,Clear,Minor,Car,Mechanical Failure,2,Police
A304907,2021-09-18,19:01,Surat,8.225975,69.897007,Clear,Moderate,Car,Unknown,1,Police
A304908,2021-10-26,10:16,Kolkata,14.541095,73.685526,Fog,Moderate,Motorcycle,Unknown,1,Insurance
A304909,2023-05-10,15:51,Kolkata,13.596969,76.809737,Rain,Minor,Car,Bad Road,0,Hospital
A304910,2023-12-03,03:06,Delhi,17.067439,76.072908,Rain,Moderate,Car,Unknown,0,Police
A304911,2024-02-17,09:11,Surat,22.960376,70.061798,Clear,Fatal,Car,Distracted,1,Police
A304912,2024-10-07,10:21,Mumbai,24.937983,71.27282,Fog,Minor,Car,Distracted,0,Police
A304913,2023-09-22,08:47,Hyderabad,9.408687,77.161973,Hazy,Minor,Truck,Speeding,0,Police
A304914,2024-06-24,16:26,Surat,24.633161,75.865897,Rain,Fatal,Car,Weather,0,Hospital
A304915,2025-05-19,07:34,Pune,13.712486,70.126619,Hazy,Minor,Motorcycle,Weather,0,Citizen
A304916,2025-01-10,20:10,Surat,24.623782,73.037011,Rain,Minor,Truck,Drunk Driving,0,Citizen
A304917,2025-02-11,09:51,Bengaluru,15.387572,73.24066,Fog,Minor,Truck,Speeding,0,Police
A304918,2024-03-20,14:41,Chennai,27.48171,72.103006,Rain,Minor,Motorcycle,Speeding,1,Police
A304919,2021-05-18,09:47,Mumbai,16.530899,73.867816,Hazy,Fatal,Car,Distracted,0,Police
A304920,2025-02-08,16:57,Chennai,19.528549,68.773005,Fog,Minor,Bicycle,Speeding,0,Police
A304921,2022-09-22,18:51,Surat,10.993775,75.227886,Clear,Minor,Truck,Distracted,0,Police
A304922,2022-05-24,11:46,Lucknow,11.16709,71.888811,Clear,Minor,Motorcycle,Unknown,1,Citizen
A304923,2021-09-22,17:35,Kolkata,17.522,73.51022,Clear,Fatal,Car,Distracted,0,Citizen
A304924,2021-01-18,14:47,Pune,17.484068,71.410662,Clear,Minor,Bus,Unknown,0,Citizen
A304925,2021-04-11,20:33,Chennai,18.67729,74.366861,Rain,Moderate,Car,Weather,1,Police
A304926,2023-02-04,14:00,Jaipur,22.876508,75.943478,Clear,Severe,Truck,Bad Road,0,Police
A304927,2025-06-28,14:45,Pune,22.063762,69.889774,Rain,Moderate,Bicycle,Speeding,0,Citizen
A304928,2023-11-11,18:43,Lucknow,19.658149,73.092742,Clear,Minor,Motorcycle,Weather,1,Police
A304929,2025-06-19,18:46,Kolkata,15.850878,74.523237,Clear,Minor,Car,Distracted,1,Citizen
A304930,2021-09-15,12:54,Hyderabad,27.998032,69.891616,Clear,Minor,Car,Mechanical Failure,1,Police
A304931,2025-03-01,12:50,Jaipur,15.681406,70.667855,Clear,Minor,Car,Bad Road,1,Police
A304932,2025-01-24,22:44,Jaipur,15.089084,77.054325,Rain,Severe,Car,Unknown,0,Police
A304933,2024-09-26,03:15,Lucknow,13.156436,73.104729,Clear,Minor,Motorcycle,Mechanical Failure,1,Police
A304934,2021-11-11,09:45,Hyderabad,17.718506,70.598663,Rain,Minor,Motorcycle,Distracted,0,Police
A304935,2022-02-18,18:34,Bengaluru,20.5052,68.761164,Clear,Minor,Motorcycle,Drunk Driving,0,Hospital
A304936,2023-06-26,13:01,Surat,13.469091,77.047231,Storm,Minor,Pedestrian,Unknown,1,Police
A304937,2021-08-07,12:21,Mumbai,28.20483,75.907584,Clear,Moderate,Motorcycle,Mechanical Failure,1,Police
A304938,2024-07-09,21:00,Jaipur,10.256398,72.37808,Hazy,Fatal,Car,Distracted,0,Police
A304939,2025-06-24,03:30,Kolkata,17.172078,73.16382,Rain,Minor,Truck,Distracted,0,Police
A304940,2024-05-17,01:27,Surat,27.298863,69.36529,Rain,Moderate,Car,Speeding,0,Citizen
A304941,2021-01-02,15:23,Pune,19.684986,76.359806,Hazy,Fatal,Motorcycle,Weather,0,Citizen
A304942,2022-05-30,11:03,Kolkata,12.674773,69.734374,Clear,Moderate,Car,Distracted,0,Hospital
A304943,2023-09-04,14:30,Hyderabad,27.686635,76.805602,Clear,Severe,Truck,Weather,0,Hospital
A304944,2021-08-08,07:36,Lucknow,17.449878,76.081806,Hazy,Minor,Car,Distracted,0,Police
A304945,2022-03-26,19:23,Bengaluru,25.002588,70.164447,Clear,Fatal,Car,Bad Road,0,Police
A304946,2021-11-20,00:35,Chennai,19.263518,74.473867,Clear,Fatal,Bicycle,Speeding,0,Police
A304947,2022-08-24,03:51,Bengaluru,14.712214,69.526777,Clear,Minor,Car,Mechanical Failure,0,Police
A304948,2023-05-23,17:06,Lucknow,14.203316,70.786169,Rain,Moderate,Motorcycle,Speeding,1,Police
A304949,2023-05-13,21:05,Chennai,18.406112,73.705198,Hazy,Minor,Car,Mechanical Failure,0,Police
A304950,2025-06-10,12:34,Hyderabad,22.634986,75.219523,Rain,Minor,Bus,Speeding,0,Hospital
A304951,2024-02-13,10:26,Hyderabad,27.30661,76.78211,Hazy,Moderate,Car,Weather,0,Hospital
A304952,2024-03-25,14:51,Bengaluru,10.304295,72.484647,Rain,Moderate,Truck,Speeding,0,Police
A304953,2022-03-06,18:34,Lucknow,13.010288,69.482514,Clear,Moderate,Motorcycle,Distracted,0,Police
A304954,2021-09-02,01:48,Chennai,15.626814,73.762311,Clear,Minor,Truck,Weather,1,Police
A304955,2024-06-07,08:58,Kolkata,17.618543,72.471385,Rain,Moderate,Motorcycle,Weather,0,Police
A304956,2025-04-13,02:35,Hyderabad,10.615913,70.828752,Snow (rare),Moderate,Car,Distracted,1,Police
A304957,2024-06-08,00:54,Hyderabad,23.793448,72.360828,Clear,Moderate,Car,Drunk Driving,2,Police
A304958,2023-07-22,07:29,Hyderabad,18.328288,69.285207,Clear,Moderate,Bus,Mechanical Failure,0,Citizen
A304959,2023-12-19,09:05,Chennai,24.834309,74.621955,Rain,Minor,Car,Unknown,0,Citizen
A304960,2021-08-13,21:32,Chennai,25.64948,73.339796,Clear,Moderate,Car,Speeding,0,Police
A304961,2021-10-07,17:55,Pune,20.043271,74.838563,Rain,Severe,Motorcycle,Speeding,0,Hospital
A304962,2023-08-09,01:45,Hyderabad,14.194494,73.631995,Storm,Minor,Bus,Weather,0,Citizen
A304963,2023-09-19,17:10,Lucknow,16.414401,74.133494,Clear,Minor,Bicycle,Distracted,0,Police
A304964,2021-01-23,04:30,Surat,21.660228,77.530636,Clear,Severe,Motorcycle,Distracted,0,Police
A304965,2023-08-03,08:30,Pune,14.890646,73.096572,Clear,Minor,Motorcycle,Mechanical Failure,1,Police
A304966,2021-06-16,01:08,Pune,22.612976,74.900164,Rain,Minor,Bus,Weather,0,Police
A304967,2021-01-10,06:44,Bengaluru,18.747706,68.115963,Clear,Minor,Bus,Distracted,0,Police
A304968,2025-09-17,14:51,Pune,8.584986,77.646638,Storm,Fatal,Motorcycle,Unknown,0,Police
A304969,2025-08-12,15:49,Jaipur,9.331312,73.296747,Snow (rare),Severe,Pedestrian,Mechanical Failure,2,Insurance
A304970,2024-07-28,19:11,Pune,12.18264,68.526295,Clear,Moderate,Truck,Distracted,0,Police
A304971,2021-10-18,21:07,Lucknow,20.010515,73.238277,Clear,Severe,Car,Drunk Driving,0,Police
A304972,2022-01-30,17:53,Hyderabad,8.867771,70.3223,Clear,Minor,Car,Drunk Driving,0,Citizen
A304973,2024-04-16,01:46,Lucknow,24.610806,75.737751,Fog,Moderate,Motorcycle,Weather,0,Police
A304974,2023-09-16,03:31,Surat,13.880779,68.353727,Clear,Minor,Bus,Unknown,1,Citizen
A304975,2024-05-22,10:11,Pune,22.64437,76.250733,Clear,Minor,Motorcycle,Distracted,0,Police
A304976,2022-10-01,22:55,Kolkata,22.582296,75.761484,Rain,Severe,Motorcycle,Speeding,0,Citizen
A304977,2023-03-01,07:51,Chennai,26.620025,68.289589,Clear,Fatal,Bus,Bad Road,0,Police
A304978,2022-07-08,13:36,Lucknow,19.1367,70.992797,Fog,Minor,Bus,Speeding,1,Citizen
A304979,2022-02-04,05:56,Hyderabad,11.86491,76.890391,Rain,Minor,Car,Drunk Driving,0,Hospital
A304980,2022-09-17,04:26,Chennai,14.488938,76.520012,Hazy,Minor,Car,Weather,0,Police
A304981,2025-01-14,14:55,Hyderabad,17.919997,74.596391,Clear,Minor,Pedestrian,Unknown,1,Police
A304982,2023-10-19,04:32,Kolkata,28.169708,76.073668,Fog,Moderate,Bus,Speeding,0,Police
A304983,2022-11-03,00:34,Bengaluru,8.87771,77.461792,Rain,Severe,Motorcycle,Distracted,0,Hospital
A304984,2021-09-22,10:13,Lucknow,13.615126,76.572379,Clear,Moderate,Motorcycle,Speeding,0,Citizen
A304985,2023-12-03,08:35,Pune,10.1774,70.788778,Snow (rare),Moderate,Motorcycle,Mechanical Failure,0,Police
A304986,2025-05-01,14:47,Jaipur,24.015285,74.940656,Fog,Minor,Motorcycle,Unknown,0,Police
A304987,2023-02-10,14:14,Lucknow,18.851061,76.200339,Hazy,Moderate,Car,Weather,0,Citizen
A304988,2023-06-03,07:14,Chennai,22.62949,71.182166,Rain,Moderate,Motorcycle,Distracted,1,Police
A304989,2023-02-02,11:28,Lucknow,10.741905,72.58341,Rain,Moderate,Car,Weather,1,Police
A304990,2025-09-15,18:43,Surat,26.902756,74.846606,Rain,Minor,Car,Weather,0,Police
A304991,2024-09-29,05:20,Pune,14.66536,74.803553,Clear,Minor,Motorcycle,Mechanical Failure,0,Citizen
A304992,2022-01-29,05:21,Hyderabad,18.418303,75.82357,Rain,Moderate,Car,Speeding,0,Police
A304993,2022-05-29,17:46,Chennai,24.224574,68.452439,Rain,Moderate,Car,Unknown,0,Citizen
A304994,2024-07-15,00:35,Mumbai,12.721174,69.161935,Clear,Severe,Motorcycle,Unknown,1,Citizen
A304995,2024-04-07,05:03,Pune,14.86513,75.890928,Clear,Minor,Motorcycle,Speeding,0,Police
A304996,2024-01-25,02:53,Kolkata,15.335964,68.828569,Rain,Minor,Car,Speeding,0,Insurance
A304997,2021-07-04,21:36,Hyderabad,20.471006,70.344706,Clear,Severe,Bus,Unknown,0,Police
A304998,2024-06-02,16:10,Delhi,25.705729,72.344344,Clear,Minor,Car,Drunk Driving,0,Police
A304999,2022-12-07,01:19,Surat,27.255129,75.118484,Clear,Moderate,Motorcycle,Weather,1,Citizen
A305000,2022-11-15,03:56,Jaipur,14.819986,73.032529,Clear,Minor,Truck,Unknown,0,Police
A305001,2024-11-07,21:18,Delhi,16.180965,76.502668,Clear,Minor,Truck,Drunk Driving,0,Police
A305002,2021-12-15,18:21,Chennai,9.614568,69.55885,Snow (rare),Minor,Car,Drunk Driving,0,Police
A305003,2024-10-20,09:11,Hyderabad,9.043129,72.913822,Hazy,Fatal,Bus,Unknown,1,Police
A305004,2022-01-01,11:12,Hyderabad,28.328807,73.994349,Fog,Minor,Bus,Bad Road,0,Police
A305005,2023-12-08,04:03,Lucknow,25.723923,69.011204,Hazy,Minor,Car,Drunk Driving,0,Police
A305006,2022-01-28,22:01,Mumbai,20.803205,71.450549,Rain,Minor,Pedestrian,Distracted,1,Citizen
A305007,2024-03-28,16:15,Jaipur,23.795935,68.146798,Rain,Severe,Bus,Bad Road,1,Police
A305008,2024-04-19,00:03,Chennai,11.716091,73.93462,Clear,Moderate,Motorcycle,Weather,0,Police
A305009,2021-12-22,09:39,Pune,13.734532,70.259755,Rain,Minor,Car,Drunk Driving,0,Police
A305010,2025-07-22,11:50,Surat,23.022159,77.073712,Rain,Moderate,Motorcycle,Speeding,0,Police
A305011,2023-09-02,12:08,Lucknow,25.824148,74.466322,Clear,Moderate,Bus,Mechanical Failure,0,Police
A305012,2023-11-02,15:43,Delhi,16.953587,68.457213,Rain,Minor,Motorcycle,Mechanical Failure,0,Citizen
A305013,2024-09-06,02:19,Hyderabad,20.498075,77.447108,Clear,Minor,Motorcycle,Distracted,0,Citizen
A305014,2024-05-10,06:19,Hyderabad,10.756415,75.170136,Fog,Minor,Car,Drunk Driving,0,Police
A305015,2023-06-14,13:11,Delhi,25.358431,69.638965,Hazy,Minor,Car,Drunk Driving,0,Police
A305016,2024-01-24,06:01,Kolkata,12.273583,72.499801,Storm,Minor,Car,Mechanical Failure,0,Police
A305017,2024-11-26,18:34,Lucknow,23.07875,75.805012,Clear,Severe,Bus,Mechanical Failure,0,Police
A305018,2021-10-13,14:01,Mumbai,11.136906,76.485189,Clear,Minor,Pedestrian,Bad Road,1,Police
A305019,2023-02-17,22:08,Hyderabad,27.028682,70.16424,Clear,Severe,Car,Unknown,2,Insurance
A305020,2021-06-10,14:34,Lucknow,23.303478,68.746609,Clear,Minor,Car,Speeding,0,Police
A305021,2023-07-20,17:50,Lucknow,18.196522,70.365425,Clear,Minor,Car,Weather,0,Police
A305022,2021-04-16,02:24,Hyderabad,10.099022,75.813456,Rain,Severe,Car,Unknown,0,Police
A305023,2024-11-30,01:48,Hyderabad,22.902656,74.951155,Clear,Moderate,Motorcycle,Mechanical Failure,2,Police
A305024,2022-10-03,14:31,Surat,21.16459,69.51796,Fog,Moderate,Car,Mechanical Failure,0,Citizen
A305025,2023-09-03,22:47,Jaipur,27.667593,76.407048,Clear,Minor,Motorcycle,Distracted,0,Police
A305026,2025-07-11,09:55,Bengaluru,8.578177,70.335531,Storm,Minor,Motorcycle,Bad Road,0,Hospital
A305027,2022-05-25,05:20,Delhi,24.215568,68.103141,Storm,Minor,Car,Speeding,0,Police
A305028,2023-05-12,08:30,Pune,12.381694,77.127691,Rain,Minor,Motorcycle,Speeding,0,Police
A305029,2022-03-25,19:35,Lucknow,18.350909,70.645063,Clear,Minor,Motorcycle,Weather,0,Police
A305030,2023-07-25,19:14,Kolkata,19.615286,72.968121,Rain,Minor,Truck,Drunk Driving,0,Citizen
A305031,2022-10-09,09:22,Mumbai,25.199743,68.275138,Rain,None,Car,Distracted,1,Hospital
A305032,2021-09-12,11:20,Mumbai,22.417461,70.163154,Clear,Minor,Motorcycle,Mechanical Failure,1,Police
A305033,2021-12-06,14:16,Lucknow,19.219468,76.657885,Rain,Minor,Truck,Drunk Driving,0,Police
A305034,2023-08-16,16:15,Delhi,13.37386,74.226887,Rain,Minor,Pedestrian,Distracted,1,Police
A305035,2025-04-06,12:57,Mumbai,21.812201,68.537436,Rain,Moderate,Car,Unknown,0,Hospital
A305036,2023-02-20,16:51,Surat,15.706607,69.039478,Storm,Fatal,Motorcycle,Speeding,0,Police
A305037,2021-10-17,05:52,Bengaluru,11.793595,72.509202,Fog,Minor,Car,Drunk Driving,1,Hospital
A305038,2022-09-27,11:09,Delhi,22.05903,76.016335,Clear,Minor,Car,Weather,0,Police
A305039,2022-03-25,15:21,Kolkata,12.914198,75.848102,Storm,Minor,Motorcycle,Bad Road,0,Police
A305040,2023-04-29,19:02,Surat,11.869774,72.277805,Rain,Minor,Bicycle,Bad Road,0,Police
A305041,2022-12-03,12:01,Bengaluru,28.549208,74.636451,Fog,Severe,Car,Drunk Driving,0,Hospital
A305042,2022-09-30,22:09,Lucknow,18.05022,70.767791,Storm,Moderate,Car,Mechanical Failure,0,Police
A305043,2023-04-29,17:29,Kolkata,10.123659,68.167692,Clear,Severe,Motorcycle,Speeding,0,Police
A305044,2023-10-12,04:35,Surat,16.820977,76.036467,Rain,Minor,Bus,Mechanical Failure,0,Police
A305045,2023-01-13,06:17,Lucknow,9.816846,69.990505,Clear,Minor,Truck,Bad Road,1,Police
A305046,2025-03-07,20:29,Hyderabad,23.514292,73.000519,Clear,Moderate,Bus,Weather,0,Citizen
A305047,2023-08-23,06:54,Delhi,8.810555,71.062689,Rain,Minor,Motorcycle,Drunk Driving,1,Police
A305048,2023-05-04,06:23,Mumbai,13.594433,76.262662,Rain,Minor,Car,Mechanical Failure,0,Police
A305049,2022-10-07,19:33,Pune,17.426746,72.936196,Clear,Minor,Motorcycle,Drunk Driving,0,Citizen
A305050,2023-08-10,15:30,Lucknow,12.720221,75.684392,Clear,Minor,Car,Unknown,1,Police
A305051,2023-06-15,22:13,Lucknow,11.815618,71.65008,Rain,Moderate,Truck,Distracted,0,Police
A305052,2024-02-19,03:22,Surat,14.256894,71.989206,Rain,Minor,Truck,Weather,0,Citizen
A305053,2024-09-01,22:01,Surat,16.658603,75.891004,Hazy,Moderate,Car,Unknown,0,Police
A305054,2024-12-05,17:47,Surat,20.89419,73.061239,Storm,Minor,Car,Drunk Driving,1,Citizen
A305055,2024-12-10,22:20,Delhi,10.906458,76.060934,Clear,Minor,Bus,Weather,0,Citizen
A305056,2024-05-23,20:56,Lucknow,16.664954,77.339377,Clear,Minor,Car,Mechanical Failure,0,Citizen
A305057,2024-02-07,12:39,Mumbai,20.783731,76.670566,Rain,Minor,Car,Mechanical Failure,1,Hospital
A305058,2024-11-21,05:23,Lucknow,21.394314,71.350673,Clear,Moderate,Car,Speeding,0,Police
A305059,2023-06-05,22:34,Bengaluru,25.528399,76.606964,Rain,Severe,Car,Bad Road,1,Police
A305060,2024-03-09,13:40,Kolkata,20.225655,75.183309,Clear,Severe,Car,Weather,0,Police
A305061,2021-03-15,05:08,Bengaluru,12.652646,76.582364,Rain,Fatal,Motorcycle,Unknown,0,Police
A305062,2025-05-25,12:09,Delhi,24.781455,72.886771,Rain,Moderate,Bus,Speeding,0,Hospital
A305063,2024-01-18,21:48,Kolkata,23.250618,68.795874,Rain,Minor,Car,Drunk Driving,1,Police
A305064,2025-05-17,10:36,Jaipur,27.468703,73.577813,Rain,Moderate,Truck,Drunk Driving,0,Hospital
A305065,2021-03-16,17:16,Bengaluru,8.980399,70.537112,Clear,Minor,Motorcycle,Distracted,0,Citizen
A305066,2023-04-19,19:22,Delhi,27.735682,72.618812,Clear,Severe,Motorcycle,Distracted,0,Police
A305067,2024-01-25,12:10,Chennai,23.009952,77.567205,Hazy,Minor,Car,Distracted,0,Hospital
A305068,2024-09-06,05:03,Surat,11.328786,77.092762,Rain,Fatal,Bicycle,Weather,1,Police
A305069,2021-03-09,12:24,Kolkata,24.634413,72.329437,Rain,Minor,Motorcycle,Distracted,0,Citizen
A305070,2021-02-12,15:14,Pune,25.608436,75.133668,Clear,Minor,Car,Bad Road,1,Police
A305071,2024-02-07,16:45,Jaipur,27.896336,70.807478,Clear,Minor,Pedestrian,Bad Road,1,Citizen
A305072,2024-09-02,21:14,Hyderabad,10.403012,69.438478,Clear,Minor,Motorcycle,Mechanical Failure,0,Police
A305073,2025-04-09,06:17,Hyderabad,15.332302,68.104055,Clear,Minor,Bus,Distracted,1,Police
A305074,2021-06-13,07:44,Mumbai,14.801718,76.830528,Rain,Minor,Car,Unknown,0,Citizen
A305075,2024-07-30,13:20,Mumbai,16.947642,72.62241,Rain,Minor,Truck,Unknown,1,Police
A305076,2024-07-16,18:56,Pune,21.691585,76.48669,Storm,Severe,Car,Bad Road,0,Police
A305077,2023-03-08,09:38,Surat,13.274091,72.805896,Hazy,Moderate,Motorcycle,Weather,0,Police
A305078,2025-05-14,06:27,Lucknow,16.281365,75.954796,Clear,Moderate,Truck,Unknown,1,Citizen
A305079,2021-10-10,09:41,Chennai,28.159351,70.60821,Clear,Minor,Car,Drunk Driving,0,Hospital
A305080,2025-09-04,19:39,Delhi,22.628778,68.899732,Snow (rare),Minor,Car,Distracted,0,Police
A305081,2024-11-05,15:49,Lucknow,16.406604,68.091056,Rain,Minor,Car,Bad Road,0,Police
A305082,2021-04-30,20:58,Hyderabad,27.993036,73.692151,Clear,Severe,Car,Distracted,0,Police
A305083,2022-11-20,20:54,Bengaluru,14.765606,77.036345,Clear,Moderate,Car,Mechanical Failure,0,Police
A305084,2025-08-07,05:50,Delhi,26.770396,68.008904,Hazy,Minor,Motorcycle,Unknown,0,Police
A305085,2023-07-21,10:26,Pune,22.878569,69.844939,Hazy,Minor,Truck,Bad Road,0,Citizen
A305086,2021-07-13,05:57,Bengaluru,13.823144,68.829133,Clear,Minor,Car,Weather,0,Hospital
A305087,2024-12-21,13:57,Surat,17.133925,76.001159,Clear,Minor,Bus,Drunk Driving,1,Citizen
A305088,2025-04-08,10:53,Surat,24.717392,73.225205,Fog,Minor,Motorcycle,Drunk Driving,0,Citizen
A305089,2022-11-10,04:39,,27.000829,74.938274,Hazy,Moderate,Bus,Drunk Driving,0,Police
A305090,2024-12-10,10:14,Delhi,20.044026,74.769744,Fog,Severe,Truck,Bad Road,0,Citizen
A305091,2021-03-22,19:28,Kolkata,17.261472,68.085652,Clear,Minor,Car,Distracted,0,Citizen
A305092,2021-06-01,08:11,Bengaluru,24.354013,71.223182,Clear,Minor,Motorcycle,Bad Road,1,Citizen
A305093,2023-08-19,19:12,Mumbai,10.035994,68.823436,Rain,Minor,Motorcycle,Speeding,1,Citizen
A305094,2021-08-04,11:10,Pune,17.375378,71.742331,Fog,Minor,Car,Mechanical Failure,1,Police
A305095,2023-09-26,05:40,Kolkata,26.990968,69.885768,Fog,Severe,Motorcycle,Distracted,0,Police
A305096,2021-02-28,20:50,Bengaluru,16.356549,69.856292,Fog,Minor,Motorcycle,Distracted,0,Police
A305097,2024-11-19,00:38,Lucknow,18.880124,77.286642,Rain,Severe,Truck,Drunk Driving,0,Police
A305098,2022-05-04,19:42,Hyderabad,8.01093,70.556885,Clear,Minor,Truck,Distracted,1,Hospital
A305099,2025-04-01,06:43,Surat,10.477803,75.939096,Clear,Minor,Car,Distracted,0,Police
A305100,2025-09-26,22:29,Kolkata,18.15301,76.848648,Clear,Minor,Car,Speeding,0,Citizen
A305101,2024-01-01,10:43,Chennai,15.184227,71.033033,Clear,Minor,Car,Speeding,0,Police
A305102,2022-04-12,16:46,Surat,27.397935,77.570562,Clear,Moderate,Car,Unknown,0,Police
A305103,2022-03-25,07:29,Hyderabad,8.018671,75.774062,Clear,Severe,Motorcycle,Distracted,0,Police
A305104,2024-03-06,09:04,Pune,11.620613,75.477229,Clear,Moderate,Motorcycle,Speeding,0,Citizen
A305105,2022-07-22,04:54,Delhi,18.471293,69.092965,Clear,Minor,Car,Unknown,0,Citizen
A305106,2021-04-24,14:53,Surat,14.441189,68.030783,Clear,Fatal,Bicycle,Speeding,0,Citizen
A305107,2024-09-06,18:21,Pune,15.39804,74.573285,Clear,Minor,Car,Distracted,0,Police
A305108,2021-03-31,22:12,Mumbai,23.006267,70.046394,Clear,Minor,Motorcycle,Distracted,2,Police
A305109,2021-09-22,03:52,Chennai,15.067331,73.075106,Clear,Moderate,Car,Drunk Driving,0,Police
A305110,2023-01-21,11:10,Bengaluru,20.819572,71.58334,Clear,Minor,Bus,Mechanical Failure,1,Citizen
A305111,2023-10-24,03:25,Kolkata,26.988894,75.92931,Clear,Minor,Bus,Distracted,0,Police
A305112,2023-09-27,05:54,Chennai,22.227685,68.35107,Clear,Moderate,Bicycle,Speeding,1,Police
A305113,2023-12-03,02:01,Lucknow,14.181256,69.139853,Clear,Minor,Motorcycle,Drunk Driving,0,Police
A305114,2022-01-01,17:49,Mumbai,25.030031,73.402473,Hazy,Minor,Motorcycle,Distracted,0,Police
A305115,2022-01-17,14:48,Lucknow,24.821958,76.156261,Hazy,Minor,Car,Unknown,1,Police
A305116,2021-07-24,08:57,Mumbai,14.3278,75.820725,Clear,Minor,Car,Distracted,1,Police
A305117,2024-08-23,06:10,Bengaluru,8.751074,74.751648,Fog,Minor,Truck,Mechanical Failure,0,Citizen
A305118,2025-06-08,12:40,Lucknow,24.672355,73.304063,Rain,Minor,Motorcycle,Bad Road,1,Police
A305119,2021-12-12,07:40,Chennai,19.082131,72.11262,Clear,Minor,Bus,Mechanical Failure,0,Citizen
A305120,2021-04-26,14:29,Mumbai,19.952867,71.727996,Clear,Fatal,Bus,Distracted,1,Insurance
A305121,2024-12-29,21:08,Jaipur,25.52136,76.019133,Rain,Moderate,Car,Bad Road,1,Police
A305122,2025-01-04,06:12,Chennai,24.015977,68.667811,Fog,Moderate,Bicycle,Speeding,0,Police
A305123,2022-07-15,03:33,Surat,24.359778,70.405407,Hazy,Moderate,Car,Speeding,1,Citizen
A305124,2021-09-04,11:06,Kolkata,19.991561,68.241821,Clear,Minor,Car,Mechanical Failure,0,Police
A305125,2021-09-03,14:41,Kolkata,9.853791,69.355965,Rain,Minor,Truck,Speeding,1,Citizen
A305126,2021-11-08,05:27,Jaipur,8.638673,74.081594,Clear,Minor,Pedestrian,Unknown,0,Citizen
A305127,2025-06-29,15:44,Delhi,19.8149,76.035231,Hazy,Minor,Motorcycle,Distracted,0,Police
A305128,2024-04-01,13:15,Surat,28.045715,73.068741,Clear,Moderate,Bus,Weather,1,Hospital
A305129,2022-02-06,12:56,Pune,13.703182,73.789543,Rain,Minor,Car,Mechanical Failure,0,Citizen
A305130,2023-01-15,12:02,Bengaluru,15.308941,76.385546,Clear,Moderate,Truck,Weather,0,Citizen
A305131,2022-04-04,15:16,Hyderabad,11.641494,70.474792,Clear,Minor,Motorcycle,Weather,1,Police
A305132,2021-07-22,15:50,Chennai,17.806706,74.777135,Clear,Severe,Car,Unknown,0,Police
A305133,2021-07-09,17:30,Jaipur,15.070254,72.085033,Rain,Moderate,Bus,Weather,0,Police
A305134,2022-12-29,13:44,Jaipur,10.884685,73.505508,Fog,Minor,Motorcycle,Unknown,1,Police
A305135,2022-10-22,11:20,Kolkata,14.95941,68.153432,Fog,Minor,Car,Distracted,0,Citizen
A305136,2022-04-29,12:31,Kolkata,22.843757,76.83858,Clear,Severe,Bicycle,Drunk Driving,1,Police
A305137,2022-12-27,12:44,Surat,26.995158,69.504164,Clear,Minor,Bicycle,Distracted,0,Police
A305138,2022-01-05,02:33,Delhi,21.640772,71.24568,Rain,Minor,Car,Unknown,0,Hospital
A305139,2024-08-06,18:05,Kolkata,9.293259,77.394085,Rain,Moderate,Bus,Distracted,0,Police
A305140,2025-03-18,02:46,Bengaluru,15.714022,73.974448,Clear,Minor,Bus,Speeding,0,Hospital
A305141,2025-07-22,06:20,Mumbai,13.364568,72.334692,Fog,Moderate,Car,Bad Road,0,Police
A305142,2021-03-06,21:03,Mumbai,11.39907,68.273733,Fog,Moderate,Car,Weather,1,Police
A305143,2021-08-24,05:04,Jaipur,16.607118,73.121981,Clear,Minor,Car,Unknown,0,Police
A305144,2023-03-06,08:14,Pune,23.283605,73.722773,Clear,Minor,Motorcycle,Mechanical Failure,1,Hospital
A305145,2021-08-02,05:32,Bengaluru,16.290552,72.25108,Rain,Moderate,Bicycle,Drunk Driving,1,Hospital
A305146,2025-03-22,14:12,Surat,17.337548,71.599821,Rain,Minor,Bus,Unknown,1,Police
A305147,2025-07-07,03:41,Bengaluru,8.287253,74.606999,Clear,Minor,Motorcycle,Mechanical Failure,1,Citizen
A305148,2022-10-31,12:42,Kolkata,19.728006,77.607937,Clear,Minor,Car,Drunk Driving,2,Citizen
A305149,2025-03-01,00:46,Hyderabad,12.418682,68.228467,Hazy,Minor,Bus,Weather,0,Police
A305150,2025-07-02,09:38,Kolkata,18.812245,69.608933,Rain,Moderate,Truck,Speeding,0,Police
A305151,2022-08-26,21:01,Surat,25.74324,76.79182,Clear,Severe,Motorcycle,Bad Road,0,Citizen
A305152,2023-03-25,06:07,Delhi,21.953082,68.615875,Clear,Moderate,Motorcycle,Drunk Driving,0,Police
A305153,2022-04-20,05:03,Chennai,16.758241,74.943638,Clear,Moderate,Truck,Speeding,0,Police
A305154,2022-11-24,02:06,Surat,9.390562,72.619218,Fog,Minor,Car,Speeding,0,Police
A305155,2024-07-10,18:47,Pune,14.793656,70.404277,Rain,Severe,Car,Distracted,0,Citizen
A305156,2025-04-29,10:04,Chennai,19.986201,77.547275,Clear,Minor,Truck,Speeding,0,Hospital
A305157,2022-11-07,15:48,Chennai,28.665892,74.38771,Hazy,Moderate,Pedestrian,Unknown,0,Insurance
A305158,2025-03-05,18:02,Hyderabad,13.800942,68.499191,Clear,Minor,Motorcycle,Mechanical Failure,1,Police
A305159,2025-09-05,20:33,Jaipur,24.169383,70.425717,Clear,Minor,Bicycle,Mechanical Failure,0,Hospital
A305160,2021-05-26,06:36,Jaipur,8.887957,72.226316,Rain,Minor,Truck,Unknown,0,Citizen
A305161,2021-07-08,02:28,Pune,9.489614,72.915724,Clear,Minor,Car,Speeding,0,Citizen
A305162,2024-09-05,19:58,Delhi,22.993852,74.095343,Rain,Moderate,Motorcycle,Drunk Driving,0,Citizen
A305163,2023-11-23,22:19,Bengaluru,11.279495,72.00915,Fog,Moderate,Car,Bad Road,0,Citizen
A305164,2021-11-26,17:05,Kolkata,8.96922,68.074166,Clear,Moderate,Motorcycle,Distracted,0,Police
A305165,2021-10-04,02:46,Delhi,9.680653,71.313684,Rain,Moderate,Motorcycle,Distracted,0,Police
A305166,2021-01-03,14:00,Bengaluru,15.044258,77.289934,Clear,Minor,Bus,Weather,0,Insurance
A305167,2025-01-28,18:21,Lucknow,24.146396,76.70632,Clear,Minor,Car,Drunk Driving,1,Citizen
A305168,2025-07-03,07:36,Kolkata,9.288741,75.33228,Fog,Severe,Pedestrian,Speeding,0,Police
A305169,2021-09-08,01:05,Delhi,22.005215,68.603265,Clear,Minor,Bus,Weather,0,Insurance
A305170,2022-07-11,05:21,Hyderabad,15.635443,71.789599,Clear,Minor,Truck,Unknown,0,Police
A305171,2024-03-10,06:18,Bengaluru,28.109891,72.34855,Clear,Minor,Car,Unknown,1,Police
A305172,2023-05-13,13:27,Delhi,14.816553,74.754086,Rain,Moderate,Car,Weather,0,Police
A305173,2021-10-15,01:25,Bengaluru,20.102427,74.830842,Rain,Minor,Bus,Weather,1,Police
A305174,2024-06-11,06:38,Bengaluru,18.689381,72.391325,Snow (rare),Moderate,Car,Mechanical Failure,0,Police
A305175,2025-01-21,10:10,Jaipur,22.105286,69.82375,Snow (rare),Minor,Car,Drunk Driving,1,Citizen
A305176,2021-09-22,17:55,Kolkata,21.250997,73.551227,Rain,Moderate,Pedestrian,Weather,1,Police
A305177,2023-06-16,05:14,Kolkata,26.726904,74.971266,Fog,Minor,Car,Distracted,1,Citizen
A305178,2024-11-02,16:19,Lucknow,10.837971,69.95311,Clear,Severe,Bus,Weather,0,Police
A305179,2023-06-16,05:08,Lucknow,17.126823,71.589145,Fog,Minor,Car,Drunk Driving,0,Insurance
A305180,2025-06-05,01:02,Bengaluru,20.458833,74.146129,Clear,Minor,Motorcycle,Mechanical Failure,1,Hospital
A305181,2023-06-25,05:01,Delhi,12.179589,76.603612,Clear,Minor,Motorcycle,Unknown,0,Police
A305182,2025-03-23,14:10,Kolkata,11.39404,77.014173,Clear,Moderate,Motorcycle,Bad Road,0,Citizen
A305183,2025-03-16,08:09,Jaipur,27.462344,76.688155,Clear,Minor,Motorcycle,Speeding,0,Citizen
A305184,2023-12-15,10:56,Jaipur,15.282829,71.475784,Clear,Minor,Pedestrian,Drunk Driving,0,Police
A305185,2024-03-24,06:03,Delhi,12.170482,73.555954,Clear,Severe,Truck,Bad Road,0,Police
A305186,2024-04-12,20:02,Pune,8.804868,72.401359,Snow (rare),Minor,Car,Mechanical Failure,1,Police
A305187,2024-05-14,20:54,Delhi,16.48207,72.409392,Snow (rare),Moderate,Bus,Speeding,1,Hospital
A305188,2023-12-18,12:10,Delhi,21.758258,74.608668,Rain,Minor,Car,Mechanical Failure,0,Police
A305189,2022-04-25,02:24,Mumbai,8.325126,70.408477,Rain,Severe,Car,Bad Road,0,Police
A305190,2025-09-08,12:38,Pune,10.586859,75.943176,Rain,Minor,Car,Distracted,3,Citizen
A305191,2024-11-12,01:03,Chennai,25.971607,70.848678,Fog,Minor,Motorcycle,Speeding,0,Police
A305192,2021-05-19,18:02,Delhi,28.043764,68.516416,Clear,Fatal,Car,Bad Road,1,Citizen
A305193,2023-04-17,03:02,Jaipur,11.044893,71.427836,Clear,Minor,Truck,Speeding,0,Police
A305194,2025-06-14,06:52,Chennai,11.475924,76.124438,Rain,Severe,Motorcycle,Mechanical Failure,1,Police
A305195,2024-08-12,06:18,Lucknow,24.297261,71.881601,Clear,Minor,Motorcycle,Mechanical Failure,0,Police
A305196,2022-10-16,13:27,Lucknow,26.22863,73.302789,Storm,Moderate,Motorcycle,Drunk Driving,0,Police
A305197,2021-12-31,11:00,Jaipur,27.811315,69.540249,Fog,Minor,Bus,Unknown,0,Police
A305198,2022-06-24,08:47,Bengaluru,20.407314,77.629416,Hazy,Minor,Motorcycle,Mechanical Failure,0,Police
A305199,2025-04-01,07:12,Bengaluru,16.43644,74.080755,Storm,Minor,Motorcycle,Unknown,0,Hospital
A305200,2022-02-10,06:08,Mumbai,25.904626,72.458781,Clear,Moderate,Car,Weather,0,Police
A305201,2022-05-23,03:06,Delhi,26.434216,76.829517,Clear,Minor,Motorcycle,Drunk Driving,0,Police
A305202,2021-01-15,10:01,Delhi,10.528467,73.746524,Rain,Fatal,Car,Unknown,0,Citizen
A305203,2021-01-04,19:26,Mumbai,9.381362,76.98266,Clear,Minor,Car,Bad Road,1,Police
A305204,2023-05-30,10:51,Kolkata,23.698638,73.437879,Clear,Fatal,Motorcycle,Bad Road,0,Police
A305205,2022-03-28,10:18,Bengaluru,16.968656,74.092231,Clear,Minor,Truck,Mechanical Failure,0,Police
A305206,2022-06-05,16:49,Hyderabad,8.011562,75.54575,Fog,Minor,Motorcycle,Unknown,1,Police
A305207,2021-08-22,09:18,Pune,15.839593,76.259378,Hazy,Minor,Car,Bad Road,1,Police
A305208,2022-12-04,10:16,Pune,23.604182,77.563545,Clear,Minor,Bus,Drunk Driving,0,Citizen
A305209,2023-04-13,02:41,,24.127437,76.163588,Storm,Minor,Bus,Bad Road,1,Police
A305210,2022-11-03,21:32,Hyderabad,23.870021,69.2754,Storm,Moderate,Car,Mechanical Failure,0,Police
A305211,2025-06-24,22:56,Surat,10.595169,70.546384,Rain,Moderate,Bus,Mechanical Failure,0,Police
A305212,2021-02-01,08:12,Mumbai,26.829691,68.783537,Clear,Severe,Motorcycle,Unknown,0,Police
A305213,2023-10-06,05:10,Lucknow,10.625346,70.221213,Storm,Minor,Bus,Weather,0,Citizen
A305214,2022-11-15,12:05,Bengaluru,20.811744,71.452914,Rain,Moderate,Car,Distracted,1,Citizen
A305215,2024-09-16,13:45,Jaipur,21.318175,77.300453,Hazy,Minor,Truck,Bad Road,0,Citizen
A305216,2024-01-06,02:25,Kolkata,15.307634,73.646889,Clear,Minor,Car,Mechanical Failure,0,Citizen
A305217,2025-06-02,21:36,Kolkata,13.261142,74.442188,Fog,Minor,Truck,Weather,1,Police
A305218,2021-08-10,17:10,Kolkata,8.502612,77.474894,Rain,Severe,Bus,Drunk Driving,0,Police
A305219,2024-12-04,06:46,Jaipur,16.466375,73.069243,Storm,Minor,Bus,Weather,0,Police
A305220,2023-09-22,15:22,Surat,26.170901,72.03261,Rain,Moderate,Motorcycle,Distracted,0,Police
A305221,2024-02-05,08:03,Hyderabad,27.382069,73.589723,Hazy,Moderate,Truck,Drunk Driving,0,Citizen
A305222,2021-10-05,09:31,Kolkata,26.798699,71.124001,Rain,Moderate,Motorcycle,Unknown,0,Hospital
A305223,2023-09-21,02:12,Kolkata,14.217006,68.669612,Clear,Moderate,Truck,Mechanical Failure,0,Police
A305224,2022-06-16,17:00,Pune,20.122638,72.009023,Clear,Fatal,Car,Unknown,0,Citizen
A305225,2023-07-31,13:40,Hyderabad,13.76496,74.45292,Rain,Moderate,Car,Weather,0,Citizen
A305226,2021-02-04,18:27,Surat,11.643412,75.45727,Clear,Minor,Motorcycle,Drunk Driving,0,Police
A305227,2023-01-09,10:05,Jaipur,12.39985,68.164834,Rain,Severe,Motorcycle,Drunk Driving,0,Citizen
A305228,2025-05-12,00:39,Jaipur,10.48557,71.471006,Rain,Minor,Car,Speeding,0,Citizen
A305229,2023-11-21,14:38,Jaipur,24.459637,74.68703,Rain,Minor,Car,Unknown,0,Police
A305230,2024-06-25,21:20,Kolkata,19.755217,73.266898,Clear,Moderate,Bus,Bad Road,0,Police
A305231,2024-04-24,13:54,,22.00644,72.574087,Fog,Moderate,Motorcycle,Drunk Driving,1,Police
A305232,2024-08-15,21:46,Surat,15.429456,77.187251,Clear,Moderate,Car,Speeding,0,Hospital
A305233,2023-05-07,04:39,Mumbai,20.163003,76.541677,Clear,Minor,Motorcycle,Unknown,1,Police
A305234,2022-11-27,16:42,Delhi,25.650205,68.363571,Rain,Moderate,Motorcycle,Unknown,0,Citizen
A305235,2024-04-11,06:20,Delhi,9.417165,73.586217,Fog,Minor,Bicycle,Bad Road,0,Police
A305236,2024-07-25,06:51,Mumbai,11.411909,73.273733,Clear,Minor,Car,Speeding,2,Hospital
A305237,2025-07-03,02:37,Bengaluru,11.07075,77.476566,Rain,Minor,Bus,Mechanical Failure,0,Police
A305238,2024-01-08,06:31,Delhi,22.428346,71.475316,Snow (rare),Moderate,Bus,Weather,1,Police
A305239,2022-11-05,20:38,Bengaluru,10.663013,68.218548,Rain,Minor,Car,Unknown,0,Police
A305240,2025-02-22,19:38,Jaipur,8.531296,71.525195,Clear,Moderate,Motorcycle,Mechanical Failure,1,Hospital
A305241,2025-08-23,15:57,Bengaluru,16.408315,72.476808,Fog,Minor,Car,Distracted,1,Insurance
A305242,2025-04-10,04:42,Chennai,20.807838,70.862672,Clear,Minor,Car,Distracted,0,Hospital
A305243,2021-11-29,04:20,Bengaluru,22.612761,77.625803,Rain,Moderate,Pedestrian,Speeding,1,Citizen
A305244,2021-09-25,21:58,Surat,9.729529,72.358751,Rain,Minor,Car,Drunk Driving,0,Police
A305245,2022-08-30,18:41,Surat,23.94263,73.713007,Clear,Minor,Bus,Unknown,0,Police
A305246,2023-02-23,00:02,Pune,17.928265,75.543523,Clear,Minor,Car,Speeding,1,Police
A305247,2021-07-11,15:20,Mumbai,11.552083,76.135842,Rain,Severe,Car,Distracted,0,Insurance
A305248,2021-11-20,21:39,Surat,17.689518,74.610556,Clear,Minor,Car,Speeding,0,Citizen
A305249,2021-02-17,18:14,Hyderabad,22.584366,72.193713,Clear,Minor,Truck,Distracted,2,Citizen
A305250,2025-06-17,22:44,Kolkata,21.863219,74.564964,Clear,Minor,Bicycle,Bad Road,0,Hospital
A305251,2025-06-05,16:35,Kolkata,24.399051,68.618731,Clear,Moderate,Motorcycle,Mechanical Failure,1,Police
A305252,2024-10-15,19:21,Kolkata,9.871973,75.508775,Clear,Severe,Car,Bad Road,1,Police
A305253,2025-02-18,14:09,Hyderabad,25.305785,71.269623,Clear,Severe,Bicycle,Speeding,0,Citizen
A305254,2021-09-06,00:37,Surat,20.153098,76.748827,Rain,Moderate,Truck,Weather,1,Police
A305255,2025-02-04,08:54,Pune,16.330269,74.122664,Rain,Moderate,Motorcycle,Unknown,0,Police
A305256,2024-07-16,19:22,Bengaluru,25.698508,75.250048,Rain,Severe,Motorcycle,Mechanical Failure,2,Police
A305257,2024-08-25,13:29,Kolkata,25.831895,70.640939,Clear,Minor,Car,Unknown,0,Citizen
A305258,2022-11-16,19:51,Chennai,16.312591,72.336345,Rain,Minor,Car,Drunk Driving,0,Police
A305259,2024-07-12,20:19,Bengaluru,15.164603,68.550196,Clear,Minor,Car,Drunk Driving,0,Police
A305260,2023-03-26,16:27,Chennai,24.953322,73.397149,Clear,Fatal,Bicycle,Bad Road,1,Police
A305261,2022-06-24,07:41,Surat,25.121233,69.927381,Hazy,Moderate,Car,Speeding,0,Police
A305262,2023-12-03,03:19,Lucknow,27.002578,76.276781,Clear,Minor,Car,Weather,1,Citizen
A305263,2022-02-02,10:28,Surat,8.314993,68.798478,Fog,Minor,Bus,Speeding,1,Citizen
A305264,2021-03-21,02:29,Surat,8.731777,72.836468,Rain,Moderate,Car,Bad Road,0,Police
A305265,2025-06-06,01:34,Lucknow,15.519347,69.339808,Clear,Moderate,Bicycle,Mechanical Failure,0,Police
A305266,2021-10-09,10:24,Bengaluru,22.060974,75.188793,Clear,Moderate,Bus,Unknown,0,Police
A305267,2024-12-12,14:24,Jaipur,14.92464,69.975788,Hazy,Minor,Truck,Bad Road,0,Police
A305268,2024-05-25,17:33,Jaipur,9.972462,73.989643,Clear,Minor,Car,Drunk Driving,0,Police
A305269,2022-06-28,04:12,Lucknow,8.462573,70.977119,Clear,Minor,Car,Bad Road,0,Citizen
A305270,2021-11-12,15:37,Mumbai,10.073114,68.488134,Rain,Minor,Car,Distracted,0,Hospital
A305271,2021-02-19,10:24,Delhi,28.056273,72.609459,Rain,Fatal,Bus,Weather,0,Police
A305272,2021-07-28,18:44,Jaipur,15.163032,74.777118,Clear,Minor,Bicycle,Speeding,1,Police
A305273,2021-02-18,01:20,Hyderabad,20.579649,75.172218,Fog,Moderate,Car,Weather,0,Citizen
A305274,2025-03-12,00:13,Kolkata,20.973987,73.602729,Clear,Minor,Truck,Bad Road,1,Hospital
A305275,2023-07-05,04:13,Hyderabad,25.986896,73.505889,Clear,Severe,Truck,Distracted,0,Police
A305276,2021-07-09,06:23,Mumbai,13.10674,69.309606,Clear,Minor,Car,Bad Road,0,Police
A305277,2021-04-10,10:27,Hyderabad,14.868408,68.587988,Hazy,Moderate,Truck,Speeding,0,Police
A305278,2022-08-17,08:50,Kolkata,27.455106,75.008686,Clear,Minor,Motorcycle,Mechanical Failure,1,Police
A305279,2023-02-03,04:04,Hyderabad,23.157872,70.361649,Clear,Minor,Car,Distracted,0,Police
A305280,2024-05-23,03:49,Mumbai,23.545178,74.334709,Clear,Severe,Bus,Speeding,0,Citizen
A305281,2025-05-25,10:00,Jaipur,8.070613,68.967629,Clear,Severe,Motorcycle,Distracted,0,Citizen
A305282,2022-03-03,10:26,Hyderabad,28.17271,72.865139,Clear,Moderate,Car,Speeding,1,Police
A305283,2022-12-02,21:48,Lucknow,26.485849,73.730325,Clear,Minor,Bus,Distracted,0,Citizen
A305284,2025-07-26,13:51,Delhi,12.035265,69.126471,Fog,Minor,Car,Weather,1,Police
A305285,2021-03-29,16:28,Bengaluru,13.81859,68.425871,Clear,Minor,Motorcycle,Drunk Driving,0,Police
A305286,2025-07-08,03:04,Chennai,9.673214,74.808841,Rain,Minor,Car,Bad Road,0,Citizen
A305287,2022-05-25,11:36,Mumbai,26.328095,74.680049,Clear,Minor,Pedestrian,Bad Road,2,Police
A305288,2024-08-26,08:46,Hyderabad,9.705082,69.985836,Rain,Minor,Bus,Drunk Driving,0,Police
A305289,2021-03-03,20:49,Surat,20.505256,73.378566,Clear,Minor,Motorcycle,Unknown,1,Police
A305290,2023-04-25,16:36,Surat,8.272885,74.423209,Clear,Moderate,Car,Speeding,0,Citizen
A305291,2023-05-16,15:46,Chennai,20.764941,75.408256,Fog,Minor,Car,Mechanical Failure,1,Police
A305292,2022-04-23,10:28,Mumbai,26.38343,71.821071,Hazy,Minor,Motorcycle,Drunk Driving,0,Hospital
A305293,2022-02-08,22:12,,20.182903,68.775333,Storm,Minor,Pedestrian,Weather,0,Citizen
A305294,2021-10-28,09:36,Kolkata,17.075831,70.074458,Rain,Severe,Motorcycle,Drunk Driving,0,Police
A305295,2023-09-10,20:50,Lucknow,22.013806,73.332402,Rain,Severe,Car,Drunk Driving,0,Police
A305296,2023-01-01,13:19,Mumbai,15.702511,73.249301,Rain,Severe,Motorcycle,Mechanical Failure,0,Police
A305297,2025-09-02,08:57,Surat,14.07988,73.384393,Rain,Minor,Bus,Mechanical Failure,0,Police
A305298,2023-09-17,10:01,Kolkata,12.080125,68.610191,Rain,Minor,Car,Distracted,0,Hospital
A305299,2021-07-07,18:23,Lucknow,11.338884,69.268077,Hazy,Moderate,Motorcycle,Mechanical Failure,1,Hospital
A305300,2024-06-12,19:02,Surat,19.880764,68.264158,Clear,Severe,Car,Mechanical Failure,0,Police
A305301,2025-03-02,18:36,Lucknow,26.49572,72.126867,Clear,Moderate,Motorcycle,Drunk Driving,0,Citizen
A305302,2021-10-07,01:23,Bengaluru,11.770077,70.863286,Hazy,Moderate,Motorcycle,Bad Road,0,Police
A305303,2022-07-16,21:15,Pune,8.27251,73.676988,Clear,Minor,Bus,Bad Road,0,Police
A305304,2024-11-28,07:07,Pune,17.339725,74.857005,Clear,Moderate,Motorcycle,Weather,0,Police
A305305,2022-01-20,06:29,Mumbai,14.507792,76.756574,Rain,Minor,Motorcycle,Speeding,0,Police
A305306,2025-02-12,08:26,Pune,28.63111,69.196606,Fog,Minor,Motorcycle,Weather,0,Police
A305307,2025-07-06,07:18,Hyderabad,14.811343,73.289589,Clear,Fatal,Truck,Drunk Driving,0,Police
A305308,2024-09-20,17:02,Surat,25.331672,69.26292,Clear,Moderate,Bus,Unknown,2,Police
A305309,2022-09-09,06:29,Delhi,8.10442,70.646077,Rain,Minor,Car,Speeding,0,Police
A305310,2024-08-10,03:26,Surat,8.432258,69.262671,Clear,Moderate,Motorcycle,Bad Road,0,Police
A305311,2021-09-03,03:29,Kolkata,27.624501,74.051992,Snow (rare),Severe,Truck,Mechanical Failure,0,Hospital
A305312,2021-09-08,09:39,Lucknow,18.858936,72.699859,Clear,Minor,Motorcycle,Drunk Driving,0,Citizen
A305313,2021-01-14,01:45,Hyderabad,26.50572,71.297639,Clear,Minor,Bus,Speeding,0,Citizen
A305314,2023-07-07,10:58,Mumbai,12.889798,76.870608,Rain,Moderate,Pedestrian,Drunk Driving,0,Citizen
A305315,2025-03-16,18:03,Jaipur,21.393195,72.492531,Rain,Fatal,Car,Bad Road,0,Police
A305316,2021-02-11,08:06,Pune,15.784479,71.019441,Clear,Minor,Car,Drunk Driving,0,Citizen
A305317,2024-09-28,11:15,Chennai,10.169751,77.108185,Fog,Moderate,Motorcycle,Distracted,1,Police
A305318,2023-04-11,06:28,Pune,22.339828,76.897374,Fog,Moderate,Motorcycle,Speeding,1,Police
A305319,2024-03-08,07:49,Kolkata,27.756227,70.362973,Clear,Minor,Motorcycle,Drunk Driving,0,Police
A305320,2024-07-02,11:26,,9.429049,69.710767,Clear,Minor,Car,Weather,0,Police
A305321,2021-10-28,07:13,Jaipur,28.660867,75.848471,Rain,Moderate,Truck,Weather,0,Police
A305322,2021-10-20,07:22,Bengaluru,16.51262,69.154964,Clear,Severe,Car,Mechanical Failure,0,Citizen
A305323,2025-08-16,05:16,Hyderabad,8.113965,77.611024,Fog,Moderate,Car,Speeding,0,Police
A305324,2024-12-05,09:32,Kolkata,13.486988,76.052659,Storm,Minor,Motorcycle,Bad Road,0,Citizen
A305325,2025-03-20,07:19,Pune,13.715928,76.819996,Clear,Moderate,Car,Bad Road,1,Citizen
A305326,2022-10-17,01:40,Lucknow,13.560195,71.202937,Storm,Moderate,Truck,Mechanical Failure,0,Police
A305327,2024-05-18,17:49,Surat,14.289941,70.353383,Rain,Minor,Car,Speeding,0,Hospital
A305328,2021-09-01,01:56,Pune,25.342735,77.583805,Rain,Minor,Motorcycle,Unknown,0,Citizen
A305329,2023-02-11,10:44,Mumbai,19.000809,70.056159,Clear,Minor,Motorcycle,Distracted,1,Citizen
A305330,2024-06-17,04:46,Delhi,17.317277,75.500182,Fog,Minor,Car,Mechanical Failure,0,Citizen
A305331,2024-11-17,14:57,Mumbai,12.240536,74.188342,Clear,Fatal,Motorcycle,Mechanical Failure,0,Citizen
A305332,2024-12-12,09:49,Lucknow,11.590845,68.434531,Clear,Severe,Car,Bad Road,0,Police
A305333,2024-10-13,07:15,Pune,18.126124,71.07382,Clear,Minor,Car,Unknown,0,Citizen
A305334,2021-12-30,12:45,Mumbai,19.805742,70.453818,Clear,Moderate,Motorcycle,Drunk Driving,1,Police
A305335,2022-09-19,17:15,Kolkata,11.515524,68.302066,Clear,Minor,Bus,Bad Road,0,Hospital
A305336,2023-02-04,03:41,Jaipur,18.94109,70.675639,Clear,Minor,Motorcycle,Distracted,0,Police
A305337,2021-06-14,05:00,Lucknow,12.555292,73.121705,Clear,Minor,Bus,Bad Road,0,Police
A305338,2021-11-03,12:35,Mumbai,18.280684,68.373432,Fog,Severe,Motorcycle,Distracted,0,Police
A305339,2025-02-24,16:50,Bengaluru,11.35952,76.463588,Snow (rare),Moderate,Bicycle,Mechanical Failure,0,Citizen
A305340,2022-08-24,06:08,Mumbai,16.625292,70.074892,Clear,Moderate,Car,Drunk Driving,0,Police
A305341,2023-09-14,22:39,Hyderabad,13.786566,71.028674,Rain,Minor,Car,Bad Road,2,Insurance
A305342,2021-01-06,16:15,Chennai,23.968331,68.203365,Rain,Severe,Truck,Unknown,0,Citizen
A305343,2024-07-29,13:39,,8.773447,73.713113,Hazy,Moderate,Truck,Distracted,0,Police
A305344,2025-08-29,09:49,Lucknow,19.317206,68.639714,Storm,Minor,Motorcycle,Speeding,0,Citizen
A305345,2024-06-15,09:31,Bengaluru,14.104911,70.137302,Rain,Minor,Motorcycle,Weather,0,Citizen
A305346,2021-05-18,03:44,Bengaluru,23.647073,70.917119,Clear,Minor,Truck,Mechanical Failure,0,Police
A305347,2022-11-24,22:03,Kolkata,18.163664,69.838545,Rain,Minor,Motorcycle,Speeding,1,Police
A305348,2022-09-02,11:16,Delhi,13.039494,76.13896,Hazy,Minor,Motorcycle,Distracted,0,Police
A305349,2023-09-04,19:39,Hyderabad,22.702044,69.918264,Clear,Severe,Truck,Bad Road,1,Hospital
A305350,2023-06-05,21:25,Mumbai,28.393685,73.966328,Rain,Minor,Car,Distracted,0,Citizen
A305351,2023-11-17,09:55,Pune,16.814504,75.606522,Clear,Severe,Car,Weather,0,Police
A305352,2021-01-12,03:37,Jaipur,27.598153,75.963018,Clear,Minor,Motorcycle,Speeding,0,Police
A305353,2024-07-26,01:01,Surat,16.251819,72.19313,Clear,Minor,Motorcycle,Mechanical Failure,0,Citizen
A305354,2023-11-30,18:33,Mumbai,14.968856,73.616965,Fog,Minor,Bus,Unknown,1,Police
A305355,2024-08-11,07:10,Hyderabad,12.856361,75.046176,Rain,Minor,Motorcycle,Drunk Driving,0,Citizen
A305356,2022-09-29,13:00,Kolkata,18.490403,68.018476,Clear,Minor,Car,Bad Road,0,Police
A305357,2022-04-21,18:28,Lucknow,13.215978,69.153478,Fog,Minor,Car,Speeding,0,Citizen
A305358,2025-03-05,04:07,Surat,19.632509,75.644225,Clear,Minor,Motorcycle,Drunk Driving,0,Police
A305359,2023-06-20,21:05,Pune,27.200257,69.511919,Rain,Minor,Car,Distracted,0,Police
A305360,2024-01-10,17:58,Delhi,27.760946,69.584865,Clear,Minor,Motorcycle,Weather,0,Police
A305361,2021-06-07,16:52,Hyderabad,15.061984,71.498676,Rain,Moderate,Motorcycle,Speeding,1,Police
A305362,2025-08-30,09:40,Surat,28.646912,74.027959,Clear,Minor,Car,Unknown,0,Citizen
A305363,2023-12-26,08:29,Delhi,14.936559,76.707345,Clear,Minor,Car,Speeding,1,Hospital
A305364,2022-06-07,21:50,Bengaluru,27.44792,69.118552,Clear,Moderate,Bus,Drunk Driving,0,Police
A305365,2024-08-09,16:53,Pune,10.751394,74.123309,Rain,Minor,Bicycle,Weather,0,Police
A305366,2021-03-26,07:01,Pune,23.329419,69.150503,Rain,Moderate,Bus,Unknown,0,Police
A305367,2025-06-16,15:14,Kolkata,13.128716,72.695877,Rain,Severe,Motorcycle,Drunk Driving,0,Citizen
A305368,2023-03-16,11:58,Lucknow,8.717926,75.803849,Rain,Minor,Car,Weather,0,Police
A305369,2024-07-02,15:49,Chennai,21.267968,75.935088,Clear,Minor,Car,Weather,0,Police
A305370,2025-04-25,17:10,Surat,8.326757,73.287841,Rain,Moderate,Motorcycle,Distracted,0,Police
A305371,2024-10-25,00:49,Delhi,19.547898,72.314314,Hazy,Minor,Pedestrian,Weather,1,Police
A305372,2023-05-21,20:53,Delhi,20.24263,76.173259,Clear,Minor,Bus,Distracted,0,Police
A305373,2022-08-23,18:39,Hyderabad,13.548551,73.182877,Clear,Moderate,Bus,Distracted,0,Police
A305374,2023-08-01,10:30,Delhi,16.056084,77.146815,Clear,Minor,Bus,Unknown,0,Citizen
A305375,2025-07-15,01:48,Mumbai,18.955553,74.537519,Rain,Minor,Car,Drunk Driving,0,Police
A305376,2022-03-12,19:57,Lucknow,21.721186,72.848665,Rain,Minor,Car,Distracted,1,Police
A305377,2023-01-04,22:18,Jaipur,17.112596,73.789971,Clear,Minor,Car,Bad Road,0,Citizen
A305378,2023-09-14,18:46,Hyderabad,28.56213,70.502527,Clear,Moderate,Motorcycle,Speeding,0,Police
A305379,2022-10-16,15:35,Kolkata,14.635574,75.067846,Clear,Severe,Motorcycle,Bad Road,0,Insurance
A305380,2022-01-19,05:14,Lucknow,9.084275,75.581519,Clear,Minor,Bicycle,Distracted,0,Police
A305381,2022-05-29,00:02,Lucknow,13.414931,71.168379,Rain,Minor,Car,Bad Road,0,Police
A305382,2023-10-17,14:27,Jaipur,11.526976,74.766231,Hazy,Minor,Car,Unknown,0,Police
A305383,2021-11-20,16:41,Delhi,26.250626,68.186992,Clear,Minor,Bus,Drunk Driving,0,Police
A305384,2022-02-13,11:09,Bengaluru,27.414346,75.580207,Hazy,Minor,Motorcycle,Bad Road,0,Police
A305385,2025-04-27,09:31,Hyderabad,17.291673,73.365667,Clear,Minor,Bus,Mechanical Failure,0,Citizen
A305386,2023-04-01,17:07,Kolkata,11.677616,70.653877,Rain,Severe,Bus,Unknown,1,Hospital
A305387,2022-11-22,07:39,Chennai,18.309738,75.48664,Clear,Minor,Bus,Bad Road,0,Police
A305388,2021-06-25,04:41,Jaipur,8.007612,75.53511,Clear,Minor,Truck,Distracted,1,Police
A305389,2025-02-27,17:54,Surat,11.659951,68.540914,Storm,Minor,Car,Mechanical Failure,0,Citizen
A305390,2022-01-18,06:16,Mumbai,21.923548,76.517358,Fog,Moderate,Car,Mechanical Failure,0,Hospital
A305391,2021-07-15,15:01,Delhi,24.041175,73.806008,Hazy,Minor,Car,Unknown,0,Hospital
A305392,2022-08-28,06:22,Kolkata,10.024049,75.435577,Clear,Minor,Motorcycle,Bad Road,0,Police
A305393,2024-06-21,07:22,Lucknow,24.774171,76.117636,Clear,Minor,Pedestrian,Distracted,1,Police
A305394,2024-09-29,06:08,Delhi,19.632652,73.18685,Rain,Moderate,Truck,Drunk Driving,0,Police
A305395,2024-05-24,12:18,Delhi,19.306845,73.241803,Rain,Minor,Bus,Speeding,0,Police
A305396,2023-04-22,14:55,Surat,15.893604,72.210696,Clear,Moderate,Motorcycle,Unknown,0,Police
A305397,2022-12-12,18:26,Chennai,19.168392,70.732153,Clear,Moderate,Car,Mechanical Failure,0,Police
A305398,2022-04-19,16:41,Mumbai,22.307616,69.567501,Clear,Moderate,Bus,Bad Road,1,Police
A305399,2022-02-08,19:06,Bengaluru,12.387993,71.302107,Clear,Minor,Car,Bad Road,0,Police
A305400,2021-03-03,01:10,Kolkata,24.148933,69.568981,Rain,Moderate,Truck,Weather,0,Insurance
A305401,2022-11-06,13:53,Kolkata,15.242938,73.836256,Clear,Fatal,Car,Mechanical Failure,0,Citizen
A305402,2023-02-11,07:30,Kolkata,19.182739,69.132618,Clear,Moderate,Motorcycle,Weather,0,Police
A305403,2022-08-20,10:03,Kolkata,28.45927,71.334537,Clear,Minor,Car,Drunk Driving,0,Police
A305404,2023-05-01,09:02,Surat,15.474387,76.553523,Clear,Minor,Motorcycle,Distracted,0,Police
A305405,2023-09-08,04:40,Delhi,27.841169,71.172236,Fog,Minor,Motorcycle,Weather,0,Police
A305406,2022-02-10,02:02,Hyderabad,8.269019,70.731592,Clear,Minor,Car,Weather,0,Police
A305407,2023-05-20,07:24,Kolkata,11.842045,72.215384,Fog,Minor,Bus,Distracted,1,Citizen
A305408,2022-11-08,17:09,Chennai,25.351997,77.47475,Storm,Minor,Bus,Distracted,1,Hospital
A305409,2022-09-11,09:32,Hyderabad,8.728922,69.751156,Clear,Minor,Truck,Mechanical Failure,0,Police
A305410,2021-11-12,13:49,Lucknow,28.198457,69.017936,Hazy,Fatal,Car,Bad Road,0,Police
A305411,2021-02-01,16:07,Bengaluru,8.759977,68.418287,Clear,None,Car,Unknown,0,Citizen
A305412,2022-08-18,08:18,Lucknow,23.36379,71.918614,Fog,Minor,Car,Speeding,0,Police
A305413,2023-10-24,06:32,Delhi,23.412012,70.616495,Clear,Minor,Car,Drunk Driving,0,Police
A305414,2025-04-15,01:13,Hyderabad,27.725255,75.289183,Hazy,Minor,Car,Mechanical Failure,0,Police
A305415,2021-05-21,09:19,Kolkata,11.023481,71.41624,Rain,Minor,Pedestrian,Unknown,1,Police
A305416,2021-01-06,18:52,Surat,15.135678,77.239514,Rain,Moderate,Car,Speeding,0,Hospital
A305417,2021-10-23,05:15,Bengaluru,10.941197,72.703556,Rain,Moderate,Car,Weather,0,Police
A305418,2022-03-07,11:28,Chennai,22.837827,71.014838,Clear,Severe,Car,Weather,0,Police
A305419,2024-09-04,19:14,Hyderabad,26.775371,77.10474,Rain,Minor,Truck,Distracted,1,Citizen
A305420,2023-09-15,15:52,Mumbai,25.685084,71.05449,Rain,Minor,Car,Mechanical Failure,0,Police
A305421,2024-03-21,08:58,Delhi,22.97915,72.007673,Clear,Minor,Motorcycle,Unknown,0,Police
A305422,2022-09-06,20:20,Delhi,28.654162,76.936613,Hazy,Moderate,Car,Weather,1,Police
A305423,2025-06-08,07:07,Jaipur,15.584425,70.674189,Clear,Moderate,Car,Drunk Driving,0,Police
A305424,2024-09-29,12:15,Kolkata,14.307703,70.013805,Clear,Severe,Pedestrian,Distracted,0,Citizen
A305425,2025-04-20,07:15,Jaipur,15.536802,76.152877,Clear,Minor,Motorcycle,Mechanical Failure,0,Police
A305426,2021-04-25,14:23,Kolkata,14.484499,69.019651,Clear,Minor,Bus,Mechanical Failure,1,Police
A305427,2024-01-06,18:26,Kolkata,20.163462,75.171821,Clear,Moderate,Truck,Distracted,1,Police
A305428,2024-12-26,21:47,Chennai,23.938919,76.972651,Rain,Moderate,Car,Speeding,2,Citizen
A305429,2025-09-05,21:22,,16.197839,68.835234,Clear,Minor,Car,Unknown,0,Police
A305430,2025-02-08,11:01,Delhi,22.848099,73.421613,Clear,Severe,Motorcycle,Drunk Driving,0,Insurance
A305431,2021-02-13,14:55,Hyderabad,14.208262,72.594198,Clear,Minor,Car,Unknown,1,Police
A305432,2021-08-10,01:55,Pune,26.219649,71.779132,Hazy,Moderate,Motorcycle,Weather,1,Hospital
A305433,2023-10-10,02:46,Lucknow,14.216494,69.702492,Fog,Minor,Car,Weather,0,Citizen
A305434,2023-11-09,20:21,Chennai,18.78239,75.082001,Clear,Minor,Truck,Distracted,0,Police
A305435,2024-01-25,01:16,,24.988319,70.233549,Clear,Minor,Truck,Drunk Driving,0,Police
A305436,2024-05-21,03:33,Pune,10.735169,73.968814,Fog,Moderate,Motorcycle,Drunk Driving,0,Insurance
A305437,2021-12-17,04:58,Hyderabad,21.583683,70.470307,Rain,Moderate,Bus,Mechanical Failure,0,Police
A305438,2025-08-10,14:15,Hyderabad,17.528461,69.384456,Hazy,Minor,Car,Mechanical Failure,0,Citizen
A305439,2023-11-07,20:50,Pune,24.085571,74.15324,Clear,Moderate,Car,Unknown,0,Police
A305440,2023-04-28,11:00,Chennai,20.569242,73.325001,Clear,Minor,Pedestrian,Unknown,1,Hospital
A305441,2021-09-20,17:50,Lucknow,15.442608,73.283705,Rain,Moderate,Car,Speeding,0,Citizen
A305442,2023-03-26,13:00,Bengaluru,21.284795,68.592987,Rain,Minor,Car,Distracted,0,Police
A305443,2025-06-12,08:12,Chennai,23.773304,70.785271,Clear,Minor,Motorcycle,Distracted,0,Police
A305444,2023-10-31,02:21,Jaipur,10.691465,72.301328,Rain,Minor,Motorcycle,Speeding,0,Police
A305445,2024-12-15,12:04,Surat,12.91338,71.290832,Clear,Minor,Bicycle,Drunk Driving,1,Police
A305446,2021-06-10,22:12,Chennai,21.609321,68.903057,Clear,Minor,Truck,Unknown,0,Citizen
A305447,2024-12-16,17:12,Chennai,25.87937,75.221663,Hazy,Minor,Car,Unknown,0,Police
A305448,2023-01-21,20:26,Mumbai,23.209108,75.123376,Rain,Minor,Motorcycle,Speeding,0,Police
A305449,2021-12-19,14:16,Kolkata,22.594132,69.034101,Rain,Moderate,Motorcycle,Weather,0,Citizen
A305450,2021-06-30,04:34,Jaipur,14.145904,73.189838,Hazy,Minor,Truck,Mechanical Failure,1,Police
A305451,2022-09-11,11:55,Lucknow,18.745953,75.630386,Clear,Minor,Car,Speeding,0,Police
A305452,2023-02-17,01:27,Pune,17.616617,68.601008,Storm,Minor,Truck,Weather,2,Citizen
A305453,2023-02-05,15:32,Surat,22.061046,70.644743,Clear,Minor,Car,Bad Road,0,Police
A305454,2025-05-04,11:55,Delhi,14.010941,69.201258,Rain,Minor,Motorcycle,Speeding,0,Police
A305455,2022-10-15,02:27,Pune,15.086801,69.176778,Clear,Severe,Bus,Weather,0,Police
A305456,2021-07-17,16:44,Mumbai,15.364246,69.186786,Rain,Moderate,Car,Weather,0,Police
A305457,2021-01-23,16:01,Surat,12.292138,75.158308,Rain,Fatal,Motorcycle,Distracted,0,Police
A305458,2022-11-15,20:42,Jaipur,14.135429,75.968959,Clear,Moderate,Motorcycle,Mechanical Failure,1,Citizen
A305459,2022-06-03,21:13,Delhi,26.103957,72.580649,Clear,Minor,Bus,Unknown,0,Police
A305460,2022-07-04,12:12,Jaipur,10.125665,71.08882,Clear,Minor,Car,Drunk Driving,1,Police
A305461,2023-09-11,21:05,Lucknow,21.478128,72.369282,Rain,Minor,Motorcycle,Bad Road,0,Police
A305462,2021-02-18,14:28,Pune,10.58031,74.277367,Clear,Minor,Car,Distracted,0,Police
A305463,2021-06-04,22:22,Bengaluru,28.01907,74.234831,Clear,Minor,Motorcycle,Speeding,1,Police
A305464,2024-10-25,09:46,Lucknow,12.659109,77.108417,Rain,Minor,Bus,Mechanical Failure,1,Police
A305465,2022-05-22,05:50,Jaipur,20.434819,69.935752,Clear,Minor,Car,Mechanical Failure,0,Police
A305466,2021-07-10,18:48,Mumbai,19.344241,71.745644,Clear,Moderate,Bus,Bad Road,0,Hospital
A305467,2022-01-26,21:02,Hyderabad,27.044439,72.431255,Clear,Severe,Motorcycle,Unknown,0,Hospital
A305468,2022-09-12,01:20,Jaipur,20.295487,68.944392,Clear,Severe,Truck,Weather,1,Police
A305469,2022-05-13,03:39,Chennai,20.849589,70.958053,Clear,Moderate,Motorcycle,Bad Road,1,Police
A305470,2023-01-11,02:31,Lucknow,11.148502,69.490218,Clear,Minor,Car,Drunk Driving,0,Citizen
A305471,2023-10-24,18:39,Mumbai,13.746145,75.06748,Rain,Moderate,Car,Speeding,0,Police
A305472,2023-08-24,10:33,Lucknow,8.270515,70.986113,Rain,Fatal,Car,Speeding,0,Police
A305473,2022-12-12,03:40,Delhi,28.357869,75.010266,Clear,Moderate,Truck,Speeding,1,Police
A305474,2025-06-09,08:21,Chennai,11.593541,71.018804,Clear,Minor,Bus,Speeding,0,Citizen
A305475,2022-08-31,08:21,Bengaluru,16.788649,69.406415,Clear,Moderate,Truck,Mechanical Failure,0,Police
A305476,2024-09-27,12:20,Chennai,8.101692,75.347487,Clear,Minor,Car,Mechanical Failure,0,Hospital
A305477,2022-05-27,14:16,Kolkata,15.822587,70.238205,Snow (rare),Moderate,Truck,Drunk Driving,0,Police
A305478,2025-03-11,19:56,Delhi,20.764259,77.185685,Clear,Severe,Bus,Drunk Driving,0,Police
A305479,2021-12-24,15:58,Chennai,28.209311,70.845026,Rain,Severe,Pedestrian,Distracted,0,Citizen
A305480,2021-11-25,15:39,Hyderabad,25.882971,75.894651,Clear,Minor,Bicycle,Weather,0,Police
A305481,2022-12-08,18:12,Surat,23.270294,72.157191,Clear,Moderate,Bus,Drunk Driving,1,Police
A305482,2025-08-03,22:46,Hyderabad,23.149947,72.643326,Fog,Minor,Bus,Mechanical Failure,1,Citizen
A305483,2024-12-04,02:03,Delhi,16.664222,70.433921,Clear,Moderate,Bicycle,Drunk Driving,0,Police
A305484,2024-07-13,05:18,Bengaluru,15.031773,77.448463,Clear,Moderate,Bicycle,Mechanical Failure,0,Police
A305485,2025-08-15,02:03,Lucknow,23.001124,75.245601,Fog,Moderate,Motorcycle,Drunk Driving,1,Police
A305486,2022-01-16,21:02,Delhi,28.442902,72.850847,Rain,Moderate,Motorcycle,Drunk Driving,0,Citizen
A305487,2023-09-24,03:57,Mumbai,16.738029,68.298778,Clear,Moderate,Motorcycle,Speeding,0,Citizen
A305488,2021-10-15,20:08,Mumbai,22.598013,74.595385,Clear,Minor,Car,Speeding,0,Police
A305489,2025-09-30,16:14,Kolkata,26.402221,77.614878,Clear,Severe,Car,Mechanical Failure,0,Police
A305490,2022-10-13,15:33,Delhi,28.67489,76.7814,Rain,Moderate,Motorcycle,Mechanical Failure,0,Insurance
A305491,2022-02-26,19:05,Mumbai,19.528928,73.980165,Clear,Minor,Car,Unknown,0,Police
A305492,2021-05-14,10:17,Hyderabad,25.75977,68.859068,Clear,Moderate,Motorcycle,Mechanical Failure,1,Citizen
A305493,2021-05-17,15:14,Bengaluru,16.226394,69.832252,Rain,Fatal,Truck,Bad Road,0,Citizen
A305494,2023-12-01,13:06,Delhi,28.486966,72.243887,Rain,Minor,Motorcycle,Drunk Driving,0,Hospital
A305495,2022-02-01,01:06,Surat,28.083588,72.922065,Clear,Moderate,Bicycle,Speeding,1,Police
A305496,2024-04-09,00:36,Hyderabad,16.262314,70.183423,Rain,Severe,Motorcycle,Distracted,1,Police
A305497,2021-11-29,05:23,Delhi,20.071568,69.503484,Clear,Minor,Bus,Bad Road,0,Hospital
A305498,2024-05-23,03:20,Surat,8.608954,75.967922,Clear,Minor,Truck,Unknown,0,Police
A305499,2025-03-24,21:48,Surat,11.156702,69.955674,Clear,Minor,Truck,Speeding,2,Police
A305500,2022-12-24,02:08,Mumbai,10.796759,72.696153,Clear,Severe,Bus,Weather,0,Police
A305501,2022-01-02,02:37,Jaipur,25.25357,74.857952,Storm,Minor,Motorcycle,Weather,0,Police
A305502,2022-04-21,02:48,Chennai,11.061712,70.885154,Clear,Minor,Motorcycle,Bad Road,0,Police
A305503,2023-08-22,11:12,Surat,15.357396,74.884459,Rain,Minor,Bus,Weather,0,Police
A305504,2023-01-25,11:53,Kolkata,15.150918,77.042213,Clear,Minor,Car,Distracted,1,Police
A305505,2025-02-26,00:35,Pune,22.597591,68.018417,Clear,Minor,Car,Drunk Driving,1,Police
A305506,2021-05-13,15:33,Jaipur,15.574932,71.688506,Clear,Minor,Motorcycle,Bad Road,1,Police
A305507,2022-07-31,11:06,Kolkata,8.679668,76.265896,Hazy,Minor,Bus,Drunk Driving,1,Police
A305508,2021-08-18,00:56,Chennai,27.448322,72.075286,Fog,Moderate,Pedestrian,Bad Road,0,Police
A305509,2022-05-06,20:18,Chennai,27.187268,72.477721,Rain,Severe,Car,Bad Road,0,Police
A305510,2023-06-21,15:48,Lucknow,12.922635,68.054172,Clear,Minor,Car,Bad Road,0,Citizen
A305511,2024-06-20,01:28,Bengaluru,22.047368,74.276822,Hazy,Minor,Car,Unknown,1,Police
A305512,2023-12-19,18:15,Jaipur,10.580396,69.005308,Clear,Minor,Motorcycle,Weather,0,Citizen
A305513,2021-04-29,20:55,Pune,19.876548,74.331281,Fog,Minor,Motorcycle,Unknown,0,Police
A305514,2022-08-17,19:55,Hyderabad,22.407972,75.419694,Fog,Moderate,Motorcycle,Unknown,0,Citizen
A305515,2022-07-21,00:56,Surat,12.69923,71.656612,Clear,Fatal,Truck,Drunk Driving,0,Police
A305516,2024-04-04,21:42,Lucknow,15.160029,68.320441,Clear,Minor,Motorcycle,Drunk Driving,3,Police
A305517,2024-06-21,00:56,Bengaluru,22.142103,68.940291,Clear,Moderate,Motorcycle,Speeding,1,Citizen
A305518,2025-02-15,20:00,Chennai,13.562922,71.23243,Clear,Minor,Truck,Speeding,1,Police
A305519,2022-01-18,15:19,Jaipur,22.884228,70.094098,Clear,Moderate,Car,Bad Road,1,Police
A305520,2023-02-09,13:33,Chennai,16.525088,68.456424,Storm,Moderate,Car,Weather,0,Police
A305521,2021-02-03,05:26,Delhi,11.612018,73.108116,Storm,Minor,Bus,Distracted,0,Insurance
A305522,2023-07-10,00:18,Lucknow,11.75458,71.631929,Rain,Minor,Motorcycle,Mechanical Failure,1,Citizen
A305523,2021-04-21,12:39,Kolkata,23.775944,74.846136,Rain,Severe,Car,Drunk Driving,0,Police
A305524,2023-06-13,18:19,Delhi,18.378499,75.183884,Clear,Moderate,Bus,Unknown,0,Citizen
A305525,2025-05-07,17:39,Mumbai,23.689848,68.25931,Clear,Minor,Car,Speeding,1,Police
A305526,2023-11-25,08:19,Chennai,25.945316,77.463263,Clear,Severe,Bicycle,Mechanical Failure,0,Police
A305527,2024-09-12,08:48,Mumbai,17.777267,68.56047,Rain,Moderate,Car,Drunk Driving,1,Police
A305528,2021-02-28,00:19,Delhi,17.645176,68.486401,Clear,Minor,Truck,Bad Road,0,Citizen
A305529,2025-03-31,15:14,Jaipur,20.659327,70.869536,Clear,Minor,Car,Unknown,0,Citizen
A305530,2025-04-13,06:43,Delhi,9.944672,73.050995,Storm,Fatal,Bicycle,Mechanical Failure,2,Police
A305531,2025-09-17,01:00,Pune,19.386431,70.579415,Hazy,Minor,Car,Speeding,1,Citizen
A305532,2023-01-01,21:22,Hyderabad,9.697382,76.132787,Clear,Minor,Bus,Bad Road,0,Police
A305533,2024-04-23,06:49,Jaipur,26.691671,74.826024,Rain,Moderate,Car,Weather,0,Police
A305534,2021-12-11,08:22,Chennai,13.327923,72.037499,Clear,Moderate,Car,Unknown,0,Police
A305535,2023-11-17,18:16,Mumbai,27.456073,69.114657,Hazy,Severe,Car,Distracted,0,Police
A305536,2022-09-10,00:02,Mumbai,10.680599,75.638068,Clear,Minor,Bus,Distracted,1,Police
A305537,2024-11-09,06:27,Surat,9.051972,72.887633,Fog,Minor,Bus,Weather,0,Hospital
A305538,2021-01-20,13:28,Kolkata,8.8509,77.569604,Clear,Moderate,Motorcycle,Speeding,0,Police
A305539,2024-08-05,12:46,Bengaluru,16.549859,74.127719,Hazy,Minor,Bus,Drunk Driving,0,Hospital
A305540,2023-04-29,12:13,Jaipur,19.731108,76.415925,Clear,Moderate,Bus,Mechanical Failure,0,Police
A305541,2021-12-24,11:41,Hyderabad,13.818384,75.534965,Clear,Moderate,Car,Unknown,0,Citizen
A305542,2024-04-18,16:18,Surat,11.681201,69.230366,Clear,Severe,Car,Mechanical Failure,0,Citizen
A305543,2024-09-27,20:23,Surat,23.539026,69.393521,Clear,Minor,Motorcycle,Bad Road,0,Police
A305544,2022-10-10,14:52,Delhi,20.955459,69.563043,Fog,Minor,Car,Speeding,0,Police
A305545,2024-09-11,03:00,Delhi,14.42353,73.652963,Rain,Minor,Bus,Mechanical Failure,0,Police
A305546,2022-07-14,15:18,Delhi,17.353736,75.255379,Clear,Minor,Car,Speeding,0,Police
A305547,2023-11-20,19:05,Kolkata,21.398551,72.023272,Rain,Minor,Bicycle,Weather,0,Hospital
A305548,2023-09-10,02:03,Chennai,22.704092,70.034208,Clear,Minor,Motorcycle,Drunk Driving,0,Citizen
A305549,2023-09-27,04:33,Hyderabad,28.503861,70.256875,Clear,Minor,Car,Weather,0,Citizen
A305550,2025-02-11,16:21,Hyderabad,9.723946,72.673067,Clear,Minor,Motorcycle,Bad Road,0,Citizen
A305551,2025-01-08,03:55,Chennai,14.19728,72.250474,Rain,Minor,Car,Mechanical Failure,0,Police
A305552,2025-04-01,09:55,Chennai,17.004493,72.46706,Clear,Moderate,Car,Weather,0,Hospital
A305553,2024-05-16,13:05,Lucknow,12.580999,76.355777,Fog,Moderate,Car,Distracted,0,Hospital
A305554,2021-02-06,20:23,Jaipur,13.717611,71.753001,Hazy,Minor,Bus,Speeding,0,Hospital
A305555,2025-06-11,13:01,Delhi,15.651847,73.975038,Clear,Severe,Bus,Distracted,0,Insurance
A305556,2025-02-06,04:41,Lucknow,23.411201,72.038025,Rain,Moderate,Truck,Drunk Driving,0,Police
A305557,2024-04-08,11:23,Lucknow,15.806968,72.323357,Clear,Minor,Motorcycle,Unknown,0,Citizen
A305558,2025-07-22,06:16,Jaipur,9.112679,77.479363,Clear,Moderate,Motorcycle,Mechanical Failure,1,Police
A305559,2022-05-21,15:16,Lucknow,24.186381,70.470954,Hazy,Moderate,Car,Unknown,0,Citizen
A305560,2025-03-26,00:13,Surat,28.570836,76.289917,Clear,Moderate,Car,Distracted,0,Citizen
A305561,2025-08-03,21:21,Jaipur,11.314243,73.114741,Rain,Moderate,Bus,Weather,0,Hospital
A305562,2021-12-08,13:49,Hyderabad,24.485776,68.756343,Clear,Minor,Car,Mechanical Failure,1,Citizen
A305563,2023-11-29,00:22,Kolkata,20.909542,70.200981,Clear,Minor,Truck,Speeding,0,Police
A305564,2024-04-06,10:02,Surat,26.057392,77.621907,Rain,Moderate,Motorcycle,Speeding,0,Police
A305565,2021-10-20,10:20,Bengaluru,10.505932,69.062109,Rain,Minor,Car,Mechanical Failure,0,Police
A305566,2022-07-06,00:55,Delhi,25.624106,68.288815,Clear,Minor,Car,Weather,0,Police
A305567,2024-02-27,20:02,Mumbai,14.181731,77.068506,Clear,Severe,Motorcycle,Weather,0,Police
A305568,2025-07-25,19:51,Surat,17.204851,68.524395,Clear,Moderate,Car,Mechanical Failure,1,Police
A305569,2024-04-18,00:06,Delhi,23.712395,68.1951,Clear,Minor,Car,Unknown,0,Police
A305570,2023-06-04,08:50,Bengaluru,8.394454,74.198582,Clear,Minor,Truck,Unknown,0,Hospital
A305571,2025-08-25,20:57,Pune,16.518879,73.957507,Rain,Fatal,Car,Distracted,0,Police
A305572,2022-05-28,00:28,Chennai,19.07161,70.796302,Rain,Minor,Bicycle,Distracted,0,Citizen
A305573,2024-01-23,22:19,Kolkata,28.246727,71.368296,Fog,Minor,Motorcycle,Unknown,0,Police
A305574,2024-08-06,03:12,Mumbai,19.332882,68.45678,Rain,Minor,Car,Unknown,0,Citizen
A305575,2023-09-09,10:37,Pune,10.472362,73.939839,Clear,Moderate,Car,Unknown,0,Citizen
A305576,2023-02-23,02:53,Bengaluru,8.385357,72.943912,Clear,Minor,Bus,Mechanical Failure,1,Police
A305577,2021-04-03,22:32,Delhi,24.242623,69.631984,Rain,Severe,Motorcycle,Mechanical Failure,0,Citizen
A305578,2022-08-21,04:15,Mumbai,20.982371,76.732864,Rain,Moderate,Car,Bad Road,0,Citizen
A305579,2022-07-21,18:42,Kolkata,23.49016,70.338914,Clear,Severe,Truck,Unknown,1,Police
A305580,2021-06-13,22:35,Pune,22.608924,71.866906,Clear,Minor,Car,Distracted,0,Hospital
A305581,2021-08-20,06:00,Chennai,13.484627,77.495272,Clear,Minor,Motorcycle,Weather,1,Citizen
A305582,2023-05-13,15:28,Pune,8.323082,76.37602,Rain,Fatal,Car,Distracted,0,Police
A305583,2024-06-27,06:36,Hyderabad,8.562285,76.708649,Clear,Minor,Car,Unknown,0,Police
A305584,2022-01-21,19:27,Delhi,16.728795,76.647887,Clear,Minor,Car,Unknown,1,Insurance
A305585,2024-02-19,14:31,Jaipur,27.234048,73.695104,Rain,Severe,Motorcycle,Speeding,0,Citizen
A305586,2023-12-09,09:23,Delhi,10.728864,71.354881,Clear,Minor,Motorcycle,Unknown,2,Police
A305587,2022-12-05,17:14,,18.301152,73.888788,Clear,Severe,Bus,Unknown,0,Police
A305588,2021-09-07,03:43,Chennai,15.911517,68.636955,Storm,Minor,Motorcycle,Bad Road,1,Police
A305589,2025-02-13,01:22,Kolkata,28.610309,74.659383,Clear,Minor,Bus,Unknown,1,Police
A305590,2025-01-30,08:11,Pune,15.124725,68.979674,Rain,Minor,Bus,Mechanical Failure,0,Police
A305591,2022-05-20,12:48,Chennai,11.362156,76.278541,Clear,Severe,Bicycle,Unknown,1,Police
A305592,2024-09-11,22:13,Mumbai,15.995531,77.349262,Clear,Moderate,Motorcycle,Weather,1,Police
A305593,2024-08-30,19:48,Delhi,15.571377,72.749137,Fog,None,Bicycle,Weather,0,Insurance
A305594,2025-05-13,19:29,Chennai,15.671992,69.640678,Clear,Minor,Motorcycle,Weather,0,Police
A305595,2021-03-23,01:21,Chennai,21.899003,70.382466,Rain,Minor,Truck,Mechanical Failure,1,Police
A305596,2021-03-17,22:56,Kolkata,21.719059,69.136204,Rain,Minor,Bus,Bad Road,0,Citizen
A305597,2023-08-18,10:21,Chennai,25.612318,71.763039,Clear,Moderate,Car,Bad Road,0,Police
A305598,2023-03-27,17:51,Bengaluru,27.036051,72.608757,Rain,Moderate,Bicycle,Speeding,0,Citizen
A305599,2025-08-17,22:08,Pune,15.287839,74.47001,Hazy,Moderate,Car,Drunk Driving,0,Police
A305600,2021-03-28,08:20,Hyderabad,21.041155,75.435952,Clear,Minor,Bus,Bad Road,1,Hospital
A305601,2021-05-22,06:13,Hyderabad,22.51764,74.511756,Clear,Severe,Car,Drunk Driving,0,Police
A305602,2022-01-11,17:03,Chennai,21.385755,73.127039,Rain,Minor,Car,Unknown,0,Police
A305603,2021-06-25,19:28,Surat,19.176925,75.007206,Rain,Moderate,Car,Bad Road,0,Police
A305604,2025-02-20,14:46,Jaipur,23.472542,73.435146,Clear,Moderate,Truck,Mechanical Failure,1,Police
A305605,2025-02-17,10:34,Pune,20.803361,68.281236,Clear,Severe,Car,Drunk Driving,1,Hospital
A305606,2022-01-15,21:45,Surat,22.271493,71.197715,Fog,Minor,Car,Bad Road,1,Police
A305607,2024-12-08,04:18,Chennai,19.341758,68.73403,Fog,Minor,Motorcycle,Mechanical Failure,1,Police
A305608,2023-02-18,19:00,Lucknow,10.459405,68.169402,Hazy,Minor,Bus,Speeding,0,Police
A305609,2023-07-30,21:00,Kolkata,22.780278,68.397686,Rain,Minor,Car,Speeding,2,Police
A305610,2021-11-07,00:48,Surat,24.846567,71.828907,Storm,Minor,Bus,Unknown,0,Police
A305611,2025-05-17,13:45,Bengaluru,11.342768,70.640513,Rain,Minor,Motorcycle,Unknown,0,Citizen
A305612,2023-10-22,10:58,Hyderabad,28.012329,68.776523,Rain,Minor,Motorcycle,Weather,0,Police
A305613,2025-05-30,04:25,Hyderabad,10.386822,74.418851,Rain,Minor,Bicycle,Unknown,0,Police
A305614,2021-01-03,13:21,Surat,10.075193,72.1475,Rain,Severe,Car,Bad Road,1,Police
A305615,2024-03-20,00:32,Hyderabad,22.236825,72.068555,Clear,Minor,Truck,Speeding,0,Police
A305616,2023-11-23,01:40,Kolkata,12.462944,69.056978,Clear,Minor,Car,Mechanical Failure,0,Citizen
A305617,2024-06-12,13:04,Hyderabad,22.351226,68.816686,Clear,Minor,Car,Unknown,0,Citizen
A305618,2025-06-08,19:38,Kolkata,15.406189,73.508908,Storm,Minor,Motorcycle,Drunk Driving,1,Police
A305619,2021-01-17,02:33,Chennai,14.51746,77.662172,Clear,Minor,Motorcycle,Bad Road,1,Police
A305620,2024-07-11,19:53,Hyderabad,20.609805,68.077011,Clear,Minor,Car,Mechanical Failure,0,Police
A305621,2021-11-06,06:12,Mumbai,26.937203,76.286935,Rain,Minor,Car,Speeding,1,Police
A305622,2021-01-17,08:08,Hyderabad,21.034065,70.532549,Rain,Moderate,Motorcycle,Unknown,0,Citizen
A305623,2023-08-08,11:39,Mumbai,12.92463,68.723346,Clear,Minor,Motorcycle,Bad Road,0,Police
A305624,2023-02-26,16:37,Chennai,11.498546,74.762892,Rain,Minor,Car,Drunk Driving,1,Hospital
A305625,2023-12-25,22:49,Pune,15.522458,68.302967,Hazy,Minor,Car,Speeding,0,Police
A305626,2022-03-23,19:04,Pune,17.128709,74.91641,Rain,Minor,Car,Weather,2,Police
A305627,2021-09-23,08:01,Jaipur,26.815807,77.67257,Clear,Minor,Motorcycle,Drunk Driving,1,Police
A305628,2025-02-15,05:10,Pune,25.653199,69.541008,Clear,Minor,Motorcycle,Unknown,1,Insurance
A305629,2021-09-27,08:26,Hyderabad,28.451667,69.625475,Clear,Minor,Truck,Unknown,0,Police
A305630,2022-09-03,11:38,Mumbai,11.278475,74.947058,Clear,Severe,Bicycle,Distracted,1,Citizen
A305631,2024-05-31,07:10,Lucknow,10.505878,68.921129,Rain,Minor,Car,Weather,0,Police
A305632,2023-10-21,21:49,Surat,14.573806,74.985017,Storm,Minor,Motorcycle,Unknown,0,Citizen
A305633,2023-05-24,01:22,Bengaluru,23.230003,68.494181,Clear,Minor,Motorcycle,Drunk Driving,0,Police
A305634,2021-03-24,08:33,Hyderabad,22.463281,71.746669,Rain,Minor,Car,Unknown,0,Insurance
A305635,2021-07-25,22:55,Jaipur,13.872266,72.196946,Clear,Minor,Car,Mechanical Failure,1,Police
A305636,2025-09-20,03:34,Jaipur,16.867566,71.825709,Rain,Minor,Bus,Mechanical Failure,0,Insurance
A305637,2024-01-05,05:56,Bengaluru,11.866833,74.485098,Snow (rare),Severe,Bus,Speeding,0,Police
A305638,2025-07-02,15:11,Surat,20.324425,75.221886,Clear,Severe,Car,Unknown,0,Insurance
A305639,2023-10-23,00:13,Delhi,22.056903,75.025387,Storm,Moderate,Bus,Speeding,0,Police
A305640,2022-10-28,15:16,Pune,25.489644,71.881329,Clear,Minor,Car,Weather,0,Police
A305641,2024-07-31,03:33,Jaipur,8.337295,75.210259,Clear,Minor,Motorcycle,Speeding,1,Citizen
A305642,2025-08-01,07:41,Kolkata,8.553214,71.766567,Clear,Minor,Car,Weather,1,Police
A305643,2022-04-04,16:41,Kolkata,25.900768,74.87571,Clear,Minor,Car,Weather,0,Hospital
A305644,2025-03-24,03:42,Chennai,17.003593,71.221637,Clear,Minor,Truck,Bad Road,0,Police
A305645,2024-09-06,19:49,Surat,20.844132,76.615458,Fog,Minor,Bus,Drunk Driving,0,Citizen
A305646,2025-07-17,16:11,Mumbai,10.634921,72.036245,Rain,Severe,Car,Drunk Driving,1,Citizen
A305647,2022-03-20,19:18,Kolkata,12.933148,77.604985,Clear,Minor,Bus,Unknown,0,Police
A305648,2021-07-23,04:41,Mumbai,21.49018,68.265006,Clear,Minor,Car,Bad Road,0,Hospital
A305649,2023-02-15,01:19,Jaipur,15.433755,71.726063,Fog,Minor,Truck,Speeding,1,Police
A305650,2021-06-19,08:38,Chennai,19.243829,70.642262,Clear,Moderate,Car,Speeding,0,Citizen
A305651,2021-06-25,15:18,Mumbai,11.785602,77.353047,Clear,Minor,Bus,Distracted,0,Police
A305652,2021-09-20,21:27,Kolkata,11.177219,68.480758,Rain,Minor,Bus,Mechanical Failure,0,Police
A305653,2022-07-20,04:27,Hyderabad,11.977893,73.969623,Clear,Minor,Bus,Mechanical Failure,0,Police
A305654,2025-08-08,18:46,Hyderabad,26.359637,74.946202,Clear,Moderate,Car,Drunk Driving,0,Police
A305655,2022-08-28,14:05,Bengaluru,24.920696,70.32437,Clear,Minor,Car,Weather,0,Citizen
A305656,2023-04-02,22:49,Lucknow,20.398188,76.126423,Rain,Minor,Motorcycle,Bad Road,0,Police
A305657,2023-12-29,18:28,Pune,21.163895,74.299183,Hazy,Minor,Pedestrian,Distracted,1,Hospital
A305658,2023-10-25,16:25,Lucknow,12.176926,75.837446,Snow (rare),Moderate,Motorcycle,Unknown,0,Hospital
A305659,2022-03-02,21:22,Delhi,27.207793,75.377251,Clear,Minor,Pedestrian,Distracted,0,Police
A305660,2024-11-27,03:35,Surat,23.014706,76.711466,Clear,Minor,Pedestrian,Mechanical Failure,0,Police
A305661,2022-03-04,06:50,Pune,20.951638,75.101145,Clear,Minor,Motorcycle,Speeding,0,Police
A305662,2021-11-16,19:37,Hyderabad,25.35511,72.712553,Clear,Minor,Car,Weather,0,Citizen
A305663,2023-04-03,16:26,Bengaluru,24.430642,76.009147,Rain,Moderate,Car,Weather,1,Police
A305664,2023-11-23,20:43,Mumbai,24.623912,70.811253,Clear,Moderate,Bicycle,Weather,0,Police
A305665,2023-09-26,02:03,Pune,21.274605,74.3827,Clear,Fatal,Car,Drunk Driving,0,Citizen
A305666,2023-07-15,00:19,Bengaluru,28.40674,76.969151,Rain,Minor,Car,Bad Road,2,Police
A305667,2024-04-09,07:10,Hyderabad,21.350275,75.774513,Clear,Minor,Motorcycle,Distracted,0,Police
A305668,2024-12-12,01:50,Bengaluru,19.841977,75.238726,Clear,Moderate,Car,Distracted,0,Police
A305669,2024-11-22,20:54,Hyderabad,25.631545,72.968183,Rain,Minor,Bus,Distracted,0,Police
A305670,2024-11-07,03:39,Hyderabad,12.884037,68.57533,Hazy,Minor,Motorcycle,Distracted,0,Police
A305671,2021-06-30,20:05,Delhi,19.376046,71.570701,Hazy,Severe,Car,Unknown,0,Police
A305672,2021-03-12,02:02,Hyderabad,26.174546,77.488921,Clear,Minor,Truck,Distracted,0,Police
A305673,2023-01-21,13:27,Jaipur,22.647544,76.331329,Hazy,Minor,Car,Speeding,0,Police
A305674,2024-08-28,15:46,Bengaluru,18.942992,76.013248,Rain,Fatal,Car,Speeding,0,Police
A305675,2025-08-15,03:35,Kolkata,27.304031,77.454274,Fog,Severe,Truck,Bad Road,0,Police
A305676,2023-07-19,02:40,Kolkata,23.922705,70.124024,Clear,Fatal,Car,Drunk Driving,0,Police
A305677,2022-12-14,13:36,Chennai,27.446556,68.487306,Fog,Fatal,Motorcycle,Weather,0,Citizen
A305678,2022-03-30,11:21,Chennai,20.136772,68.154132,Fog,Minor,Motorcycle,Speeding,0,Police
A305679,2024-01-20,03:17,Surat,24.916738,72.799521,Rain,Fatal,Car,Mechanical Failure,0,Hospital
A305680,2021-01-23,16:51,Mumbai,15.291895,76.561413,Clear,Minor,Car,Bad Road,1,Police
A305681,2024-12-02,08:08,Hyderabad,27.445633,75.634365,Rain,Moderate,Car,Distracted,0,Insurance
A305682,2025-07-11,18:58,Chennai,11.847156,76.23929,Clear,Moderate,Bicycle,Mechanical Failure,0,Citizen
A305683,2025-05-15,02:07,Bengaluru,17.90082,69.831249,Clear,Minor,Car,Weather,0,Insurance
A305684,2022-03-06,16:05,Bengaluru,16.477384,68.305642,Hazy,Moderate,Motorcycle,Unknown,0,Police
A305685,2022-04-02,01:08,Delhi,27.188754,75.664429,Clear,Minor,Bicycle,Mechanical Failure,0,Citizen
A305686,2023-04-17,04:00,Mumbai,18.187041,72.074569,Clear,Minor,Truck,Speeding,0,Police
A305687,2025-05-20,06:08,Surat,9.160756,75.865606,Clear,Minor,Motorcycle,Speeding,0,Citizen
A305688,2023-06-20,16:13,Lucknow,12.359956,76.551679,Rain,Minor,Pedestrian,Bad Road,0,Police
A305689,2022-04-11,19:04,Chennai,16.197842,74.522942,Fog,Minor,Bus,Distracted,1,Police
A305690,2021-07-08,21:06,Lucknow,25.564164,72.713623,Fog,Minor,Motorcycle,Speeding,0,Citizen
A305691,2024-09-13,03:51,Delhi,25.950911,73.898924,Rain,Minor,Car,Drunk Driving,0,Hospital
A305692,2024-10-28,03:19,Lucknow,25.140466,74.999843,Clear,Minor,Motorcycle,Distracted,0,Police
A305693,2022-10-06,18:35,Chennai,12.174336,74.980796,Fog,Fatal,Motorcycle,Weather,0,Police
A305694,2024-11-12,12:50,Lucknow,23.820289,73.683293,Clear,Minor,Pedestrian,Drunk Driving,0,Police
A305695,2024-10-30,04:15,Pune,11.947015,68.467707,Hazy,Minor,Car,Bad Road,0,Citizen
A305696,2024-01-14,16:07,Mumbai,15.951775,71.587901,Clear,Minor,Motorcycle,Weather,0,Police
A305697,2022-06-29,03:38,Hyderabad,9.462878,72.421287,Hazy,Minor,Motorcycle,Unknown,0,Citizen
A305698,2025-02-17,08:32,Bengaluru,26.779067,68.044776,Fog,Minor,Motorcycle,Distracted,0,Citizen
A305699,2021-07-30,21:37,Jaipur,11.526051,76.469163,Fog,Moderate,Bicycle,Distracted,0,Police
A305700,2023-12-18,10:10,Jaipur,19.660376,74.639253,Clear,Severe,Motorcycle,Weather,0,Police
A305701,2025-09-06,03:07,Jaipur,26.201846,73.784123,Rain,Moderate,Truck,Weather,0,Police
A305702,2021-09-20,12:23,Kolkata,18.469941,75.711403,Clear,Moderate,Car,Bad Road,1,Police
A305703,2024-12-06,04:32,Bengaluru,8.910319,71.346508,Fog,Minor,Motorcycle,Unknown,1,Police
A305704,2025-08-27,03:15,Mumbai,23.449674,72.001032,Fog,Minor,Car,Unknown,0,Police
A305705,2023-11-15,18:35,Mumbai,25.587449,77.304484,Fog,Minor,Motorcycle,Bad Road,0,Police
A305706,2022-06-23,19:57,Jaipur,23.354917,75.23754,Rain,Minor,Motorcycle,Mechanical Failure,1,Police
A305707,2021-02-06,06:07,Bengaluru,28.595594,72.270834,Rain,Moderate,Truck,Weather,0,Citizen
A305708,2025-04-14,09:35,Bengaluru,17.489978,69.759488,Hazy,Moderate,Bicycle,Mechanical Failure,0,Police
A305709,2025-02-09,21:49,Kolkata,16.428164,74.208547,Rain,Minor,Pedestrian,Speeding,0,Citizen
A305710,2024-04-14,16:50,Chennai,24.652091,76.064522,Hazy,Moderate,Car,Unknown,1,Police
A305711,2022-07-29,09:34,Hyderabad,9.379833,73.990974,Clear,Minor,Motorcycle,Mechanical Failure,0,Police
A305712,2021-06-02,16:13,Surat,26.256822,69.855799,Clear,Minor,Car,Weather,0,Police
A305713,2021-05-27,22:56,Pune,17.712336,73.625296,Clear,Moderate,Motorcycle,Weather,0,Police
A305714,2025-05-11,00:38,Lucknow,14.656341,69.426791,Clear,Minor,Car,Weather,0,Police
A305715,2022-01-23,08:52,Delhi,22.60668,68.203853,Clear,Minor,Motorcycle,Unknown,0,Citizen
A305716,2025-09-26,09:15,Surat,17.165854,74.519284,Fog,Minor,Bicycle,Weather,0,Police
A305717,2024-06-11,07:15,Chennai,12.732147,71.595581,Fog,Moderate,Pedestrian,Bad Road,0,Citizen
A305718,2025-02-24,04:35,Kolkata,21.892241,76.877596,Snow (rare),Fatal,Motorcycle,Unknown,0,Citizen
A305719,2023-06-09,09:57,Lucknow,11.496652,74.278892,Clear,Minor,Motorcycle,Weather,0,Citizen
A305720,2024-04-22,13:07,Jaipur,21.777855,72.84966,Fog,Minor,Motorcycle,Unknown,0,Police
A305721,2023-08-10,21:11,Bengaluru,18.349689,72.96516,Clear,Moderate,Car,Mechanical Failure,2,Police
A305722,2023-12-26,01:33,Kolkata,22.452298,77.552104,Rain,Minor,Motorcycle,Speeding,0,Citizen
A305723,2024-08-23,05:53,Delhi,17.082122,70.994731,Clear,Minor,Bus,Distracted,0,Hospital
A305724,2022-04-27,13:30,Delhi,26.037999,73.693701,Clear,Moderate,Motorcycle,Bad Road,1,Hospital
A305725,2024-06-08,03:41,Pune,28.590713,71.341323,Fog,Minor,Motorcycle,Bad Road,0,Police
A305726,2024-01-03,20:46,Jaipur,20.559561,76.252168,Hazy,Minor,Bicycle,Speeding,0,Police
A305727,2024-07-07,16:58,Lucknow,26.825819,74.487023,Rain,Minor,Car,Distracted,0,Police
A305728,2023-08-17,02:44,Kolkata,22.507544,73.644869,Clear,Moderate,Car,Bad Road,0,Citizen
A305729,2024-10-08,06:22,Delhi,14.79747,70.684281,Clear,Severe,Bus,Weather,0,Police
A305730,2023-05-19,15:25,Surat,24.585569,72.607684,Fog,Severe,Car,Distracted,0,Police
A305731,2022-01-13,07:46,Bengaluru,11.785401,71.250257,Clear,Minor,Motorcycle,Mechanical Failure,0,Citizen
A305732,2025-07-26,16:32,,27.404371,69.328886,Rain,Minor,Bus,Weather,1,Police
A305733,2021-05-26,18:08,Kolkata,18.591946,74.075482,Hazy,Moderate,Bus,Weather,0,Police
A305734,2021-02-13,16:40,Jaipur,23.490837,72.571521,Rain,Moderate,Car,Distracted,0,Police
A305735,2023-09-10,03:33,Pune,8.38982,72.061088,Clear,Minor,Car,Unknown,1,Police
A305736,2023-01-27,13:48,Chennai,24.226847,70.454726,Storm,Moderate,Truck,Weather,0,Police
A305737,2021-08-07,08:49,Delhi,18.213389,73.560623,Clear,Moderate,Motorcycle,Distracted,0,Police
A305738,2022-11-04,03:00,Chennai,21.221176,71.767405,Storm,Minor,Car,Distracted,0,Police
A305739,2022-07-22,01:14,Hyderabad,10.605022,75.659173,Clear,Minor,Car,Mechanical Failure,0,Hospital
A305740,2023-10-20,00:05,Pune,12.806183,68.853132,Rain,Minor,Bus,Speeding,0,Police
A305741,2024-07-19,03:55,Surat,19.32858,76.539584,Clear,Minor,Car,Drunk Driving,0,Police
A305742,2025-02-19,09:49,Delhi,16.57797,74.174927,Clear,Minor,Truck,Speeding,0,Citizen
A305743,2022-08-17,00:23,Mumbai,21.80699,72.089259,Hazy,Minor,Car,Unknown,0,Police
A305744,2022-04-06,22:16,Bengaluru,20.362349,71.441801,Rain,Minor,Motorcycle,Distracted,0,Police
A305745,2024-11-30,09:22,Bengaluru,16.577943,77.647036,Rain,Minor,Motorcycle,Speeding,1,Citizen
A305746,2025-08-05,14:50,Surat,15.191912,68.14098,Rain,Minor,Bus,Distracted,0,Citizen
A305747,2024-07-19,05:54,Pune,18.181764,72.431179,Clear,Moderate,Car,Mechanical Failure,0,Police
A305748,2021-01-16,05:36,Chennai,19.701223,75.119652,Clear,Moderate,Truck,Distracted,1,Insurance
A305749,2022-03-11,00:02,Mumbai,22.297221,71.62386,Clear,Moderate,Pedestrian,Unknown,0,Police
A305750,2021-10-11,09:22,Chennai,13.384311,73.063532,Clear,Minor,Car,Mechanical Failure,0,Police
A305751,2024-01-19,17:27,Jaipur,19.84859,77.044507,Clear,Minor,Motorcycle,Drunk Driving,2,Citizen
A305752,2021-12-25,09:25,Jaipur,13.538894,72.85387,Hazy,Minor,Truck,Mechanical Failure,0,Police
A305753,2025-04-18,14:32,Hyderabad,13.119031,76.134734,Clear,Moderate,Bus,Mechanical Failure,0,Police
A305754,2023-12-16,03:31,Kolkata,18.950597,75.956884,Rain,Severe,Motorcycle,Drunk Driving,0,Police
A305755,2025-02-21,11:25,Surat,8.739089,74.467114,Clear,Moderate,Car,Weather,2,Police
A305756,2021-01-16,03:25,Surat,9.227618,75.945432,Clear,Moderate,Truck,Distracted,1,Police
A305757,2024-08-03,09:25,Delhi,23.758192,68.520239,Fog,Minor,Truck,Distracted,0,Police
A305758,2023-07-22,05:49,Delhi,27.172634,72.361703,Hazy,Minor,Truck,Speeding,0,Citizen
A305759,2023-03-16,18:33,Surat,8.468716,77.685961,Fog,Moderate,Bus,Bad Road,1,Police
A305760,2023-05-16,02:01,Lucknow,28.368979,73.823306,Clear,Minor,Truck,Drunk Driving,0,Police
A305761,2024-01-16,02:52,Jaipur,24.337822,76.929466,Hazy,Minor,Motorcycle,Speeding,0,Police
A305762,2023-03-22,21:47,Kolkata,22.30009,70.11813,Clear,Moderate,Pedestrian,Mechanical Failure,1,Police
A305763,2024-11-20,02:26,Surat,13.124028,68.25674,Clear,Minor,Motorcycle,Speeding,0,Insurance
A305764,2021-05-26,22:20,Pune,10.285715,77.151303,Clear,Moderate,Motorcycle,Mechanical Failure,0,Police
A305765,2023-10-19,12:37,Delhi,26.967295,77.205808,Clear,Minor,Pedestrian,Distracted,0,Citizen
A305766,2023-07-01,05:09,Lucknow,15.848653,76.274812,Rain,Minor,Bus,Bad Road,0,Police
A305767,2023-11-17,00:07,Jaipur,17.363752,77.576565,Clear,Severe,Car,Distracted,0,Police
A305768,2022-02-09,00:05,Kolkata,22.253181,72.175428,Clear,Moderate,Car,Unknown,0,Citizen
A305769,2023-09-22,09:19,Lucknow,23.026094,73.927341,Clear,Minor,Truck,Unknown,0,Police
A305770,2023-06-20,00:58,Kolkata,27.233539,73.363856,Clear,Minor,Motorcycle,Mechanical Failure,0,Citizen
A305771,2024-05-05,05:27,Surat,20.656769,72.44282,Clear,Severe,Car,Mechanical Failure,0,Police
A305772,2025-08-30,05:42,Lucknow,17.379336,71.360181,Rain,Minor,Bus,Mechanical Failure,0,Police
A305773,2024-01-16,00:26,Hyderabad,27.74271,75.321363,Clear,Severe,Motorcycle,Distracted,1,Police
A305774,2022-03-21,03:46,Lucknow,20.255987,68.023706,Rain,Minor,Motorcycle,Speeding,0,Police
A305775,2025-09-20,12:53,Jaipur,13.563401,74.950048,Rain,Severe,Pedestrian,Bad Road,0,Police
A305776,2023-08-12,18:24,Mumbai,19.733918,76.313795,Clear,Severe,Motorcycle,Weather,0,Police
A305777,2022-05-31,12:23,Mumbai,25.008646,68.915242,Clear,Moderate,Motorcycle,Weather,0,Insurance
A305778,2023-05-14,10:09,Mumbai,20.375549,69.558342,Clear,Moderate,Car,Bad Road,0,Police
A305779,2022-06-12,20:32,Chennai,17.169765,75.129035,Rain,Minor,Motorcycle,Mechanical Failure,0,Police
A305780,2024-10-01,18:41,Delhi,14.552042,76.700945,Clear,Severe,Car,Distracted,0,Police
A305781,2025-05-28,16:09,Mumbai,14.657355,74.472761,Clear,Minor,Motorcycle,Unknown,0,Citizen
A305782,2023-08-01,11:55,Surat,15.349815,69.10214,Clear,Minor,Car,Mechanical Failure,1,Police
A305783,2022-06-05,13:58,Pune,27.15072,68.857023,Rain,Moderate,Pedestrian,Bad Road,0,Police
A305784,2023-08-22,07:44,Jaipur,11.054767,71.467079,Storm,Minor,Motorcycle,Bad Road,0,Police
A305785,2021-07-24,11:25,Mumbai,27.22306,69.159336,Rain,Minor,Bus,Bad Road,0,Police
A305786,2022-04-22,06:28,Chennai,12.769169,74.600329,Clear,Moderate,Truck,Weather,0,Citizen
A305787,2023-12-05,16:01,,10.938121,70.770961,Rain,Minor,Car,Speeding,0,Police
A305788,2021-09-24,17:54,Delhi,25.815833,73.004467,Storm,Severe,Truck,Drunk Driving,0,Police
A305789,2025-03-07,12:10,Kolkata,10.417725,75.456086,Rain,Minor,Bicycle,Unknown,0,Hospital
A305790,2024-07-29,07:05,Surat,25.452732,76.994844,Rain,Severe,Car,Drunk Driving,0,Police
A305791,2021-03-07,13:30,Hyderabad,9.779851,70.696549,Fog,Minor,Car,Unknown,0,Police
A305792,2023-11-01,00:57,Delhi,10.676373,74.875724,Fog,Minor,Motorcycle,Drunk Driving,0,Citizen
A305793,2022-10-21,21:36,Jaipur,28.324643,71.834044,Hazy,Minor,Truck,Mechanical Failure,0,Citizen
A305794,2022-06-16,15:54,Surat,27.866377,69.273195,Clear,Severe,Motorcycle,Drunk Driving,1,Insurance
A305795,2025-06-02,16:54,Bengaluru,18.703148,69.240783,Storm,Minor,Car,Unknown,0,Police
A305796,2023-04-27,21:20,Pune,19.251222,77.62519,Clear,Minor,Pedestrian,Distracted,0,Hospital
A305797,2021-08-10,16:02,Surat,19.98935,73.373644,Rain,Moderate,Bus,Weather,1,Police
A305798,2021-02-18,17:05,Jaipur,28.12626,75.665124,Rain,Moderate,Car,Unknown,1,Police
A305799,2024-11-11,13:34,Lucknow,10.271499,77.070665,Storm,Fatal,Car,Speeding,0,Police
A305800,2025-06-21,18:26,,8.337521,69.073718,Clear,Moderate,Motorcycle,Mechanical Failure,1,Police
A305801,2023-03-05,21:54,Chennai,27.325301,70.948551,Rain,Minor,Car,Mechanical Failure,1,Citizen
A305802,2022-07-17,15:23,Bengaluru,12.343176,74.518188,Clear,Severe,Motorcycle,Weather,0,Police
A305803,2021-03-06,21:54,Lucknow,24.19976,73.107348,Fog,Minor,Car,Weather,0,Police
A305804,2025-04-16,12:27,Chennai,20.286303,70.707941,Clear,Moderate,Car,Unknown,0,Police
A305805,2022-11-12,14:38,Pune,15.832062,73.628184,Rain,Minor,Motorcycle,Bad Road,1,Police
A305806,2022-03-01,15:01,Chennai,20.351914,73.372247,Rain,Minor,Truck,Drunk Driving,0,Police
A305807,2023-09-23,08:35,Kolkata,14.532876,70.104001,Storm,Minor,Car,Distracted,0,Insurance
A305808,2022-02-24,04:32,Pune,12.849108,74.263301,Fog,Minor,Car,Speeding,0,Citizen
A305809,2023-08-08,08:27,Pune,25.981735,69.265231,Rain,Minor,Car,Unknown,0,Citizen
A305810,2022-08-23,03:40,Jaipur,13.871994,73.895231,Storm,Minor,Truck,Unknown,1,Police
A305811,2021-12-11,12:50,Kolkata,14.689354,76.429668,Rain,Moderate,Car,Speeding,0,Insurance
A305812,2025-03-30,12:12,Pune,20.368599,69.456494,Rain,Fatal,Car,Mechanical Failure,0,Police
A305813,2021-05-11,09:02,Delhi,14.860626,76.383544,Clear,Minor,Car,Mechanical Failure,0,Police
A305814,2023-02-21,16:48,Surat,26.603063,69.686755,Clear,Moderate,Bus,Drunk Driving,1,Citizen
A305815,2022-05-10,17:08,Bengaluru,9.783646,74.668569,Clear,Minor,Bus,Weather,0,Citizen
A305816,2024-02-01,01:56,Mumbai,11.58536,75.434797,Hazy,Minor,Car,Unknown,0,Citizen
A305817,2024-06-11,14:02,Bengaluru,27.378802,77.442069,Rain,Moderate,Motorcycle,Weather,0,Police
A305818,2022-05-12,00:35,Delhi,20.783767,75.500477,Hazy,Moderate,Motorcycle,Mechanical Failure,0,Hospital
A305819,2023-08-28,17:31,Jaipur,22.256993,70.174265,Clear,Moderate,Motorcycle,Distracted,0,Police
A305820,2024-05-25,02:02,Delhi,21.193203,74.350297,Clear,Minor,Car,Drunk Driving,0,Citizen
A305821,2021-08-29,15:26,Delhi,25.933815,75.258515,Clear,Minor,Car,Weather,0,Citizen
A305822,2023-09-17,02:48,Hyderabad,12.438209,71.799563,Fog,Fatal,Pedestrian,Speeding,0,Citizen
A305823,2024-01-01,10:01,Pune,14.559475,69.476538,Rain,Minor,Truck,Speeding,0,Police
A305824,2022-12-21,19:06,Jaipur,27.205949,75.703964,Rain,Minor,Car,Distracted,0,Insurance
A305825,2023-07-17,04:09,Lucknow,18.912773,76.389392,Clear,Minor,Car,Distracted,0,Police
A305826,2025-01-02,06:50,Pune,27.095623,73.713903,Rain,Minor,Motorcycle,Bad Road,0,Police
A305827,2025-05-05,21:50,Surat,15.33558,71.858588,Clear,Minor,Bus,Distracted,0,Police
A305828,2025-07-24,14:10,Bengaluru,26.241951,69.457614,Clear,None,Bus,Bad Road,0,Police
A305829,2023-05-28,20:44,Pune,26.577998,71.445704,Rain,Severe,Bus,Unknown,0,Police
A305830,2023-09-22,12:44,Delhi,14.535047,69.584182,Rain,Minor,Truck,Drunk Driving,1,Police
A305831,2025-08-14,19:42,Chennai,26.788361,68.5831,Fog,Minor,Truck,Drunk Driving,1,Citizen
A305832,2022-01-21,06:50,Lucknow,14.651141,68.622338,Rain,Minor,Bus,Distracted,0,Citizen
A305833,2024-04-14,18:38,Pune,27.636803,70.927947,Clear,Moderate,Motorcycle,Drunk Driving,1,Citizen
A305834,2022-10-16,14:47,Bengaluru,13.513145,75.825547,Clear,Minor,Car,Mechanical Failure,1,Police
A305835,2023-05-27,01:05,Mumbai,26.318719,69.034657,Clear,Severe,Pedestrian,Speeding,0,Police
A305836,2021-03-16,18:50,Surat,15.53244,70.590211,Rain,Severe,Motorcycle,Bad Road,0,Citizen
A305837,2025-03-24,01:20,Jaipur,12.482803,75.836425,Hazy,Moderate,Car,Drunk Driving,0,Citizen
A305838,2021-07-22,13:56,Jaipur,24.76919,74.897389,Clear,Minor,Pedestrian,Bad Road,0,Police
A305839,2024-08-18,01:23,Pune,8.712261,73.545958,Clear,Minor,Motorcycle,Distracted,0,Police
A305840,2022-11-05,15:42,Chennai,25.300565,77.303707,Snow (rare),Minor,Car,Weather,1,Police
A305841,2021-07-04,11:53,Hyderabad,10.571895,71.308576,Clear,Minor,Car,Bad Road,0,Hospital
A305842,2025-08-10,00:18,Chennai,18.677208,74.85305,Clear,Moderate,Car,Drunk Driving,0,Police
A305843,2024-05-10,00:22,Lucknow,24.829072,75.757185,Clear,Moderate,Motorcycle,Bad Road,0,Citizen
A305844,2025-02-01,04:01,Pune,16.649633,77.039665,Rain,Minor,Motorcycle,Bad Road,0,Police
A305845,2024-09-25,15:54,Kolkata,12.77279,75.409281,Hazy,Minor,Bus,Mechanical Failure,2,Police
A305846,2021-09-01,12:35,Kolkata,26.779733,75.703374,Clear,Minor,Bus,Mechanical Failure,0,Police
A305847,2023-11-11,22:42,Delhi,25.379185,73.954741,Clear,Minor,Car,Unknown,0,Police
A305848,2022-06-02,03:09,Hyderabad,21.633698,73.160207,Rain,Minor,Truck,Speeding,0,Police
A305849,2022-05-05,16:23,Bengaluru,20.488259,74.785839,Fog,Minor,Motorcycle,Mechanical Failure,0,Police
A305850,2024-01-18,04:38,Delhi,14.094459,70.269786,Hazy,Severe,Car,Mechanical Failure,1,Citizen
A305851,2023-07-22,14:34,Surat,24.969966,73.081823,Clear,Minor,Car,Distracted,0,Police
A305852,2023-06-02,18:33,Surat,26.002251,69.470498,Fog,Moderate,Motorcycle,Mechanical Failure,0,Citizen
A305853,2022-11-18,15:06,Chennai,21.483684,73.675482,Clear,Fatal,Motorcycle,Weather,0,Police
A305854,2022-03-02,19:12,Hyderabad,25.903609,72.597408,Clear,Minor,Motorcycle,Unknown,0,Citizen
A305855,2024-07-04,21:40,Lucknow,17.086593,75.881355,Rain,Minor,Motorcycle,Mechanical Failure,0,Citizen
A305856,2022-09-25,19:09,Jaipur,9.473717,76.366916,Clear,Minor,Motorcycle,Drunk Driving,0,Police
A305857,2024-11-28,20:30,Jaipur,17.235504,72.150749,Storm,Minor,Motorcycle,Bad Road,0,Police
A305858,2023-07-20,09:28,Kolkata,24.222209,76.431382,Clear,Minor,Motorcycle,Mechanical Failure,0,Insurance
A305859,2024-07-10,22:28,Surat,20.086173,77.098992,Storm,Minor,Motorcycle,Weather,1,Hospital
A305860,2022-03-27,05:31,Hyderabad,18.83025,71.279626,Clear,Minor,Car,Speeding,0,Police
A305861,2022-10-10,03:58,Jaipur,21.784346,69.041699,Rain,Minor,Car,Distracted,0,Police
A305862,2025-07-30,04:18,Pune,17.499825,75.975546,Clear,Minor,Car,Distracted,0,Police
A305863,2025-03-26,15:08,Chennai,28.553079,70.738754,Hazy,Moderate,Bus,Speeding,0,Police
A305864,2021-09-13,21:07,Mumbai,19.692711,76.494576,Clear,Minor,Bus,Unknown,0,Police
A305865,2024-03-13,08:29,Delhi,14.158717,69.186675,Clear,Moderate,Car,Drunk Driving,0,Citizen
A305866,2024-03-05,22:28,Jaipur,23.166076,70.997702,Rain,Minor,Motorcycle,Mechanical Failure,1,Police
A305867,2023-07-01,22:08,Delhi,17.153953,76.374823,Clear,Minor,Motorcycle,Weather,0,Hospital
A305868,2021-05-05,19:30,Kolkata,8.426365,69.669497,Clear,Minor,Motorcycle,Bad Road,1,Citizen
A305869,2024-12-31,18:25,Hyderabad,19.756011,74.495896,Clear,Moderate,Motorcycle,Mechanical Failure,0,Citizen
A305870,2021-01-10,03:21,Lucknow,11.334646,72.083482,Rain,Minor,Bus,Mechanical Failure,0,Citizen
A305871,2022-01-20,10:18,Pune,28.460988,72.004032,Clear,Moderate,Motorcycle,Drunk Driving,1,Citizen
A305872,2022-10-06,10:24,Jaipur,28.52946,68.312711,Clear,Minor,Truck,Weather,0,Hospital
A305873,2023-11-22,20:35,Kolkata,20.542518,69.479727,Storm,Minor,Car,Unknown,0,Police
A305874,2025-04-06,04:58,Mumbai,20.567867,71.70894,Rain,Minor,Car,Unknown,1,Police
A305875,2023-01-28,12:27,Bengaluru,22.350958,72.934185,Clear,Severe,Car,Mechanical Failure,0,Police
A305876,2024-01-26,18:52,Surat,24.556573,73.062586,Rain,Moderate,Pedestrian,Unknown,0,Police
A305877,2025-02-16,22:16,Pune,23.044813,74.314325,Clear,Severe,Motorcycle,Distracted,0,Police
A305878,2023-12-18,05:02,Pune,24.214089,74.849345,Fog,Moderate,Car,Drunk Driving,0,Hospital
A305879,2025-07-06,17:36,Bengaluru,19.346051,77.440062,Rain,Fatal,Pedestrian,Speeding,0,Police
A305880,2023-06-13,21:43,Pune,14.619894,74.400671,Clear,Minor,Motorcycle,Bad Road,0,Police
A305881,2023-11-17,17:18,Chennai,11.000615,76.104294,Hazy,Minor,Car,Mechanical Failure,1,Police
A305882,2022-06-11,08:06,Chennai,19.195897,71.284175,Rain,Minor,Motorcycle,Weather,0,Police
A305883,2021-12-28,20:39,Surat,28.372952,71.431277,Clear,Severe,Car,Speeding,0,Citizen
A305884,2021-01-28,13:54,Lucknow,18.542319,75.780737,Clear,Minor,Car,Unknown,0,Hospital
A305885,2024-10-08,01:34,Kolkata,10.315224,74.864139,Fog,Minor,Truck,Distracted,2,Police
A305886,2025-02-20,04:43,Kolkata,13.566604,75.566865,Rain,Minor,Car,Drunk Driving,0,Citizen
A305887,2021-03-23,15:49,Bengaluru,9.192347,77.008808,Clear,Moderate,Car,Mechanical Failure,0,Police
A305888,2022-01-27,12:34,Pune,10.037478,76.443008,Clear,Minor,Motorcycle,Mechanical Failure,2,Police
A305889,2023-01-08,00:46,Pune,8.067913,70.146814,Hazy,Moderate,Car,Mechanical Failure,0,Citizen
A305890,2021-03-24,00:14,Kolkata,16.017071,69.475974,Clear,Minor,Motorcycle,Bad Road,0,Police
A305891,2022-01-14,15:24,Mumbai,15.558505,68.035453,Clear,Minor,Car,Unknown,0,Citizen
A305892,2024-10-08,03:10,Jaipur,23.676821,74.128963,Fog,Minor,Car,Distracted,0,Hospital
A305893,2023-02-06,04:25,Bengaluru,16.435826,74.187808,Clear,Minor,Motorcycle,Weather,0,Police
A305894,2021-05-25,15:30,Mumbai,23.891526,72.391446,Clear,Minor,Car,Weather,0,Police
A305895,2021-12-16,16:46,Lucknow,20.292709,70.200027,Rain,Moderate,Car,Distracted,0,Citizen
A305896,2025-06-06,14:00,Jaipur,23.846653,68.758355,Fog,Minor,Bus,Distracted,0,Police
A305897,2022-10-26,15:25,Delhi,20.6241,73.138325,Fog,Minor,Car,Bad Road,0,Police
A305898,2021-08-03,07:47,,25.59241,69.627214,Clear,Minor,Motorcycle,Bad Road,0,Police
A305899,2021-02-20,17:01,Jaipur,13.30385,76.846533,Fog,Minor,Bicycle,Mechanical Failure,1,Citizen
A305900,2021-11-09,21:08,Mumbai,22.628883,75.000794,Fog,Minor,Bus,Distracted,0,Hospital
A305901,2023-01-18,10:18,Hyderabad,14.715477,71.986039,Clear,Minor,Bus,Drunk Driving,1,Hospital
A305902,2024-08-10,18:52,Delhi,26.655937,69.158368,Clear,Moderate,Motorcycle,Distracted,1,Citizen
A305903,2024-07-17,07:31,Surat,14.033724,76.634795,Clear,Minor,Car,Weather,0,Police
A305904,2024-12-16,19:06,Hyderabad,16.595058,73.618982,Clear,Minor,Car,Bad Road,1,Police
A305905,2023-01-19,20:50,Hyderabad,26.428851,74.054535,Clear,Minor,Motorcycle,Mechanical Failure,0,Police
A305906,2024-11-10,21:00,Jaipur,13.412387,68.597373,Clear,Severe,Bus,Weather,1,Citizen
A305907,2023-11-18,20:18,Mumbai,28.273234,69.753357,Clear,Minor,Truck,Mechanical Failure,0,Police
A305908,2022-10-16,20:30,Mumbai,19.754174,68.590425,Rain,Minor,Motorcycle,Mechanical Failure,0,Citizen
A305909,2024-02-13,15:20,Jaipur,28.181484,75.330949,Fog,Minor,Motorcycle,Weather,1,Police
A305910,2024-11-02,08:24,Delhi,28.042056,70.029506,Rain,Minor,Car,Bad Road,0,Police
A305911,2024-08-22,18:12,Pune,21.565724,68.16409,Fog,Minor,Motorcycle,Speeding,0,Hospital
A305912,2023-11-29,01:56,Bengaluru,22.563217,69.262449,Rain,Minor,Bus,Unknown,0,Citizen
A305913,2022-12-16,01:22,Chennai,25.415567,71.272825,Hazy,Moderate,Bus,Unknown,0,Police
A305914,2022-05-18,13:22,Bengaluru,19.599661,73.53793,Fog,Minor,Truck,Unknown,1,Citizen
A305915,2022-06-11,05:20,Surat,13.883036,73.002061,Fog,Minor,Motorcycle,Distracted,1,Police
A305916,2022-12-01,14:11,Bengaluru,25.916837,75.622702,Clear,Minor,Car,Distracted,0,Police
A305917,2021-07-17,06:46,Bengaluru,8.709379,77.332571,Clear,Severe,Motorcycle,Speeding,0,Citizen
A305918,2024-07-04,02:16,Lucknow,20.149391,70.536769,Clear,Severe,Bicycle,Distracted,0,Police
A305919,2024-03-24,16:47,Hyderabad,18.74269,74.816213,Clear,Severe,Car,Distracted,0,Hospital
A305920,2022-06-25,09:41,Chennai,28.488769,72.106027,Rain,Minor,Motorcycle,Weather,0,Citizen
A305921,2024-09-19,18:03,Lucknow,24.732685,68.502996,Clear,Minor,Pedestrian,Unknown,2,Insurance
A305922,2025-04-19,17:06,Lucknow,23.899185,68.670705,Clear,Severe,Motorcycle,Drunk Driving,1,Citizen
A305923,2021-12-12,07:51,Bengaluru,15.409649,70.624974,Clear,Minor,Car,Drunk Driving,0,Citizen
A305924,2024-08-15,14:08,Bengaluru,27.843884,76.028003,Hazy,Minor,Motorcycle,Mechanical Failure,1,Citizen
A305925,2021-06-25,05:09,Surat,23.142989,76.715272,Rain,Minor,Car,Bad Road,0,Citizen
A305926,2024-12-27,15:14,Pune,8.074948,76.565949,Rain,Minor,Pedestrian,Mechanical Failure,0,Insurance
A305927,2021-06-16,03:11,Mumbai,25.206921,75.364331,Fog,Moderate,Car,Distracted,1,Police
A305928,2023-02-21,03:24,Pune,22.792906,68.233951,Clear,Severe,Pedestrian,Bad Road,0,Police
A305929,2022-06-09,18:06,Bengaluru,15.17223,70.970594,Rain,Minor,Motorcycle,Weather,2,Police
A305930,2021-08-05,09:16,Delhi,9.491368,74.958574,Hazy,Moderate,Bus,Drunk Driving,0,Police
A305931,2023-11-30,08:34,Kolkata,9.159689,76.670552,Clear,Minor,Truck,Distracted,0,Police
A305932,2023-07-10,12:45,Chennai,20.758681,74.177725,Rain,Minor,Bus,Bad Road,1,Citizen
A305933,2025-06-04,19:23,Lucknow,10.734637,75.68186,Hazy,Moderate,Motorcycle,Bad Road,2,Police
A305934,2023-04-08,17:40,Pune,8.279034,71.834679,Rain,Moderate,Motorcycle,Weather,0,Hospital
A305935,2021-10-14,02:23,Surat,17.167249,76.653505,Clear,Severe,Motorcycle,Speeding,0,Police
A305936,2024-05-01,06:10,Pune,26.332703,75.884818,Rain,Minor,Car,Bad Road,0,Citizen
A305937,2025-04-12,20:37,Lucknow,23.090394,76.887929,Fog,Minor,Bus,Bad Road,0,Citizen
A305938,2023-06-26,03:03,Hyderabad,17.64576,68.398036,Rain,Minor,Truck,Bad Road,0,Police
A305939,2025-08-22,18:35,Mumbai,15.230589,71.715739,Clear,Moderate,Car,Speeding,0,Police
A305940,2024-09-17,11:27,Hyderabad,21.201016,74.105979,Clear,Minor,Motorcycle,Unknown,0,Citizen
A305941,2023-09-03,12:52,Kolkata,27.062107,74.049537,Hazy,Minor,Bus,Drunk Driving,0,Police
A305942,2023-06-24,07:33,Pune,24.174122,70.216922,Clear,Moderate,Motorcycle,Unknown,0,Police
A305943,2023-05-04,20:03,Kolkata,11.448781,70.988073,Clear,Minor,Car,Speeding,1,Police
A305944,2023-07-25,15:01,Pune,23.159961,77.395765,Clear,Minor,Bus,Bad Road,2,Police
A305945,2023-02-13,20:24,Kolkata,25.91715,72.17784,Clear,Minor,Motorcycle,Drunk Driving,0,Citizen
A305946,2023-03-20,18:00,Mumbai,24.573493,76.677027,Storm,Moderate,Motorcycle,Speeding,0,Citizen
A305947,2024-05-11,00:02,Jaipur,11.049161,73.956758,Clear,Moderate,Bus,Weather,2,Police
A305948,2024-08-28,21:57,Hyderabad,12.868525,68.909254,Clear,Severe,Truck,Distracted,0,Police
A305949,2023-09-23,19:49,Kolkata,25.803671,75.526491,Clear,Minor,Car,Drunk Driving,0,Police
A305950,2025-04-29,02:13,Lucknow,16.215554,73.500796,Clear,Minor,Car,Weather,0,Police
A305951,2025-01-27,12:02,Bengaluru,26.166542,73.606322,Clear,Minor,Car,Mechanical Failure,0,Police
A305952,2021-11-12,20:42,Kolkata,9.382757,71.000928,Clear,Moderate,Motorcycle,Drunk Driving,0,Police
A305953,2021-02-08,19:50,Pune,9.584289,68.332793,Clear,Moderate,Car,Drunk Driving,0,Citizen
A305954,2022-12-10,13:18,Bengaluru,27.979696,70.446401,Hazy,Minor,Truck,Unknown,0,Police
A305955,2021-03-01,09:02,Lucknow,10.829586,77.58262,Clear,Minor,Car,Speeding,0,Police
A305956,2021-12-12,10:53,Chennai,16.360479,70.523751,Clear,Minor,Motorcycle,Unknown,1,Police
A305957,2023-08-21,19:42,Hyderabad,19.469545,69.168527,Fog,Minor,Truck,Drunk Driving,1,Police
A305958,2021-02-26,02:53,Delhi,25.036594,72.1722,Clear,Severe,Motorcycle,Speeding,0,Police
A305959,2023-11-28,15:50,Lucknow,18.011681,76.183371,Clear,Minor,Motorcycle,Speeding,1,Police
A305960,2022-01-08,04:49,Pune,19.521432,68.483768,Rain,Minor,Truck,Unknown,0,Police
A305961,2023-12-23,04:23,Lucknow,14.476342,73.501414,Rain,Minor,Truck,Mechanical Failure,1,Citizen
A305962,2025-01-17,05:30,Mumbai,11.925071,71.55764,Clear,Minor,Car,Unknown,2,Citizen
A305963,2021-01-08,20:24,Chennai,19.582281,69.301787,Clear,Minor,Motorcycle,Mechanical Failure,1,Hospital
A305964,2022-08-29,02:48,Delhi,21.562135,68.772275,Clear,Severe,Car,Drunk Driving,2,Police
A305965,2023-04-29,21:30,Chennai,25.086486,75.485601,Clear,Severe,Car,Drunk Driving,0,Police
A305966,2022-06-27,05:37,Jaipur,21.827105,72.136218,Rain,Minor,Car,Mechanical Failure,1,Police
A305967,2025-07-24,14:20,Lucknow,17.434817,68.542731,Clear,Minor,Bus,Weather,0,Police
A305968,2023-10-04,17:05,Delhi,14.612964,68.970467,Clear,Moderate,Bicycle,Bad Road,0,Citizen
A305969,2024-10-05,22:57,Kolkata,9.813198,71.528787,Fog,Moderate,Pedestrian,Distracted,0,Police
A305970,2022-01-13,13:12,Lucknow,21.47716,70.305926,Clear,Minor,Car,Distracted,0,Police
A305971,2021-01-17,10:08,Mumbai,21.081049,72.755176,Storm,Moderate,Car,Unknown,0,Citizen
A305972,2022-11-13,18:00,Lucknow,22.410861,71.935519,Clear,Minor,Car,Speeding,0,Police
A305973,2024-06-11,20:01,Delhi,23.416241,75.931797,Clear,Severe,Bus,Drunk Driving,1,Police
A305974,2022-01-05,10:06,Bengaluru,22.649938,75.720594,Rain,Minor,Car,Unknown,0,Police
A305975,2022-10-15,14:21,Mumbai,11.063415,72.063816,Rain,Minor,Motorcycle,Unknown,0,Hospital
A305976,2025-03-28,09:17,Chennai,24.842689,75.676162,Rain,Moderate,Truck,Drunk Driving,1,Police
A305977,2025-05-11,08:16,Bengaluru,13.719191,75.761299,Rain,Minor,Car,Bad Road,0,Insurance
A305978,2021-07-17,07:57,Kolkata,10.885731,69.903647,Fog,Minor,Car,Weather,0,Police
A305979,2022-04-05,08:45,Pune,26.521301,75.091359,Clear,Minor,Car,Distracted,1,Hospital
A305980,2021-08-25,03:29,Chennai,28.054865,75.589338,Clear,Moderate,Truck,Distracted,0,Police
A305981,2024-02-20,06:55,Chennai,24.821495,77.501734,Clear,Moderate,Car,Drunk Driving,1,Police
A305982,2021-03-25,17:42,Mumbai,20.774418,71.227458,Clear,Minor,Motorcycle,Drunk Driving,1,Police
A305983,2022-07-08,06:38,Mumbai,22.066043,75.967989,Rain,Minor,Motorcycle,Mechanical Failure,0,Police
A305984,2024-11-22,14:53,Kolkata,11.005821,69.398318,Rain,Minor,Bus,Speeding,0,Police
A305985,2023-04-14,03:24,Lucknow,9.994814,73.105674,Clear,Moderate,Car,Bad Road,1,Citizen
A305986,2023-10-14,05:38,Pune,13.795804,69.276346,Clear,Moderate,Car,Weather,0,Insurance
A305987,2022-04-06,08:06,Kolkata,11.617731,76.17375,Fog,Minor,Motorcycle,Drunk Driving,0,Police
A305988,2024-11-08,06:56,Kolkata,11.441963,74.091567,Fog,Minor,Car,Weather,0,Police
A305989,2022-10-26,11:28,Delhi,13.123197,73.576292,Rain,Moderate,Car,Mechanical Failure,1,Citizen
A305990,2025-05-25,00:42,Chennai,21.990535,73.301397,Fog,Severe,Car,Unknown,0,Police
A305991,2024-08-30,01:17,Kolkata,19.885561,74.396536,Clear,Moderate,Bus,Distracted,0,Police
A305992,2023-07-29,05:44,Lucknow,14.579903,71.481911,Rain,Minor,Car,Distracted,0,Citizen
A305993,2022-04-01,05:10,Delhi,20.526187,68.332091,Fog,Minor,Car,Weather,1,Police
A305994,2023-07-31,06:32,Delhi,9.140314,71.48816,Fog,Moderate,Motorcycle,Distracted,0,Citizen
A305995,2021-01-06,04:05,Lucknow,25.663165,74.266478,Clear,Minor,Truck,Weather,1,Police
A305996,2024-06-02,17:22,Lucknow,8.784108,76.972282,Rain,Minor,Bus,Weather,2,Citizen
A305997,2022-07-19,10:25,Lucknow,16.654961,76.235717,Rain,Minor,Car,Drunk Driving,1,Hospital
A305998,2022-11-30,07:43,Lucknow,15.191048,74.178847,Rain,Minor,Car,Bad Road,1,Police
A305999,2022-06-22,20:54,Delhi,17.11033,77.146595,Clear,Moderate,Car,Speeding,0,Police
A306000,2023-04-01,20:19,Pune,18.953597,68.342629,Rain,Moderate,Car,Weather,1,Hospital
A306001,2021-11-08,17:19,Jaipur,8.183615,71.240844,Clear,Moderate,Car,Mechanical Failure,0,Citizen
A306002,2024-09-06,22:05,Kolkata,8.487736,70.412082,Rain,Minor,Car,Drunk Driving,1,Citizen
A306003,2025-01-24,15:34,Lucknow,26.213023,76.596045,Rain,Minor,Truck,Mechanical Failure,0,Police
A306004,2021-12-05,15:11,Surat,27.63668,68.895051,Clear,Minor,Truck,Weather,0,Police
A306005,2023-09-10,05:56,Chennai,8.48981,77.365723,Storm,Severe,Bus,Speeding,0,Police
A306006,2024-09-25,16:32,Lucknow,26.263823,70.862878,Clear,Severe,Car,Drunk Driving,0,Citizen
A306007,2023-09-01,19:40,Lucknow,13.598334,71.197088,Fog,Moderate,Truck,Drunk Driving,0,Hospital
A306008,2025-06-04,00:27,Mumbai,19.958706,76.296011,Clear,Moderate,Bus,Drunk Driving,1,Police
A306009,2024-03-21,04:52,Kolkata,19.196763,71.395248,Snow (rare),Minor,Motorcycle,Weather,0,Police
A306010,2022-05-02,22:34,Jaipur,16.424279,75.975755,Rain,Minor,Bus,Drunk Driving,1,Police
A306011,2021-10-23,17:03,Surat,9.922325,75.278514,Hazy,Severe,Motorcycle,Mechanical Failure,0,Police
A306012,2023-11-09,05:40,Lucknow,25.036967,69.802198,Clear,Minor,Motorcycle,Bad Road,1,Citizen
A306013,2024-05-09,05:40,Hyderabad,14.89241,73.569083,Fog,Minor,Pedestrian,Weather,0,Citizen
A306014,2021-12-16,15:53,Surat,10.643903,73.484493,Fog,Minor,Bicycle,Speeding,1,Citizen
A306015,2022-01-25,15:19,Kolkata,21.704901,68.293013,Clear,Minor,Truck,Speeding,0,Police
A306016,2024-06-20,08:06,Kolkata,26.23312,68.378549,Storm,Severe,Bus,Speeding,0,Citizen
A306017,2021-02-06,03:22,Hyderabad,22.602263,70.91917,Clear,Minor,Car,Bad Road,1,Police
A306018,2023-09-22,02:25,Bengaluru,16.628072,72.196383,Clear,Minor,Motorcycle,Unknown,0,Police
A306019,2024-11-09,01:26,Surat,20.623267,76.822349,Clear,Fatal,Bicycle,Unknown,0,Police
A306020,2022-09-06,16:25,Surat,27.047459,70.61063,Clear,Moderate,Truck,Unknown,0,Police
A306021,2022-04-16,01:43,Bengaluru,11.363642,73.449984,Clear,Minor,Motorcycle,Speeding,2,Police
A306022,2021-08-28,21:30,Hyderabad,16.237597,72.427599,Rain,Moderate,Car,Bad Road,0,Police
A306023,2022-09-08,03:15,Lucknow,13.156043,68.544415,Clear,Minor,Motorcycle,Weather,1,Police
A306024,2024-04-27,11:29,Pune,22.478543,72.362908,Fog,Minor,Bus,Bad Road,0,Citizen
A306025,2023-03-13,04:41,Bengaluru,11.794609,73.397026,Clear,Minor,Car,Mechanical Failure,0,Police
A306026,2024-10-11,18:48,Delhi,23.084382,76.934019,Storm,Minor,Car,Drunk Driving,1,Police
A306027,2023-12-28,21:43,Lucknow,13.052263,77.607344,Clear,Minor,Bus,Distracted,0,Police
A306028,2022-11-21,06:03,Surat,25.374037,70.502283,Storm,Severe,Bus,Speeding,1,Citizen
A306029,2022-06-25,20:24,Surat,26.131602,69.922241,Rain,Minor,Car,Mechanical Failure,0,Police
A306030,2021-09-11,09:38,Pune,21.409199,70.523435,Clear,Minor,Car,Drunk Driving,1,Police
A306031,2025-04-21,00:44,Mumbai,28.077237,68.684199,Rain,Moderate,Truck,Mechanical Failure,0,Police
A306032,2025-05-28,18:30,Surat,15.372424,76.260926,Hazy,Minor,Car,Weather,0,Citizen
A306033,2021-07-03,09:33,Mumbai,28.332611,75.111333,Rain,Minor,Car,Bad Road,0,Police
A306034,2022-11-23,03:42,Pune,11.605442,74.911755,Hazy,Moderate,Motorcycle,Speeding,0,Police
A306035,2022-10-11,01:18,Surat,10.004199,76.087784,Fog,Minor,Motorcycle,Mechanical Failure,0,Hospital
A306036,2023-09-26,08:09,Bengaluru,15.939044,74.041495,Clear,Minor,Motorcycle,Speeding,0,Police
A306037,2025-04-17,17:04,Surat,15.972244,77.53191,Storm,Minor,Car,Drunk Driving,0,Citizen
A306038,2021-03-10,21:43,Mumbai,13.63147,76.502792,Clear,Fatal,Truck,Distracted,1,Police
A306039,2021-09-13,22:44,Kolkata,11.383669,68.965702,Clear,Moderate,Bus,Unknown,0,Police
A306040,2021-11-13,17:00,Lucknow,23.107326,74.68826,Clear,Moderate,Car,Unknown,0,Police
A306041,2023-06-20,21:11,Mumbai,17.239511,69.555287,Hazy,Minor,Bus,Bad Road,1,Insurance
A306042,2021-12-14,22:19,Kolkata,23.456252,72.963167,Fog,Minor,Truck,Mechanical Failure,1,Police
A306043,2024-03-07,22:01,Chennai,16.831522,75.238697,Clear,Minor,Car,Unknown,0,Hospital
A306044,2021-12-09,04:50,Pune,16.929913,77.046891,Clear,Minor,Truck,Bad Road,0,Police
A306045,2024-07-07,11:39,Kolkata,11.042266,72.790848,Clear,Minor,Bus,Distracted,1,Citizen
A306046,2023-12-06,02:30,Lucknow,10.947177,74.618049,Clear,Minor,Motorcycle,Distracted,0,Citizen
A306047,2025-02-10,10:13,Mumbai,10.131633,71.269898,Clear,Moderate,Motorcycle,Weather,0,Police
A306048,2023-04-25,03:58,Hyderabad,27.605336,71.268754,Clear,Moderate,Motorcycle,Bad Road,0,Citizen
A306049,2022-11-09,07:33,Chennai,27.762312,68.13457,Rain,Moderate,Car,Speeding,0,Police
A306050,2021-12-28,08:44,Jaipur,9.2781,71.685461,Rain,Minor,Bus,Speeding,1,Police
A306051,2022-06-05,18:05,Lucknow,23.705359,71.73954,Clear,Minor,Motorcycle,Speeding,0,Citizen
A306052,2021-10-15,17:15,Kolkata,11.654253,72.149553,Clear,Moderate,Bus,Bad Road,1,Police
A306053,2024-10-19,21:03,Delhi,11.145102,71.841829,Rain,Minor,Motorcycle,Bad Road,0,Police
A306054,2023-06-03,13:22,Hyderabad,24.124897,71.495374,Clear,Minor,Car,Bad Road,1,Hospital
A306055,2022-09-05,21:12,Mumbai,22.243505,76.598702,Rain,Moderate,Bus,Bad Road,0,Citizen
A306056,2023-01-28,10:25,Delhi,25.753771,70.321292,Rain,Moderate,Car,Bad Road,0,Police
A306057,2021-12-15,19:50,Pune,26.773954,73.026135,Storm,Severe,Car,Unknown,0,Citizen
A306058,2023-10-22,05:04,Lucknow,14.6204,77.437965,Hazy,Minor,Motorcycle,Bad Road,0,Citizen
A306059,2022-11-12,06:15,Delhi,27.045434,74.086197,Rain,Minor,Car,Speeding,1,Hospital
A306060,2022-03-21,22:28,Hyderabad,10.421187,70.999731,Clear,Moderate,Car,Distracted,0,Hospital
A306061,2022-03-05,14:36,Hyderabad,8.93284,72.621135,Clear,Moderate,Motorcycle,Drunk Driving,0,Hospital
A306062,2024-05-25,11:22,Mumbai,14.928162,77.609429,Clear,Minor,Car,Weather,1,Citizen
A306063,2021-03-13,20:04,Chennai,11.257018,69.977932,Clear,Minor,Truck,Speeding,0,Insurance
A306064,2023-09-30,15:40,Bengaluru,12.700434,74.830106,Fog,Moderate,Car,Weather,0,Citizen
A306065,2022-06-28,05:18,Kolkata,25.192779,72.829647,Snow (rare),Minor,Pedestrian,Mechanical Failure,0,Police
A306066,2023-05-03,05:32,Delhi,15.188361,69.846315,Clear,Minor,Motorcycle,Bad Road,0,Police
A306067,2021-11-04,16:53,Surat,10.739937,73.109321,Snow (rare),Minor,Motorcycle,Distracted,0,Police
A306068,2024-01-29,14:23,Pune,18.70773,70.256644,Clear,Minor,Car,Mechanical Failure,0,Police
A306069,2024-01-04,10:23,Jaipur,21.649316,76.027482,Clear,Minor,Motorcycle,Unknown,1,Police
A306070,2025-05-02,08:20,Surat,15.464559,76.068366,Clear,Minor,Pedestrian,Speeding,0,Police
A306071,2022-06-30,20:21,Chennai,13.184961,70.055279,Snow (rare),Minor,Car,Unknown,1,Citizen
A306072,2021-06-22,11:30,Mumbai,22.838757,70.595794,Fog,Minor,Motorcycle,Mechanical Failure,2,Police
A306073,2023-12-06,14:01,Kolkata,18.569479,68.432391,Clear,Moderate,Motorcycle,Unknown,0,Police
A306074,2022-03-06,08:46,Kolkata,9.129458,75.20476,Rain,Minor,Motorcycle,Distracted,1,Citizen
A306075,2022-07-16,21:18,Lucknow,25.067639,72.144859,Clear,Moderate,Car,Unknown,0,Citizen
A306076,2022-09-05,06:18,Kolkata,26.953199,77.484262,Clear,Minor,Motorcycle,Weather,2,Hospital
A306077,2024-10-17,21:53,Hyderabad,15.437121,72.485246,Clear,Moderate,Motorcycle,Bad Road,1,Hospital
A306078,2022-08-04,15:29,Chennai,16.285152,73.625938,Snow (rare),Moderate,Bus,Unknown,0,Citizen
A306079,2023-05-07,20:19,Kolkata,10.206839,75.179293,Clear,Minor,Motorcycle,Speeding,0,Insurance
A306080,2021-02-22,10:50,Hyderabad,19.660596,70.518901,Clear,Minor,Car,Bad Road,1,Police
A306081,2023-04-25,21:53,Hyderabad,10.928357,71.460189,Clear,Minor,Motorcycle,Unknown,1,Police
A306082,2025-06-24,08:14,Jaipur,14.693625,69.621345,Storm,Fatal,Bus,Bad Road,0,Police
A306083,2025-06-02,16:25,Chennai,20.320968,77.28431,Hazy,Minor,Bus,Speeding,1,Citizen
A306084,2025-04-09,04:17,Surat,26.009769,73.039828,Clear,Severe,Truck,Speeding,0,Police
A306085,2025-08-18,17:39,Kolkata,19.688935,73.871561,Storm,Minor,Bus,Unknown,0,Police
A306086,2023-01-25,15:29,Surat,20.031541,77.663535,Clear,Minor,Bicycle,Bad Road,0,Police
A306087,2024-06-28,18:38,Surat,10.009764,68.263277,Clear,Moderate,Motorcycle,Mechanical Failure,0,Police
A306088,2021-10-10,17:20,Hyderabad,11.013772,77.169515,Rain,Minor,Bus,Drunk Driving,0,Insurance
A306089,2022-12-02,06:22,Chennai,13.747624,71.330614,Clear,Moderate,Car,Weather,0,Citizen
A306090,2022-07-30,17:42,Jaipur,15.797176,74.717311,Hazy,Minor,Pedestrian,Unknown,0,Police
A306091,2025-08-02,22:30,Jaipur,12.751398,73.518337,Rain,Minor,Motorcycle,Drunk Driving,0,Police
A306092,2024-01-27,03:27,Bengaluru,27.194678,72.607825,Clear,Minor,Car,Speeding,1,Police
A306093,2024-10-07,22:26,Lucknow,17.712793,72.733413,Clear,Minor,Motorcycle,Unknown,0,Hospital
A306094,2022-11-29,00:17,Bengaluru,12.223437,68.500636,Clear,Moderate,Pedestrian,Weather,1,Citizen
A306095,2022-12-20,21:00,Surat,11.454156,73.629332,Fog,Minor,Car,Distracted,0,Police
A306096,2021-04-30,10:52,Pune,8.257874,69.066466,Rain,Minor,Car,Distracted,0,Police
A306097,2021-03-01,01:22,Chennai,13.033932,71.013128,Rain,Minor,Pedestrian,Weather,0,Citizen
A306098,2021-12-13,07:46,Delhi,20.308389,73.326039,Fog,Minor,Motorcycle,Bad Road,0,Police
A306099,2023-06-25,07:32,Hyderabad,26.890836,68.708148,Clear,Moderate,Motorcycle,Distracted,0,Police
A306100,2022-10-28,21:42,Lucknow,14.677078,69.258881,Clear,Minor,Motorcycle,Bad Road,0,Citizen
A306101,2021-11-17,18:24,Kolkata,26.791551,72.022457,Clear,Minor,Motorcycle,Distracted,1,Insurance
A306102,2022-02-11,17:14,Delhi,25.024991,77.672574,Rain,Minor,Pedestrian,Weather,0,Police
A306103,2022-08-29,16:22,Pune,24.288023,76.126495,Clear,Moderate,Car,Distracted,0,Police
A306104,2025-09-19,00:07,Kolkata,10.07776,77.389843,Rain,Minor,Car,Drunk Driving,0,Police
A306105,2024-10-14,09:34,Bengaluru,16.910931,71.649628,Clear,Minor,Motorcycle,Speeding,0,Police
A306106,2023-10-01,09:19,Hyderabad,10.134852,72.141463,Clear,Minor,Motorcycle,Mechanical Failure,0,Citizen
A306107,2023-07-16,18:16,Lucknow,26.198921,76.522315,Storm,Minor,Truck,Unknown,0,Hospital
A306108,2022-09-04,10:54,Bengaluru,26.399717,75.912544,Fog,Moderate,Car,Drunk Driving,1,Citizen
A306109,2023-09-17,21:29,Hyderabad,26.667239,69.956794,Clear,Moderate,Car,Bad Road,0,Citizen
A306110,2023-05-13,08:36,Chennai,25.995998,71.845011,Clear,Minor,Bus,Unknown,0,Citizen
A306111,2024-07-06,09:51,Lucknow,10.115616,70.102084,Clear,Moderate,Motorcycle,Drunk Driving,0,Citizen
A306112,2022-06-27,00:22,Kolkata,19.026897,74.079335,Rain,Minor,Bus,Unknown,0,Citizen
A306113,2025-03-27,01:05,Lucknow,27.102019,70.409374,Clear,Fatal,Motorcycle,Bad Road,1,Insurance
A306114,2023-10-04,18:06,Bengaluru,28.6082,76.924715,Fog,Moderate,Car,Bad Road,0,Insurance
A306115,2025-03-29,00:38,Lucknow,12.459096,69.050693,Clear,Minor,Car,Mechanical Failure,1,Citizen
A306116,2025-08-15,03:34,Surat,21.273435,75.470634,Clear,Severe,Car,Distracted,0,Police
A306117,2024-04-25,12:52,Pune,28.468395,70.976877,Clear,Moderate,Car,Distracted,0,Citizen
A306118,2021-05-20,10:19,Kolkata,26.991879,73.475608,Rain,Minor,Bus,Speeding,1,Hospital
A306119,2023-05-14,22:04,Chennai,23.876851,77.229029,Rain,Severe,Motorcycle,Speeding,0,Citizen
A306120,2024-05-17,21:49,Lucknow,17.982307,70.863088,Rain,Minor,Car,Bad Road,1,Hospital
A306121,2024-02-18,06:06,Kolkata,28.639066,69.150881,Storm,Moderate,Truck,Weather,0,Police
A306122,2022-03-03,15:11,Mumbai,23.922836,76.914802,Hazy,Minor,Car,Weather,0,Police
A306123,2023-07-11,12:02,Surat,25.193275,69.386318,Clear,Moderate,Truck,Drunk Driving,1,Citizen
A306124,2023-07-04,12:19,Delhi,16.416013,68.679329,Clear,Minor,Motorcycle,Drunk Driving,0,Police
A306125,2021-03-21,18:08,Hyderabad,15.912477,72.615814,Clear,Minor,Truck,Speeding,1,Citizen
A306126,2021-04-19,04:31,,18.047564,76.294701,Clear,Moderate,Car,Mechanical Failure,0,Police
A306127,2024-03-18,14:30,Surat,13.979247,73.825144,Clear,Minor,Motorcycle,Speeding,1,Hospital
A306128,2023-06-22,18:42,Delhi,24.127018,72.433502,Rain,Minor,Truck,Mechanical Failure,0,Police
A306129,2022-12-12,12:11,Surat,18.809904,69.810867,Fog,Moderate,Car,Weather,0,Police
A306130,2023-12-25,09:47,,12.20809,71.348063,Rain,Moderate,Motorcycle,Speeding,2,Citizen
A306131,2023-08-29,15:38,Surat,8.987942,69.01457,Clear,Minor,Car,Distracted,0,Police
A306132,2024-05-31,10:01,Hyderabad,22.9828,71.636489,Clear,Moderate,Bus,Weather,0,Police
A306133,2021-05-06,02:01,Mumbai,28.106268,72.399154,Hazy,Minor,Pedestrian,Weather,0,Hospital
A306134,2021-01-27,06:34,Kolkata,17.063464,68.186229,Rain,Minor,Motorcycle,Drunk Driving,0,Hospital
A306135,2022-12-18,15:06,Mumbai,11.128826,70.830379,Storm,Minor,Car,Drunk Driving,0,Citizen
A306136,2021-05-31,09:25,Chennai,10.090512,76.263886,Clear,Minor,Car,Unknown,1,Hospital
A306137,2021-10-05,16:00,Bengaluru,8.537313,69.12721,Rain,Minor,Motorcycle,Drunk Driving,0,Citizen
A306138,2025-03-12,15:27,Kolkata,28.470301,71.132001,Rain,Severe,Car,Speeding,0,Police
A306139,2023-10-08,03:39,Mumbai,11.702259,72.890513,Storm,Minor,Motorcycle,Weather,0,Citizen
A306140,2022-03-13,02:38,Mumbai,25.871312,73.184464,Rain,Minor,Motorcycle,Drunk Driving,0,Citizen
A306141,2022-06-21,20:00,Hyderabad,16.800979,77.297563,Clear,Moderate,Car,Distracted,0,Police
A306142,2021-05-20,08:48,Surat,13.848374,70.984769,Fog,Minor,Motorcycle,Mechanical Failure,0,Police
A306143,2022-05-23,01:47,Mumbai,8.504173,75.937246,Fog,Severe,Car,Speeding,0,Citizen
A306144,2021-11-17,10:17,Bengaluru,12.900715,77.406152,Clear,Moderate,Car,Unknown,0,Police
A306145,2021-08-11,18:42,Bengaluru,16.87514,75.524705,Clear,Minor,Motorcycle,Unknown,0,Citizen
A306146,2024-09-15,12:48,Lucknow,12.119928,76.355228,Clear,Minor,Car,Bad Road,0,Citizen
A306147,2022-10-02,04:09,Chennai,16.452119,72.746142,Hazy,Minor,Car,Weather,2,Police
A306148,2023-03-23,22:07,Hyderabad,8.624561,69.87527,Snow (rare),Moderate,Car,Unknown,0,Police
A306149,2025-09-14,22:20,Surat,22.658402,69.665892,Clear,Minor,Pedestrian,Drunk Driving,0,Police
A306150,2025-05-17,07:06,Bengaluru,9.60853,75.328408,Clear,Moderate,Bus,Bad Road,0,Police
A306151,2021-04-13,06:47,Delhi,26.121555,76.56122,Clear,Minor,Bus,Unknown,0,Police
A306152,2023-11-29,16:44,Chennai,8.953639,73.656388,Clear,Minor,Motorcycle,Distracted,0,Citizen
A306153,2023-08-23,22:26,Hyderabad,27.976562,68.609818,Clear,Fatal,Motorcycle,Speeding,0,Police
A306154,2022-01-04,16:51,Surat,13.663796,75.864202,Fog,Minor,Motorcycle,Weather,1,Insurance
A306155,2023-07-27,18:10,Pune,21.539716,73.594312,Rain,Minor,Car,Distracted,0,Citizen
A306156,2024-05-20,22:56,Bengaluru,8.14017,68.591125,Clear,Moderate,Motorcycle,Mechanical Failure,0,Police
A306157,2021-09-13,07:10,Bengaluru,9.051868,73.968859,Clear,Minor,Car,Speeding,1,Police
A306158,2022-01-20,04:01,Hyderabad,10.971339,75.632559,Rain,Minor,Car,Weather,0,Police
A306159,2025-06-29,22:38,Lucknow,26.308955,70.070318,Clear,Minor,Motorcycle,Unknown,0,Police
A306160,2021-07-10,05:51,Pune,16.9791,73.293935,Rain,Minor,Bus,Unknown,1,Police
A306161,2022-03-07,11:19,Kolkata,16.222563,74.244125,Rain,Moderate,Pedestrian,Bad Road,0,Police
A306162,2025-07-27,15:26,Lucknow,24.422628,74.268673,Clear,Fatal,Motorcycle,Weather,0,Police
A306163,2023-04-13,15:16,Delhi,13.128249,69.814037,Clear,Moderate,Car,Bad Road,1,Hospital
A306164,2021-06-19,04:27,Pune,12.019142,73.00367,Clear,Fatal,Motorcycle,Mechanical Failure,0,Police
A306165,2023-11-22,17:15,Mumbai,18.659296,74.59651,Clear,Minor,Car,Mechanical Failure,0,Citizen
A306166,2021-05-03,18:46,Jaipur,9.38982,76.40974,Fog,Minor,Car,Drunk Driving,0,Citizen
A306167,2025-05-30,22:07,Jaipur,26.455172,72.661048,Clear,Minor,Motorcycle,Speeding,2,Police
A306168,2023-11-03,10:37,Mumbai,22.324748,75.086198,Rain,Minor,Car,Distracted,0,Police
A306169,2023-12-14,11:33,Bengaluru,13.722647,73.1811,Clear,Minor,Bus,Weather,0,Citizen
A306170,2021-09-27,13:18,Surat,12.567905,68.117531,Hazy,Moderate,Motorcycle,Mechanical Failure,0,Police
A306171,2024-10-09,03:21,Lucknow,17.640472,76.090861,Hazy,Moderate,Car,Speeding,0,Citizen
A306172,2022-09-11,19:11,Bengaluru,9.012052,77.405957,Clear,Minor,Motorcycle,Weather,1,Police
A306173,2022-01-21,00:30,Surat,8.939618,72.117481,Hazy,Minor,Bus,Distracted,0,Hospital
A306174,2024-09-19,11:44,Surat,25.218172,70.247196,Clear,Minor,Motorcycle,Mechanical Failure,1,Police
A306175,2022-04-11,10:51,Kolkata,26.597513,76.549764,Snow (rare),Minor,Motorcycle,Speeding,1,Citizen
A306176,2024-08-15,14:17,Hyderabad,16.080816,72.31152,Clear,Minor,Car,Speeding,0,Insurance
A306177,2025-06-15,16:52,Kolkata,8.493726,71.773012,Clear,Moderate,Motorcycle,Bad Road,0,Citizen
A306178,2024-12-01,22:55,Surat,27.491816,76.395067,Hazy,Minor,Bicycle,Drunk Driving,0,Police
A306179,2022-11-11,17:41,Mumbai,16.851636,70.32723,Fog,Minor,Motorcycle,Unknown,0,Insurance
A306180,2021-04-03,02:57,Pune,28.372239,70.919949,Hazy,Minor,Truck,Weather,1,Police
A306181,2024-06-21,00:45,Lucknow,10.456222,73.22708,Rain,Moderate,Motorcycle,Mechanical Failure,0,Hospital
A306182,2023-06-22,17:46,Lucknow,14.037379,76.929595,Rain,Minor,Car,Bad Road,0,Police
A306183,2021-06-22,18:34,Hyderabad,12.304804,68.192623,Clear,Minor,Bus,Distracted,0,Police
A306184,2025-08-03,14:44,Surat,17.335755,76.471164,Storm,Minor,Truck,Distracted,0,Citizen
A306185,2021-06-25,11:50,Delhi,12.463337,70.635336,Fog,Minor,Truck,Drunk Driving,0,Insurance
A306186,2021-06-28,12:19,Kolkata,27.81459,68.872937,Clear,Minor,Bus,Weather,0,Police
A306187,2022-10-18,07:41,Mumbai,11.554144,73.321384,Rain,Severe,Car,Speeding,0,Police
A306188,2022-12-23,22:13,Pune,19.732201,70.379512,Rain,Minor,Car,Mechanical Failure,0,Police
A306189,2021-02-19,03:06,Mumbai,27.43971,70.712174,Clear,Fatal,Car,Weather,0,Police
A306190,2023-01-05,19:33,Bengaluru,26.764737,69.027263,Rain,Minor,Bus,Speeding,0,Citizen
A306191,2023-10-18,07:30,Bengaluru,18.74691,72.946684,Clear,Minor,Motorcycle,Unknown,0,Police
A306192,2024-10-30,05:20,Jaipur,19.339082,70.709997,Clear,Severe,Bus,Weather,1,Hospital
A306193,2022-08-26,21:46,Pune,22.53426,71.751309,Clear,Minor,Truck,Weather,1,Citizen
A306194,2023-01-09,20:56,Chennai,17.019583,74.17777,Hazy,Minor,Motorcycle,Drunk Driving,0,Police
A306195,2023-12-27,10:15,Hyderabad,21.26458,75.747945,Hazy,Minor,Car,Bad Road,0,Citizen
A306196,2025-04-21,08:13,Lucknow,11.376174,70.656717,Hazy,Minor,Motorcycle,Unknown,0,Police
A306197,2023-10-19,18:04,Pune,22.314538,76.428542,Rain,Moderate,Car,Speeding,1,Hospital
A306198,2024-11-07,21:13,Chennai,22.208009,71.254831,Clear,Minor,Bus,Mechanical Failure,0,Citizen
A306199,2023-01-21,12:03,Mumbai,11.927149,76.38844,Rain,Moderate,Car,Unknown,1,Hospital
A306200,2023-02-27,05:27,Kolkata,11.54183,72.016133,Clear,Minor,Car,Weather,0,Citizen
A306201,2023-07-17,03:17,Hyderabad,23.724165,75.653565,Hazy,Minor,Bicycle,Weather,0,Police
A306202,2022-05-14,04:31,Chennai,20.41285,69.929553,Clear,Fatal,Car,Weather,0,Insurance
A306203,2024-02-12,03:39,Mumbai,8.070676,70.100824,Fog,Minor,Motorcycle,Distracted,0,Police
A306204,2022-04-26,05:02,Pune,19.415418,74.884284,Rain,Moderate,Car,Distracted,0,Citizen
A306205,2023-12-22,18:55,Chennai,16.216261,76.407105,Rain,Moderate,Car,Bad Road,1,Police
A306206,2021-10-20,00:33,Chennai,23.247535,70.812705,Fog,Severe,Motorcycle,Unknown,1,Police
A306207,2022-04-06,03:27,Hyderabad,8.476524,72.994292,Rain,Minor,Car,Drunk Driving,0,Hospital
A306208,2021-04-15,20:50,Mumbai,16.877074,69.823403,Fog,Minor,Motorcycle,Unknown,0,Police
A306209,2022-06-19,04:46,Chennai,20.786458,72.883436,Clear,Minor,Pedestrian,Unknown,0,Police
A306210,2021-04-14,05:17,Delhi,27.554936,72.537624,Snow (rare),Minor,Bus,Mechanical Failure,1,Police
A306211,2022-07-03,09:33,Chennai,27.023868,71.141183,Rain,Minor,Car,Distracted,2,Police
A306212,2021-12-11,14:28,Surat,16.138157,73.289443,Clear,Minor,Motorcycle,Distracted,1,Police
A306213,2022-08-31,05:49,Lucknow,14.306099,68.396185,Clear,Minor,Bus,Weather,1,Police
A306214,2025-06-05,03:11,Hyderabad,15.574264,69.806619,Clear,Minor,Motorcycle,Speeding,0,Police
A306215,2024-11-26,01:27,Surat,19.996302,69.038781,Clear,Minor,Car,Unknown,0,Citizen
A306216,2022-06-03,12:43,Pune,25.826456,74.992515,Clear,Fatal,Car,Bad Road,0,Police
A306217,2022-04-14,01:21,Chennai,18.293245,70.968162,Clear,Minor,Bus,Weather,0,Police
A306218,2025-04-04,02:55,Hyderabad,27.842219,71.659196,Hazy,Minor,Car,Mechanical Failure,0,Police
A306219,2023-11-20,16:55,Kolkata,28.192111,70.384322,Clear,Moderate,Car,Mechanical Failure,1,Police
A306220,2021-11-01,00:48,Chennai,27.044545,72.937181,Hazy,Minor,Motorcycle,Drunk Driving,0,Police
A306221,2022-10-18,16:31,Mumbai,10.989033,74.693795,Rain,Moderate,Motorcycle,Weather,1,Police
A306222,2021-12-12,12:55,Pune,26.47666,69.639081,Rain,Moderate,Motorcycle,Bad Road,2,Citizen
A306223,2024-04-28,04:48,Chennai,24.76996,70.169481,Clear,Moderate,Motorcycle,Speeding,0,Citizen
A306224,2025-03-18,17:58,Hyderabad,21.043321,76.194903,Hazy,Minor,Car,Weather,2,Police
A306225,2025-04-25,21:57,Pune,22.375975,69.539767,Clear,Moderate,Car,Weather,1,Police
A306226,2025-03-14,03:06,Delhi,18.474135,73.706529,Rain,Minor,Motorcycle,Drunk Driving,0,Police
A306227,2024-08-12,22:20,Surat,26.446399,73.187401,Hazy,Minor,Bus,Weather,0,Citizen
A306228,2024-02-13,12:32,Pune,12.757441,77.598834,Clear,Minor,Bicycle,Weather,0,Citizen
A306229,2022-11-10,08:43,Delhi,8.904524,77.197785,Clear,Minor,Car,Unknown,0,Insurance
A306230,2023-04-02,17:33,Surat,13.903619,76.523286,Clear,Minor,Motorcycle,Drunk Driving,0,Police
A306231,2023-04-19,00:31,Surat,12.692976,72.586151,Clear,Minor,Bus,Drunk Driving,0,Police
A306232,2023-11-30,09:18,Chennai,20.206404,77.656263,Clear,Minor,Bus,Weather,0,Citizen
A306233,2025-04-28,09:47,Delhi,19.553107,76.710196,Clear,Minor,Motorcycle,Unknown,0,Insurance
A306234,2025-03-02,21:06,Lucknow,16.300822,74.886773,Clear,Moderate,Car,Unknown,0,Hospital
A306235,2022-08-27,18:55,Pune,28.458487,72.172561,Clear,Minor,Car,Drunk Driving,0,Police
A306236,2022-07-04,22:12,Chennai,20.814224,73.974294,Clear,Minor,Truck,Distracted,1,Police
A306237,2021-04-10,14:29,Jaipur,8.157287,70.45395,Rain,Fatal,Motorcycle,Weather,2,Police
A306238,2025-08-14,12:52,Mumbai,23.063386,77.626754,Clear,Minor,Car,Distracted,0,Police
A306239,2023-04-12,22:10,Bengaluru,8.202324,73.750758,Clear,Minor,Truck,Unknown,0,Citizen
A306240,2022-01-18,20:53,Hyderabad,20.573002,72.179344,Rain,Moderate,Motorcycle,Bad Road,1,Citizen
A306241,2022-10-01,10:01,Mumbai,14.368144,76.996644,Clear,Severe,Car,Drunk Driving,0,Police
A306242,2022-12-27,21:30,Jaipur,28.614259,70.173963,Clear,Moderate,Motorcycle,Unknown,0,Police
A306243,2022-03-17,14:18,Chennai,14.486091,71.15007,Clear,Moderate,Car,Speeding,0,Hospital
A306244,2024-02-14,14:26,Hyderabad,9.588819,71.914863,Rain,Moderate,Motorcycle,Weather,1,Police
A306245,2025-09-27,18:14,Hyderabad,21.969218,75.876169,Fog,Moderate,Motorcycle,Mechanical Failure,0,Police
A306246,2025-01-07,05:25,Chennai,15.802726,73.140104,Clear,Minor,Car,Distracted,1,Police
A306247,2025-09-15,19:26,Hyderabad,9.203625,76.495978,Clear,Minor,Bus,Unknown,0,Police
A306248,2024-04-13,14:48,Hyderabad,21.073052,68.119481,Clear,Moderate,Truck,Bad Road,0,Police
A306249,2021-12-02,20:26,Lucknow,11.210494,68.028441,Fog,Minor,Motorcycle,Bad Road,0,Hospital
A306250,2021-12-26,07:04,Surat,8.01283,74.288316,Fog,Minor,Motorcycle,Bad Road,0,Citizen
A306251,2025-01-13,09:46,Bengaluru,14.886988,73.015427,Clear,Moderate,Motorcycle,Distracted,0,Citizen
A306252,2021-08-08,19:15,Delhi,26.957785,74.879274,Clear,Severe,Car,Bad Road,0,Hospital
A306253,2025-05-31,07:24,,15.485529,70.793396,Clear,Moderate,Motorcycle,Weather,0,Citizen
A306254,2025-01-18,20:55,Hyderabad,24.991117,74.245995,Hazy,Minor,Motorcycle,Drunk Driving,1,Hospital
A306255,2024-01-19,10:08,Kolkata,14.861683,70.752928,Clear,Minor,Bus,Speeding,0,Citizen
A306256,2025-02-02,14:57,Bengaluru,20.410242,72.568163,Rain,Minor,Pedestrian,Speeding,0,Citizen
A306257,2025-03-24,19:08,Hyderabad,9.46905,71.234949,Rain,Fatal,Bus,Bad Road,0,Police
A306258,2022-07-24,19:25,,23.723647,71.14282,Clear,Minor,Car,Distracted,2,Police
A306259,2023-02-14,22:38,Kolkata,17.53355,69.604191,Fog,Minor,Motorcycle,Weather,1,Citizen
A306260,2021-09-21,20:01,Lucknow,25.973874,72.148767,Clear,Minor,Bus,Speeding,1,Police
A306261,2024-02-26,07:46,Mumbai,27.354894,70.031682,Snow (rare),Minor,Car,Mechanical Failure,0,Police
A306262,2024-11-10,10:47,Chennai,17.525878,73.481792,Clear,Severe,Car,Distracted,0,Police
A306263,2021-07-05,12:09,Mumbai,19.317092,69.081992,Rain,Moderate,Truck,Bad Road,0,Police
A306264,2021-11-19,04:37,Surat,8.038046,75.283204,Rain,Moderate,Motorcycle,Speeding,1,Police
A306265,2022-05-22,04:44,Jaipur,28.192282,73.526786,Rain,Moderate,Car,Drunk Driving,0,Police
A306266,2021-05-31,03:45,Pune,23.148629,74.446696,Clear,Minor,Motorcycle,Bad Road,1,Police
A306267,2021-06-18,13:26,Kolkata,13.003339,76.902969,Clear,Minor,Motorcycle,Mechanical Failure,0,Citizen
A306268,2023-07-30,12:47,Delhi,24.815054,71.746748,Clear,Minor,Truck,Distracted,0,Citizen
A306269,2022-02-10,03:26,Lucknow,23.546005,69.747107,Clear,Minor,Motorcycle,Speeding,0,Police
A306270,2024-10-05,02:33,Jaipur,17.338251,68.904731,Rain,Fatal,Bus,Weather,0,Citizen
A306271,2024-10-03,18:19,Lucknow,23.434938,77.343764,Clear,Severe,Motorcycle,Weather,0,Police
A306272,2024-09-17,16:41,Hyderabad,9.420677,76.126461,Clear,Minor,Motorcycle,Speeding,0,Police
A306273,2023-07-22,15:18,Surat,26.49294,70.354901,Clear,Moderate,Car,Unknown,1,Police
A306274,2023-08-30,18:25,Chennai,22.321442,68.652989,Rain,Minor,Motorcycle,Bad Road,1,Police
A306275,2022-04-07,21:45,Pune,25.063549,68.305926,Fog,Moderate,Car,Weather,0,Citizen
A306276,2025-01-29,22:53,Kolkata,20.676676,76.383127,Clear,Minor,Motorcycle,Weather,0,Citizen
A306277,2021-07-15,18:07,Hyderabad,25.369155,74.556228,Clear,Minor,Motorcycle,Speeding,1,Insurance
A306278,2024-06-03,18:08,Mumbai,11.21933,72.828753,Storm,Minor,Motorcycle,Drunk Driving,0,Police
A306279,2023-01-02,04:37,Hyderabad,10.98237,72.042274,Rain,Minor,Bicycle,Drunk Driving,1,Police
A306280,2023-05-07,11:42,Chennai,21.959633,76.454697,Hazy,Minor,Motorcycle,Unknown,0,Police
A306281,2025-09-18,05:54,Kolkata,18.057586,72.73431,Clear,Severe,Motorcycle,Speeding,0,Police
A306282,2024-02-11,08:35,Hyderabad,20.52341,77.311982,Clear,Minor,Truck,Distracted,0,Hospital
A306283,2024-10-30,21:00,Lucknow,13.194422,74.984302,Rain,Minor,Truck,Bad Road,2,Police
A306284,2023-08-03,09:34,,26.477414,68.193779,Clear,Minor,Car,Drunk Driving,2,Police
A306285,2021-09-02,04:09,Bengaluru,22.444918,72.837158,Rain,Minor,Car,Mechanical Failure,0,Citizen
A306286,2024-04-25,14:11,Hyderabad,13.313596,74.417623,Rain,Fatal,Bus,Weather,1,Hospital
A306287,2024-06-22,06:48,,15.936216,69.249714,Fog,Moderate,Motorcycle,Unknown,2,Hospital
A306288,2021-01-18,14:15,Hyderabad,11.775851,70.354974,Clear,Moderate,Motorcycle,Speeding,0,Citizen
A306289,2021-12-06,17:17,Kolkata,11.632214,73.114548,Clear,Severe,Car,Bad Road,1,Citizen
A306290,2023-01-23,08:57,Lucknow,20.601865,68.535439,Rain,Minor,Motorcycle,Speeding,1,Police
A306291,2023-07-26,06:42,Delhi,22.785219,75.138104,Rain,Minor,Pedestrian,Distracted,0,Citizen
A306292,2022-03-12,06:01,Chennai,23.171067,73.571073,Rain,Moderate,Car,Weather,1,Hospital
A306293,2024-01-13,06:10,Mumbai,21.394232,76.021948,Clear,Minor,Car,Weather,0,Police
A306294,2024-05-25,22:11,Surat,15.925972,73.249909,Clear,Minor,Car,Unknown,1,Police
A306295,2021-05-18,08:01,Kolkata,26.395207,77.45809,Fog,Minor,Car,Distracted,0,Citizen
A306296,2024-06-14,01:51,Pune,8.927221,74.630902,Rain,Minor,Car,Distracted,0,Police
A306297,2022-10-25,02:57,Surat,17.292315,72.562296,Hazy,Minor,Bus,Bad Road,0,Police
A306298,2025-06-08,05:40,Hyderabad,24.353319,71.389464,Hazy,Severe,Truck,Speeding,0,Police
A306299,2025-05-10,17:02,Delhi,22.455382,75.692493,Rain,Moderate,Car,Distracted,1,Police
A306300,2022-09-01,08:25,Lucknow,20.73044,70.941757,Clear,Minor,Truck,Mechanical Failure,1,Police
A306301,2022-06-24,10:55,Bengaluru,25.022168,70.015917,Clear,Minor,Car,Speeding,0,Police
A306302,2023-07-31,01:20,Pune,22.421147,69.46,Clear,Moderate,Bus,Mechanical Failure,2,Insurance
A306303,2023-06-16,20:16,Delhi,9.614686,74.525982,Clear,Moderate,Car,Weather,1,Police
A306304,2022-03-16,11:57,Surat,27.706582,71.850212,Rain,Minor,Car,Mechanical Failure,0,Citizen
A306305,2024-10-19,17:06,Lucknow,12.477657,70.823075,Clear,Moderate,Bus,Unknown,1,Citizen
A306306,2021-10-28,10:29,Kolkata,24.532673,75.525231,Clear,Minor,Car,Drunk Driving,0,Hospital
A306307,2021-03-29,05:01,Surat,20.337487,75.669309,Clear,Moderate,Pedestrian,Unknown,0,Insurance
A306308,2021-07-02,13:05,Surat,13.888124,73.608248,Hazy,Moderate,Car,Weather,0,Police
A306309,2021-01-30,18:17,Lucknow,9.236943,69.241028,Rain,Minor,Motorcycle,Distracted,0,Citizen
A306310,2024-07-14,05:02,Bengaluru,25.352688,74.368134,Clear,Severe,Bus,Unknown,1,Police
A306311,2022-07-31,22:02,Delhi,14.360521,72.215408,Rain,Minor,Car,Mechanical Failure,1,Hospital
A306312,2022-10-29,06:46,Mumbai,16.756311,77.596816,Rain,Severe,Motorcycle,Drunk Driving,0,Hospital
A306313,2024-07-17,17:00,Chennai,23.280216,77.349779,Clear,Minor,Motorcycle,Distracted,0,Police
A306314,2025-04-11,04:57,Hyderabad,25.885655,76.770472,Clear,Minor,Bus,Distracted,0,Citizen
A306315,2023-12-11,08:47,Surat,26.548335,72.7348,Rain,Moderate,Car,Mechanical Failure,0,Police
A306316,2022-06-21,07:52,Mumbai,15.777116,71.629336,Rain,Minor,Car,Unknown,0,Police
A306317,2022-01-08,20:05,Bengaluru,17.829774,72.425968,Hazy,Minor,Bus,Distracted,0,Citizen
A306318,2023-04-24,18:15,Hyderabad,26.805178,72.538648,Clear,Moderate,Motorcycle,Mechanical Failure,1,Citizen
A306319,2022-06-29,00:11,Surat,19.632816,70.29692,Rain,Moderate,Car,Unknown,1,Citizen
A306320,2023-06-28,01:22,Bengaluru,26.582467,68.228827,Snow (rare),Minor,Motorcycle,Drunk Driving,0,Police
A306321,2023-03-27,05:12,Chennai,25.314221,74.368878,Clear,Minor,Bus,Speeding,0,Citizen
A306322,2021-05-02,16:27,Pune,20.383151,69.577543,Fog,Minor,Truck,Mechanical Failure,1,Insurance
A306323,2021-11-09,11:29,Pune,16.246568,73.839792,Rain,Minor,Truck,Unknown,0,Insurance
A306324,2022-06-25,06:17,Mumbai,9.733356,74.006877,Rain,Moderate,Motorcycle,Distracted,0,Citizen
A306325,2023-02-15,12:24,Chennai,24.231368,76.678636,Rain,Fatal,Motorcycle,Mechanical Failure,0,Hospital
A306326,2023-06-01,06:00,Bengaluru,26.915088,68.852364,Rain,Minor,Motorcycle,Distracted,0,Police
A306327,2023-02-15,12:45,Pune,16.16763,71.743409,Clear,Minor,Bus,Distracted,0,Citizen
A306328,2024-04-02,09:58,Hyderabad,22.970795,71.666965,Clear,Severe,Bus,Speeding,1,Police
A306329,2021-09-21,01:29,Bengaluru,19.731892,69.49701,Rain,Moderate,Motorcycle,Speeding,0,Citizen
A306330,2022-10-30,17:24,Bengaluru,28.658367,72.935413,Rain,Minor,Car,Bad Road,1,Police
A306331,2023-10-23,01:57,Lucknow,28.488634,71.437744,Clear,Minor,Motorcycle,Unknown,0,Police
A306332,2024-10-21,02:40,Delhi,13.657928,68.796003,Clear,Minor,Motorcycle,Drunk Driving,0,Hospital
A306333,2025-05-16,11:58,Mumbai,20.484337,72.633412,Rain,Minor,Motorcycle,Drunk Driving,0,Hospital
A306334,2021-04-20,11:35,Hyderabad,13.344314,77.113658,Rain,Minor,Motorcycle,Speeding,0,Citizen
A306335,2024-11-26,10:07,Jaipur,20.165694,77.114544,Rain,Minor,Car,Bad Road,0,Citizen
A306336,2025-02-03,20:34,Chennai,13.469363,76.993415,Clear,Severe,Truck,Distracted,1,Insurance
A306337,2023-09-09,04:03,Surat,24.325944,73.436752,Clear,Minor,Truck,Bad Road,0,Police
A306338,2024-04-28,18:41,Delhi,17.932657,77.416248,Rain,Minor,Car,Weather,0,Police
A306339,2024-09-09,16:08,Hyderabad,22.39085,72.544146,Clear,Minor,Motorcycle,Mechanical Failure,0,Police
A306340,2023-12-27,00:08,Hyderabad,22.891537,75.892037,Clear,Minor,Bicycle,Drunk Driving,0,Citizen
A306341,2023-02-18,21:48,Lucknow,26.494179,76.840544,Clear,Moderate,Motorcycle,Unknown,0,Police
A306342,2025-07-06,13:23,Pune,25.058203,76.117768,Clear,Moderate,Bicycle,Distracted,0,Police
A306343,2021-02-17,11:31,Mumbai,26.002788,68.982435,Clear,Minor,Bicycle,Mechanical Failure,0,Police
A306344,2024-06-30,20:22,Bengaluru,17.813597,72.816176,Rain,Minor,Truck,Drunk Driving,1,Citizen
A306345,2021-12-05,03:19,Pune,14.703312,77.323815,Clear,Minor,Pedestrian,Drunk Driving,0,Citizen
A306346,2025-04-05,19:03,Delhi,21.924195,72.333632,Clear,Minor,Car,Unknown,0,Police
A306347,2022-07-29,16:23,Surat,16.901474,70.810951,Clear,Moderate,Bicycle,Speeding,0,Police
A306348,2023-12-18,01:28,Mumbai,21.655976,74.745263,Clear,Minor,Car,Speeding,1,Insurance
A306349,2024-08-30,02:15,Delhi,27.873097,69.888501,Clear,Moderate,Car,Bad Road,0,Police
A306350,2023-10-27,00:46,Lucknow,17.144233,68.529439,Clear,Minor,Car,Distracted,3,Police
A306351,2025-04-28,01:43,Surat,24.865436,77.513655,Clear,Minor,Motorcycle,Distracted,1,Citizen
A306352,2021-01-12,08:02,Chennai,23.000629,76.221539,Clear,Minor,Car,Mechanical Failure,2,Police
A306353,2021-06-28,20:48,Pune,24.559963,70.530338,Clear,Minor,Motorcycle,Drunk Driving,0,Police
A306354,2025-09-15,20:33,Pune,28.164369,75.241727,Clear,Minor,Bus,Drunk Driving,0,Police
A306355,2021-04-06,14:07,Chennai,17.188066,73.545672,Clear,Moderate,Car,Drunk Driving,0,Police
A306356,2025-03-19,10:21,Lucknow,9.877542,71.297309,Clear,Minor,Pedestrian,Distracted,0,Police
A306357,2025-05-06,13:36,Chennai,22.70499,75.984806,Clear,Minor,Car,Bad Road,2,Police
A306358,2024-08-29,06:46,Surat,12.535815,72.810011,Rain,Minor,Motorcycle,Unknown,0,Police
A306359,2023-02-22,09:21,Delhi,27.907823,68.942174,Fog,Minor,Motorcycle,Distracted,0,Police
A306360,2023-08-11,16:51,Bengaluru,27.282426,69.832252,Rain,Minor,Motorcycle,Speeding,0,Citizen
A306361,2021-10-03,10:25,Kolkata,13.42827,72.131751,Clear,Minor,Car,Distracted,0,Police
A306362,2022-09-18,13:01,Lucknow,20.299388,73.766557,Clear,Minor,Car,Unknown,0,Police
A306363,2022-02-06,01:03,Bengaluru,9.32316,68.405551,Clear,Minor,Bus,Unknown,0,Police
A306364,2023-01-24,05:27,Delhi,13.802502,75.48663,Clear,Minor,Bus,Bad Road,0,Police
A306365,2024-12-24,17:42,Lucknow,17.243115,77.310133,Fog,Minor,Bus,Speeding,1,Police
A306366,2021-07-10,00:14,Jaipur,10.513478,73.481661,Clear,Minor,Motorcycle,Mechanical Failure,0,Citizen
A306367,2025-02-14,22:31,Chennai,18.71021,71.141134,Clear,Minor,Motorcycle,Mechanical Failure,0,Police
A306368,2021-04-24,05:49,Bengaluru,22.17135,77.225899,Fog,Minor,Car,Unknown,0,Citizen
A306369,2023-01-31,16:29,Lucknow,14.083343,71.334358,Storm,Minor,Bus,Unknown,0,Police
A306370,2021-02-04,21:41,Chennai,23.500165,73.008534,Clear,Severe,Motorcycle,Mechanical Failure,0,Police
A306371,2023-09-21,10:32,Chennai,27.038315,73.325398,Fog,Minor,Bus,Bad Road,0,Police
A306372,2024-12-17,20:53,Bengaluru,15.667953,77.591909,Rain,Fatal,Truck,Speeding,0,Police
A306373,2025-07-13,09:28,Mumbai,10.84709,71.431359,Hazy,Minor,Car,Speeding,0,Police
A306374,2024-01-02,14:06,Hyderabad,11.917875,76.663774,Storm,Moderate,Truck,Bad Road,0,Police
A306375,2021-06-11,14:15,Chennai,27.012132,76.671648,Fog,Minor,Motorcycle,Unknown,0,Police
A306376,2023-05-21,19:23,Lucknow,11.781298,77.694941,Fog,Minor,Car,Bad Road,0,Hospital
A306377,2023-10-14,19:35,Delhi,18.246323,68.290532,Clear,Minor,Motorcycle,Unknown,0,Police
A306378,2024-07-02,12:11,Lucknow,18.772175,73.999068,Rain,Moderate,Bus,Unknown,1,Police
A306379,2022-05-28,08:38,Chennai,21.098576,76.658567,Clear,Minor,Bus,Drunk Driving,2,Police
A306380,2021-08-21,09:36,Jaipur,11.604082,76.918881,Clear,Minor,Car,Weather,0,Insurance
A306381,2025-06-03,21:51,Lucknow,9.887098,76.60738,Rain,Minor,Car,Distracted,1,Police
A306382,2024-06-30,07:06,Hyderabad,11.518526,69.438804,Clear,Minor,Truck,Mechanical Failure,1,Police
A306383,2023-08-11,12:37,Pune,10.373474,74.474169,Clear,Moderate,Car,Drunk Driving,0,Citizen
A306384,2023-01-12,00:57,Delhi,25.598868,76.08695,Clear,Minor,Bus,Bad Road,1,Police
A306385,2021-12-17,03:48,Pune,13.002628,68.552276,Storm,Minor,Truck,Drunk Driving,0,Citizen
A306386,2024-04-30,09:23,Mumbai,19.463963,71.695268,Rain,Minor,Motorcycle,Mechanical Failure,0,Police
A306387,2022-04-28,15:53,Lucknow,12.455879,77.358119,Rain,Minor,Motorcycle,Drunk Driving,0,Police
A306388,2021-04-28,19:40,Pune,13.391776,74.607184,Rain,Fatal,Truck,Speeding,0,Police
A306389,2024-12-02,22:25,Kolkata,23.635102,72.780597,Clear,Moderate,Truck,Drunk Driving,0,Police
A306390,2024-05-15,09:05,Mumbai,19.547788,73.455266,Storm,Minor,Motorcycle,Weather,0,Insurance
A306391,2022-11-08,11:42,Kolkata,12.867623,76.919757,Rain,Moderate,Car,Unknown,0,Citizen
A306392,2023-08-06,14:46,Hyderabad,12.298987,69.565972,Clear,Minor,Motorcycle,Mechanical Failure,0,Police
A306393,2025-04-11,15:13,Pune,21.743272,69.106843,Rain,Moderate,Car,Distracted,0,Police
A306394,2024-12-24,04:46,Surat,14.730137,72.926963,Rain,Minor,Bus,Distracted,3,Insurance
A306395,2024-06-09,02:30,Mumbai,10.825739,69.461692,Fog,Minor,Car,Speeding,1,Citizen
A306396,2024-06-22,07:16,Hyderabad,15.218609,74.348281,Fog,Moderate,Car,Unknown,0,Police
A306397,2021-03-16,07:12,Pune,16.639787,73.710309,Rain,Moderate,Motorcycle,Speeding,0,Police
A306398,2024-01-27,10:03,Mumbai,22.763462,71.166447,Clear,Minor,Motorcycle,Drunk Driving,0,Police
A306399,2023-01-25,16:06,Delhi,8.961608,71.342398,Clear,Minor,Pedestrian,Weather,0,Citizen
A306400,2022-01-19,16:46,Surat,28.345445,74.99573,Rain,Minor,Motorcycle,Bad Road,0,Citizen
A306401,2023-11-07,05:36,Bengaluru,11.148564,70.244481,Clear,Minor,Motorcycle,Unknown,0,Police
A306402,2025-04-09,09:31,Mumbai,21.282533,69.22489,Fog,Moderate,Car,Unknown,0,Police
A306403,2022-09-15,20:24,Jaipur,14.185659,75.325985,Clear,Minor,Car,Speeding,0,Police
A306404,2022-12-28,22:32,Chennai,21.337871,71.588913,Clear,Minor,Motorcycle,Bad Road,0,Police
A306405,2021-09-26,14:11,Kolkata,23.287594,69.982461,Rain,Minor,Car,Distracted,0,Police
A306406,2021-07-04,14:26,Kolkata,16.154827,77.652791,Clear,Moderate,Motorcycle,Distracted,0,Police
A306407,2021-12-07,03:53,Chennai,22.724077,69.702845,Clear,Fatal,Motorcycle,Weather,1,Citizen
A306408,2021-10-15,03:32,Chennai,20.542739,72.658648,Hazy,Minor,Motorcycle,Mechanical Failure,0,Citizen
A306409,2021-10-04,21:08,Delhi,24.311787,72.682406,Hazy,Severe,Car,Speeding,1,Police
A306410,2025-09-05,10:38,Chennai,13.694334,74.72334,Clear,Moderate,Motorcycle,Weather,0,Citizen
A306411,2025-06-30,01:33,Delhi,8.42989,73.088965,Clear,Minor,Truck,Unknown,0,Police
A306412,2024-07-18,22:37,Surat,25.844422,71.785671,Clear,Severe,Car,Distracted,1,Police
A306413,2021-01-28,21:57,Mumbai,20.949368,75.538024,Rain,Minor,Truck,Unknown,0,Police
A306414,2023-05-13,15:52,Pune,18.724017,76.701779,Clear,Minor,Motorcycle,Weather,0,Police
A306415,2021-07-22,22:40,Bengaluru,8.919215,76.025198,Rain,Moderate,Motorcycle,Mechanical Failure,1,Police
A306416,2023-06-28,09:26,Bengaluru,17.955873,69.838781,Rain,Minor,Bus,Mechanical Failure,0,Police
A306417,2023-04-26,19:03,Kolkata,21.299793,73.023284,Hazy,Moderate,Car,Distracted,1,Hospital
A306418,2024-09-12,18:06,Chennai,26.154785,77.36149,Clear,Moderate,Motorcycle,Unknown,0,Insurance
A306419,2024-04-02,21:28,Bengaluru,11.433134,77.344046,Rain,Minor,Bus,Mechanical Failure,1,Police
A306420,2024-11-16,03:04,Mumbai,23.024452,76.296856,Clear,Minor,Truck,Unknown,0,Citizen
A306421,2023-03-30,16:13,Lucknow,8.095979,75.337153,Clear,Minor,Car,Mechanical Failure,0,Police
A306422,2022-08-11,21:45,Kolkata,22.356633,71.597197,Clear,Minor,Pedestrian,Speeding,0,Insurance
A306423,2024-01-23,04:20,Pune,15.746422,76.185474,Clear,Minor,Car,Mechanical Failure,1,Police
A306424,2021-04-17,02:19,Bengaluru,9.817113,72.659967,Clear,Moderate,Motorcycle,Drunk Driving,0,Police
A306425,2022-04-24,16:17,Surat,23.632219,73.17426,Clear,Fatal,Motorcycle,Mechanical Failure,0,Police
A306426,2023-02-19,07:42,Surat,15.279162,70.107617,Clear,Minor,Bicycle,Unknown,0,Citizen
A306427,2025-03-22,20:30,Jaipur,8.055721,73.25709,Hazy,Minor,Bus,Mechanical Failure,0,Citizen
A306428,2025-06-15,02:22,Jaipur,23.329248,76.549828,Clear,Moderate,Car,Distracted,0,Police
A306429,2021-06-12,12:01,Kolkata,25.488647,76.023732,Fog,Minor,Motorcycle,Unknown,0,Hospital
A306430,2022-01-17,14:37,Hyderabad,9.193081,75.663078,Clear,Moderate,Pedestrian,Speeding,0,Hospital
A306431,2024-08-31,02:35,Delhi,14.090654,74.50614,Rain,Minor,Bus,Unknown,0,Citizen
A306432,2022-06-22,06:37,Delhi,26.654419,71.180287,Hazy,Minor,Bus,Mechanical Failure,1,Police
A306433,2021-01-07,20:30,Delhi,15.87379,77.332554,Clear,Moderate,Bicycle,Mechanical Failure,0,Citizen
A306434,2021-10-16,00:20,Pune,12.175067,77.174287,Clear,Minor,Bus,Distracted,0,Citizen
A306435,2022-09-02,18:43,Chennai,9.623299,73.077692,Rain,Moderate,Truck,Speeding,0,Police
A306436,2022-05-25,17:00,Jaipur,20.870675,71.638456,Clear,Minor,Motorcycle,Unknown,0,Police
A306437,2023-06-02,12:09,Chennai,9.44571,75.383015,Clear,Minor,Pedestrian,Drunk Driving,1,Citizen
A306438,2025-06-23,09:52,Bengaluru,9.747973,69.094353,Clear,Fatal,Motorcycle,Mechanical Failure,0,Police
A306439,2024-11-22,15:34,Bengaluru,17.878374,76.950992,Clear,Minor,Car,Mechanical Failure,0,Hospital
A306440,2023-01-07,05:29,Lucknow,11.082536,72.394887,Clear,Minor,Car,Mechanical Failure,0,Police
A306441,2021-09-09,04:23,Bengaluru,17.970757,73.051764,Fog,Minor,Car,Bad Road,0,Police
A306442,2023-09-21,20:42,Lucknow,14.79384,76.64607,Rain,Moderate,Truck,Drunk Driving,1,Hospital
A306443,2025-09-04,08:24,Pune,20.024703,74.740638,Clear,Severe,Motorcycle,Mechanical Failure,0,Citizen
A306444,2022-03-26,13:53,Bengaluru,19.213127,74.161897,Clear,Minor,Car,Weather,0,Citizen
A306445,2025-01-21,16:51,,28.317378,75.615182,Clear,Minor,Pedestrian,Weather,0,Police
A306446,2021-10-06,09:28,Surat,27.673178,76.191577,Fog,Minor,Bus,Speeding,1,Police
A306447,2024-01-30,03:42,Delhi,19.06751,74.036562,Clear,Moderate,Bus,Distracted,1,Police
A306448,2025-03-15,09:53,Hyderabad,12.048616,69.600406,Clear,Minor,Motorcycle,Speeding,1,Citizen
A306449,2022-12-08,10:16,Mumbai,9.615999,73.276279,Fog,Minor,Motorcycle,Unknown,0,Hospital
A306450,2024-07-22,20:05,Lucknow,12.550927,75.959202,Fog,Fatal,Car,Mechanical Failure,0,Police
A306451,2021-10-25,11:32,Bengaluru,20.219303,71.865372,Clear,Minor,Car,Unknown,0,Police
A306452,2022-01-18,15:48,Chennai,21.392032,76.505368,Clear,Moderate,Truck,Weather,0,Police
A306453,2025-07-30,03:01,Kolkata,27.00058,72.861803,Fog,Minor,Car,Speeding,0,Police
A306454,2022-08-02,12:31,Chennai,19.48423,68.971873,Clear,Severe,Bus,Drunk Driving,0,Police
A306455,2021-06-15,17:22,Surat,20.409669,72.773988,Rain,Moderate,Bus,Mechanical Failure,0,Citizen
A306456,2024-12-22,03:01,Bengaluru,16.931346,72.231729,Clear,Minor,Car,Unknown,0,Police
A306457,2025-06-05,19:31,Surat,15.129415,70.001735,Rain,Minor,Truck,Mechanical Failure,0,Citizen
A306458,2023-11-22,05:53,Bengaluru,28.554375,75.453818,Storm,Minor,Bus,Bad Road,0,Police
A306459,2025-08-03,14:16,Pune,18.921671,69.049875,Fog,Minor,Bicycle,Mechanical Failure,1,Police
A306460,2022-03-23,08:13,Jaipur,16.778729,68.777813,Rain,Moderate,Motorcycle,Bad Road,0,Police
A306461,2021-02-28,20:28,Lucknow,20.428334,77.668381,Rain,Moderate,Car,Weather,0,Police
A306462,2025-04-02,21:50,Bengaluru,21.830836,71.509082,Clear,Minor,Bus,Distracted,0,Police
A306463,2021-06-08,12:49,Jaipur,8.296374,76.52175,Hazy,Minor,Motorcycle,Bad Road,0,Police
A306464,2022-08-24,06:53,Hyderabad,22.46259,76.992149,Rain,Minor,Bus,Drunk Driving,0,Citizen
A306465,2023-06-22,05:54,Hyderabad,15.411618,70.391937,Rain,Minor,Motorcycle,Bad Road,0,Police
A306466,2021-11-20,10:57,Pune,13.429149,76.01571,Storm,Moderate,Car,Drunk Driving,0,Police
A306467,2021-08-31,22:35,Hyderabad,26.575275,76.94186,Hazy,Minor,Car,Bad Road,0,Hospital
A306468,2024-06-29,00:57,Mumbai,24.178319,69.170542,Fog,Minor,Motorcycle,Drunk Driving,0,Police
A306469,2025-09-24,18:18,Hyderabad,17.30537,74.893356,Rain,Minor,Motorcycle,Speeding,0,Police
A306470,2024-06-12,08:46,Lucknow,17.417014,76.487666,Clear,Minor,Truck,Speeding,1,Police
A306471,2022-06-30,01:54,Jaipur,9.16518,71.180749,Rain,Minor,Car,Drunk Driving,1,Citizen
A306472,2021-06-27,18:47,Chennai,19.922588,68.527225,Clear,Minor,Motorcycle,Distracted,0,Police
A306473,2025-01-28,12:12,Pune,23.795413,75.998522,Hazy,Moderate,Bus,Drunk Driving,0,Citizen
A306474,2023-04-28,06:23,Jaipur,8.097772,77.450351,Clear,Minor,Motorcycle,Drunk Driving,0,Police
A306475,2024-03-21,21:34,Bengaluru,22.717468,72.85852,Fog,Moderate,Car,Drunk Driving,0,Police
A306476,2024-04-15,16:12,,26.278427,68.734605,Rain,Severe,Motorcycle,Drunk Driving,2,Insurance
A306477,2025-07-13,17:02,Pune,14.244063,70.770726,Clear,Minor,Truck,Bad Road,0,Police
A306478,2025-05-01,05:24,Delhi,19.323251,72.975664,Clear,Moderate,Car,Weather,0,Police
A306479,2024-07-13,18:38,Hyderabad,14.550862,75.67756,Clear,Minor,Motorcycle,Unknown,2,Citizen
A306480,2022-03-03,13:11,Pune,26.250454,77.558711,Rain,Moderate,Car,Mechanical Failure,0,Police
A306481,2022-07-14,01:44,Bengaluru,20.04266,70.858064,Snow (rare),Minor,Bus,Drunk Driving,1,Hospital
A306482,2023-04-01,15:28,Chennai,16.836217,69.20593,Clear,Moderate,Bicycle,Weather,0,Hospital
A306483,2024-06-13,02:39,Delhi,9.680308,77.244867,Clear,Minor,Car,Weather,0,Police
A306484,2022-02-05,21:42,Hyderabad,17.046279,71.987457,Fog,Moderate,Motorcycle,Speeding,0,Citizen
A306485,2024-09-21,13:49,Mumbai,21.376299,77.520645,Clear,Minor,Motorcycle,Weather,0,Police
A306486,2025-03-09,16:07,Lucknow,21.346972,74.309289,Clear,Severe,Car,Drunk Driving,0,Insurance
A306487,2022-02-23,11:43,Bengaluru,12.753876,76.055688,Rain,Minor,Car,Drunk Driving,0,Police
A306488,2024-02-04,18:22,Lucknow,11.525932,75.025895,Clear,Fatal,Motorcycle,Weather,0,Police
A306489,2021-12-01,06:40,,26.168525,77.096009,Clear,Moderate,Motorcycle,Mechanical Failure,0,Police
A306490,2024-08-01,19:26,Chennai,18.42616,69.101095,Storm,Minor,Car,Bad Road,0,Police
A306491,2023-11-23,18:54,Hyderabad,25.087932,72.287959,Rain,Severe,Car,Drunk Driving,0,Police
A306492,2021-03-03,10:43,Jaipur,26.326504,72.931864,Clear,Moderate,Motorcycle,Speeding,1,Hospital
A306493,2023-09-07,12:45,Chennai,23.787223,69.984752,Clear,Minor,Car,Weather,0,Citizen
A306494,2025-09-18,01:32,Chennai,21.089321,75.99479,Clear,Minor,Car,Mechanical Failure,1,Citizen
A306495,2023-10-08,18:49,Kolkata,18.160616,74.392344,Hazy,Minor,Motorcycle,Bad Road,0,Police
A306496,2024-06-05,08:39,Surat,24.400082,68.447544,Hazy,Minor,Car,Bad Road,0,Insurance
A306497,2024-06-02,19:44,Jaipur,17.590205,71.285033,Clear,Minor,Truck,Distracted,0,Citizen
A306498,2024-10-25,04:24,Bengaluru,12.165607,74.45729,Rain,Minor,Car,Speeding,1,Citizen
A306499,2024-04-22,22:46,Delhi,9.984055,75.410192,Clear,Moderate,Car,Mechanical Failure,0,Hospital
A306500,2024-06-04,18:37,Kolkata,24.767517,73.384762,Clear,Minor,Motorcycle,Bad Road,0,Police
A306501,2022-08-16,17:35,Hyderabad,13.746332,70.134173,Storm,Minor,Car,Distracted,1,Citizen
A306502,2021-11-14,17:26,Pune,24.816714,68.980606,Clear,Moderate,Car,Mechanical Failure,0,Police
A306503,2021-04-20,18:08,Hyderabad,8.992559,68.149952,Clear,Severe,Car,Unknown,1,Citizen
A306504,2022-08-29,05:09,Mumbai,16.794837,69.226093,Rain,Minor,Motorcycle,Mechanical Failure,0,Police
A306505,2022-12-27,18:43,Bengaluru,11.130628,72.83927,Rain,Minor,Car,Weather,1,Insurance
A306506,2022-06-14,19:37,Pune,16.76712,68.197106,Clear,Minor,Car,Bad Road,0,Citizen
A306507,2023-01-22,05:05,Delhi,22.043467,71.644669,Hazy,Minor,Car,Mechanical Failure,0,Citizen
A306508,2022-01-21,04:03,Jaipur,9.403521,68.308059,Clear,Minor,Car,Distracted,1,Police
A306509,2021-05-15,09:07,Hyderabad,17.489908,72.090248,Rain,Severe,Motorcycle,Speeding,1,Police
A306510,2021-09-04,15:10,Mumbai,13.214752,76.426431,Hazy,Minor,Bus,Drunk Driving,0,Police
A306511,2021-05-09,22:24,Lucknow,13.22611,70.980618,Clear,Moderate,Pedestrian,Mechanical Failure,1,Hospital
A306512,2022-01-06,01:36,Bengaluru,23.390593,74.28563,Hazy,Minor,Motorcycle,Distracted,0,Citizen
A306513,2023-11-01,05:08,Pune,15.718035,73.042608,Clear,Minor,Car,Mechanical Failure,0,Police
A306514,2024-09-19,00:10,Jaipur,26.521806,73.831082,Clear,Minor,Truck,Speeding,0,Citizen
A306515,2022-08-14,06:54,Bengaluru,11.974892,71.33863,Hazy,Minor,Motorcycle,Mechanical Failure,0,Police
A306516,2021-04-28,01:05,Mumbai,18.754393,75.466368,Clear,Minor,Bus,Speeding,0,Police
A306517,2021-03-09,11:36,,18.546278,70.009644,Fog,Minor,Car,Weather,0,Police
A306518,2021-07-14,01:00,Chennai,16.595188,68.692935,Clear,Fatal,Motorcycle,Drunk Driving,0,Hospital
A306519,2022-02-15,06:12,Delhi,22.897288,72.658928,Storm,Minor,Truck,Speeding,3,Police
A306520,2025-04-16,00:31,Lucknow,22.15953,72.341536,Rain,Moderate,Bus,Speeding,0,Police
A306521,2021-09-04,12:14,Lucknow,20.409202,73.872173,Clear,Minor,Motorcycle,Speeding,0,Citizen
A306522,2024-04-25,19:22,Lucknow,9.34155,70.456653,Hazy,Moderate,Car,Drunk Driving,0,Police
A306523,2023-03-19,01:24,Lucknow,20.290473,71.160529,Rain,Fatal,Car,Speeding,1,Police
A306524,2022-07-07,01:37,Pune,21.122781,73.096687,Clear,Moderate,Motorcycle,Mechanical Failure,2,Police
A306525,2024-12-08,09:25,Surat,25.2803,68.054383,Clear,Severe,Bicycle,Bad Road,0,Citizen
A306526,2022-12-09,08:39,Delhi,20.347459,76.377658,Snow (rare),Minor,Bus,Mechanical Failure,0,Police
A306527,2021-03-31,08:27,Chennai,8.005511,71.882027,Rain,Severe,Bus,Speeding,0,Insurance
A306528,2021-04-09,00:22,Bengaluru,19.486365,70.791188,Rain,Minor,Motorcycle,Drunk Driving,0,Police
A306529,2023-09-22,03:53,Chennai,10.856987,76.34505,Storm,Severe,Truck,Speeding,0,Hospital
A306530,2023-12-25,04:24,Mumbai,22.645665,71.482463,Rain,Minor,Car,Drunk Driving,0,Citizen
A306531,2021-09-07,15:44,Kolkata,26.956281,71.914718,Snow (rare),Minor,Truck,Unknown,0,Police
A306532,2022-07-21,06:29,Surat,18.078968,69.836331,Clear,Fatal,Bicycle,Unknown,0,Citizen
A306533,2021-07-13,01:16,Surat,14.51702,72.057618,Clear,Moderate,Motorcycle,Bad Road,0,Police
A306534,2025-08-15,06:54,Jaipur,22.111037,75.674955,Rain,Moderate,Bus,Mechanical Failure,0,Police
A306535,2024-01-21,22:42,Pune,20.9857,72.7897,Clear,Moderate,Bicycle,Speeding,0,Police
A306536,2021-11-17,11:39,Delhi,21.645799,68.053725,Rain,Minor,Truck,Mechanical Failure,0,Police
A306537,2021-01-26,05:21,Lucknow,20.667568,70.323939,Rain,Minor,Car,Unknown,0,Insurance
A306538,2024-03-31,17:12,Hyderabad,8.269871,77.482421,Clear,Minor,Motorcycle,Drunk Driving,0,Police
A306539,2025-09-04,13:21,Hyderabad,19.814594,69.147395,Rain,Fatal,Car,Drunk Driving,0,Citizen
A306540,2021-02-17,04:50,Chennai,15.478792,71.130613,Hazy,Minor,Bicycle,Weather,0,Hospital
A306541,2021-10-19,05:22,Bengaluru,16.637594,74.283861,Clear,Minor,Bus,Mechanical Failure,0,Police
A306542,2022-10-04,19:40,Lucknow,10.381385,69.335416,Rain,Minor,Motorcycle,Unknown,1,Police
A306543,2022-12-03,10:30,Lucknow,14.555305,76.124849,Snow (rare),Minor,Motorcycle,Speeding,0,Police
A306544,2022-09-27,05:08,Kolkata,28.292057,74.459418,Rain,Fatal,Motorcycle,Bad Road,0,Police
A306545,2024-04-07,14:40,Lucknow,26.848256,68.490757,Rain,Moderate,Motorcycle,Mechanical Failure,0,Police
A306546,2024-01-22,22:25,Mumbai,9.398578,76.292876,Rain,Minor,Motorcycle,Weather,0,Police
A306547,2023-09-13,00:07,Jaipur,19.893384,69.537786,Rain,Minor,Motorcycle,Speeding,0,Citizen
A306548,2023-09-09,11:30,Lucknow,15.675074,76.897018,Fog,Minor,Car,Bad Road,0,Citizen
A306549,2025-02-21,07:10,Bengaluru,16.865316,74.938941,Storm,Minor,Motorcycle,Unknown,0,Police
A306550,2022-01-04,09:35,Lucknow,8.651455,71.680326,Rain,Moderate,Car,Speeding,1,Police
A306551,2024-11-04,10:04,Chennai,9.798824,70.782182,Fog,Minor,Motorcycle,Drunk Driving,0,Citizen
A306552,2024-07-02,15:14,Delhi,22.468251,75.187762,Rain,Minor,Bus,Unknown,1,Citizen
A306553,2022-12-29,13:15,Jaipur,18.821369,76.682464,Rain,Moderate,Bicycle,Bad Road,0,Police
A306554,2025-02-23,07:46,Jaipur,11.242219,72.699539,Fog,Moderate,Motorcycle,Weather,0,Insurance
A306555,2023-05-16,14:15,Surat,16.970089,73.468333,Clear,Moderate,Bus,Bad Road,1,Police
A306556,2023-03-15,05:46,Lucknow,20.090753,69.074014,Clear,Minor,Motorcycle,Unknown,2,Citizen
A306557,2021-06-26,06:33,Lucknow,17.683232,71.033793,Clear,Severe,Bus,Drunk Driving,0,Police
A306558,2022-10-15,13:34,Hyderabad,16.680747,73.559436,Clear,Minor,Motorcycle,Bad Road,0,Citizen
A306559,2022-12-20,08:32,Bengaluru,14.466132,69.584606,Clear,Minor,Car,Mechanical Failure,0,Police
A306560,2025-01-03,06:00,Jaipur,24.043165,70.148921,Rain,Minor,Car,Drunk Driving,0,Citizen
A306561,2024-11-30,11:30,Kolkata,19.247901,73.518466,Clear,Minor,Car,Weather,0,Police
A306562,2022-02-12,12:22,Surat,13.221883,73.123229,Clear,Minor,Car,Speeding,0,Citizen
A306563,2022-03-09,07:32,Delhi,20.016008,72.103513,Clear,Minor,Motorcycle,Mechanical Failure,1,Police
A306564,2023-05-26,15:46,Hyderabad,17.991952,72.049485,Fog,Minor,Motorcycle,Bad Road,0,Citizen
A306565,2025-06-10,14:19,Surat,18.143314,76.794213,Storm,Minor,Pedestrian,Distracted,0,Insurance
A306566,2021-07-25,05:28,Delhi,23.198207,73.083742,Hazy,Fatal,Motorcycle,Drunk Driving,0,Citizen
A306567,2021-04-12,20:41,Mumbai,25.217189,72.522328,Clear,Moderate,Bicycle,Bad Road,0,Police
A306568,2023-12-12,07:16,Pune,26.011999,73.381311,Clear,Minor,Car,Drunk Driving,0,Citizen
A306569,2025-08-29,02:30,Chennai,24.215907,71.713741,Clear,Minor,Pedestrian,Drunk Driving,0,Citizen
A306570,2025-04-16,04:30,Chennai,9.966733,73.15172,Clear,Minor,Bus,Unknown,0,Police
A306571,2023-10-02,03:48,Bengaluru,13.973685,72.501568,Rain,Minor,Bus,Speeding,0,Hospital
A306572,2024-04-13,15:21,Surat,13.877498,75.405792,Rain,Minor,Bus,Distracted,0,Citizen
A306573,2025-03-15,10:57,Surat,20.291124,74.427466,Clear,Minor,Bus,Drunk Driving,0,Police
A306574,2021-01-10,02:50,Hyderabad,21.780004,76.140712,Rain,Moderate,Car,Speeding,0,Police
A306575,2024-09-02,06:51,Mumbai,18.85175,76.842021,Clear,Minor,Car,Mechanical Failure,0,Police
A306576,2024-12-13,15:13,Bengaluru,20.970475,73.644761,Clear,Minor,Car,Drunk Driving,0,Police
A306577,2025-09-12,03:15,Bengaluru,25.575265,72.41444,Snow (rare),Minor,Car,Unknown,1,Police
A306578,2022-11-16,15:50,Bengaluru,10.239733,75.092349,Fog,Fatal,Car,Mechanical Failure,0,Citizen
A306579,2024-05-13,22:40,Chennai,20.12212,75.300761,Clear,Minor,Bus,Drunk Driving,1,Citizen
A306580,2022-05-11,00:19,Mumbai,25.537794,75.178221,Clear,Minor,Bus,Distracted,0,Police
A306581,2024-11-21,01:16,Lucknow,13.95586,71.329588,Rain,None,Bus,Bad Road,0,Police
A306582,2025-02-03,03:23,Kolkata,11.591342,72.646564,Rain,Severe,Bus,Mechanical Failure,0,Citizen
A306583,2023-03-12,18:19,Jaipur,8.788519,71.89394,Clear,Minor,Pedestrian,Drunk Driving,0,Police
A306584,2023-08-31,19:50,Hyderabad,13.568063,73.168621,Fog,Minor,Motorcycle,Distracted,1,Police
A306585,2021-10-09,01:23,Chennai,16.256084,76.2973,Rain,Moderate,Truck,Speeding,0,Citizen
A306586,2022-04-21,22:36,Mumbai,22.806574,70.718113,Rain,Minor,Pedestrian,Bad Road,0,Police
A306587,2023-12-08,11:01,Kolkata,16.999361,71.859234,Clear,Minor,Car,Bad Road,0,Hospital
A306588,2023-01-25,11:57,Delhi,26.278431,76.690289,Hazy,Fatal,Truck,Weather,0,Police
A306589,2021-10-28,15:27,Pune,22.032794,70.941519,Clear,Severe,Car,Unknown,1,Police
A306590,2022-02-05,03:34,Mumbai,28.463347,68.824437,Clear,Minor,Car,Unknown,1,Citizen
A306591,2021-08-31,08:06,Lucknow,12.380173,68.18869,Storm,Moderate,Car,Distracted,1,Citizen
A306592,2021-04-03,13:04,Lucknow,18.967852,71.318278,Clear,Moderate,Truck,Distracted,2,Police
A306593,2023-02-04,19:11,Chennai,24.057844,76.972688,Clear,Moderate,Car,Distracted,0,Police
A306594,2021-11-17,19:04,Kolkata,24.53193,75.868228,Clear,Minor,Car,Mechanical Failure,0,Police
A306595,2022-02-27,14:48,Bengaluru,11.344926,69.905158,Fog,Moderate,Bus,Weather,1,Police
A306596,2024-12-24,22:24,Delhi,27.992193,77.311435,Rain,Minor,Motorcycle,Speeding,1,Police
A306597,2024-02-19,11:09,Lucknow,12.241279,77.190242,Clear,Minor,Car,Bad Road,0,Police
A306598,2022-09-04,03:20,Bengaluru,23.712531,69.110681,Clear,Severe,Motorcycle,Bad Road,0,Citizen
A306599,2023-04-26,17:40,Chennai,28.695573,72.451308,Rain,Severe,Motorcycle,Bad Road,0,Police
A306600,2025-03-02,11:17,Pune,20.828565,69.734121,Clear,Minor,Truck,Weather,0,Citizen
A306601,2022-04-08,13:02,Chennai,27.405646,70.547696,Clear,Minor,Car,Drunk Driving,0,Citizen
A306602,2021-01-04,05:00,Kolkata,20.366969,69.638518,Rain,Minor,Bicycle,Drunk Driving,0,Police
A306603,2021-11-11,20:47,Lucknow,25.835611,68.257443,Clear,Fatal,Motorcycle,Distracted,0,Police
A306604,2021-07-14,21:35,Pune,17.91277,76.781053,Clear,Minor,Bus,Weather,0,Police
A306605,2024-06-01,03:51,Hyderabad,8.760459,70.197235,Hazy,Severe,Car,Mechanical Failure,1,Citizen
A306606,2022-05-21,06:30,Jaipur,18.98728,76.167248,Storm,Minor,Truck,Bad Road,0,Police
A306607,2023-05-30,12:40,Jaipur,22.112578,73.059251,Clear,Minor,Motorcycle,Weather,0,Police
A306608,2025-03-05,02:29,Kolkata,22.000443,76.850403,Rain,Minor,Bus,Weather,0,Police
A306609,2024-11-20,06:20,Hyderabad,14.549399,74.477202,Rain,Moderate,Bus,Weather,1,Police
A306610,2022-10-18,21:19,Delhi,12.905134,76.211959,Clear,Moderate,Truck,Distracted,0,Police
A306611,2021-07-03,08:04,Bengaluru,22.394628,76.591226,Rain,Moderate,Motorcycle,Drunk Driving,1,Police
A306612,2025-05-31,18:27,Chennai,25.4208,71.155028,Clear,Minor,Motorcycle,Weather,2,Police
A306613,2025-07-12,13:38,Pune,13.692713,68.448387,Rain,Minor,Bus,Mechanical Failure,1,Citizen
A306614,2023-03-10,10:31,Chennai,11.538382,69.212719,Rain,Fatal,Truck,Bad Road,0,Police
A306615,2023-08-15,05:44,Lucknow,23.798383,75.969971,Fog,Fatal,Motorcycle,Speeding,0,Insurance
A306616,2021-12-07,00:11,Mumbai,19.932172,70.231166,Fog,Minor,Truck,Weather,1,Citizen
A306617,2023-12-13,20:23,Pune,18.143924,74.497037,Rain,Minor,Bus,Distracted,0,Hospital
A306618,2024-03-23,12:32,Kolkata,16.341169,69.059282,Clear,None,Bus,Unknown,0,Police
A306619,2022-12-29,16:09,Mumbai,20.611679,76.778874,Rain,Severe,Motorcycle,Unknown,0,Citizen
A306620,2025-05-22,20:14,Delhi,11.744353,76.466584,Hazy,Minor,Bus,Unknown,0,Police
A306621,2023-09-29,02:32,Jaipur,24.742018,72.116508,Rain,Moderate,Motorcycle,Unknown,0,Citizen
A306622,2022-09-28,10:24,Delhi,21.692709,75.380221,Rain,Severe,Pedestrian,Weather,0,Hospital
A306623,2024-12-24,17:55,Lucknow,18.060508,75.694705,Rain,Minor,Motorcycle,Unknown,0,Police
A306624,2025-03-20,08:48,Surat,13.662365,74.799212,Rain,Minor,Bicycle,Drunk Driving,1,Police
A306625,2023-01-20,01:21,Chennai,8.178024,70.017862,Clear,Moderate,Car,Distracted,0,Insurance
A306626,2021-09-08,17:11,Hyderabad,18.759051,76.823977,Rain,Moderate,Bus,Mechanical Failure,0,Citizen
A306627,2024-12-05,05:00,Jaipur,18.510081,74.400949,Clear,Minor,Motorcycle,Weather,0,Hospital
A306628,2023-10-11,21:06,Delhi,11.338907,76.510637,Rain,Severe,Car,Speeding,0,Citizen
A306629,2024-06-06,12:37,Mumbai,15.520234,73.469058,Clear,Minor,Car,Speeding,0,Police
A306630,2021-06-25,18:25,Jaipur,19.012132,75.247573,Clear,Minor,Motorcycle,Bad Road,0,Citizen
A306631,2022-06-27,01:31,Delhi,11.70159,71.819241,Rain,Moderate,Motorcycle,Bad Road,0,Police
A306632,2025-01-28,17:08,Mumbai,22.244315,72.027657,Rain,Minor,Truck,Weather,0,Citizen
A306633,2022-08-02,09:40,Pune,16.341324,71.914663,Rain,Moderate,Car,Bad Road,0,Citizen
A306634,2021-07-18,22:05,Bengaluru,27.493771,77.523816,Clear,Minor,Car,Speeding,2,Police
A306635,2024-02-23,07:15,Chennai,16.679791,70.552574,Clear,Minor,Motorcycle,Weather,0,Hospital
A306636,2024-03-14,08:47,Mumbai,11.56715,70.868209,Clear,Minor,Car,Distracted,0,Citizen
A306637,2023-06-22,05:13,Chennai,26.763158,70.131498,Rain,Minor,Bus,Mechanical Failure,0,Police
A306638,2025-04-15,12:53,Kolkata,16.860482,71.46204,Hazy,Minor,Pedestrian,Distracted,0,Hospital
A306639,2023-03-20,21:43,Surat,9.396265,74.204716,Clear,Minor,Bicycle,Speeding,0,Police
A306640,2025-08-01,06:02,Mumbai,25.620372,74.947965,Storm,Minor,Motorcycle,Weather,1,Hospital
A306641,2023-10-25,13:18,Bengaluru,15.083919,69.9068,Clear,Minor,Pedestrian,Unknown,0,Insurance
A306642,2021-01-05,22:52,Delhi,14.272993,77.577749,Rain,Minor,Truck,Unknown,0,Citizen
A306643,2023-02-12,20:11,Chennai,10.140398,73.134768,Clear,Minor,Motorcycle,Drunk Driving,0,Citizen
A306644,2021-07-25,14:40,Surat,17.95358,68.469282,Clear,Minor,Bus,Unknown,0,Police
A306645,2024-02-23,02:07,Chennai,13.536886,69.951668,Clear,Moderate,Car,Drunk Driving,0,Citizen
A306646,2023-09-29,09:30,Hyderabad,13.252583,74.297732,Clear,Moderate,Bus,Weather,0,Hospital
A306647,2021-08-11,01:07,Kolkata,12.675172,73.944229,Rain,Minor,Pedestrian,Bad Road,1,Citizen
A306648,2021-05-31,21:37,Lucknow,26.546683,70.534853,Clear,Severe,Motorcycle,Weather,0,Police
A306649,2024-04-16,03:23,Pune,20.577956,73.905008,Fog,Moderate,Bicycle,Drunk Driving,1,Police
A306650,2025-06-11,19:48,Pune,11.113361,71.862129,Rain,Moderate,Truck,Weather,1,Citizen
A306651,2021-07-18,14:12,Kolkata,22.862999,73.002221,Fog,Moderate,Car,Weather,0,Hospital
A306652,2022-06-19,22:23,Jaipur,18.749159,75.469648,Snow (rare),Moderate,Motorcycle,Speeding,0,Citizen
A306653,2022-04-17,12:31,Kolkata,19.639469,74.824835,Clear,Minor,Motorcycle,Drunk Driving,0,Citizen
A306654,2023-04-23,00:23,Lucknow,14.968248,69.652114,Clear,Minor,Pedestrian,Weather,2,Citizen
A306655,2021-07-13,22:56,Jaipur,18.534875,71.141654,Clear,Minor,Truck,Mechanical Failure,0,Police
A306656,2023-06-07,17:43,Hyderabad,9.600102,69.349712,Rain,Minor,Car,Bad Road,0,Police
A306657,2021-04-26,04:37,Pune,15.223532,70.748436,Clear,Minor,Car,Speeding,0,Hospital
A306658,2024-03-09,13:54,Delhi,11.127603,75.869908,Clear,Moderate,Bus,Speeding,0,Police
A306659,2023-10-29,08:13,Chennai,28.234058,71.594795,Clear,Minor,Motorcycle,Weather,0,Police
A306660,2023-01-01,20:55,Kolkata,20.425853,75.825631,Clear,Moderate,Motorcycle,Bad Road,0,Citizen
A306661,2023-02-14,01:35,Jaipur,10.190753,76.02625,Clear,Minor,Car,Weather,0,Police
A306662,2025-03-17,00:17,Chennai,28.00307,70.468109,Fog,Minor,Car,Drunk Driving,0,Hospital
A306663,2021-09-20,21:12,Jaipur,25.227957,73.788225,Rain,Minor,Motorcycle,Drunk Driving,0,Police
A306664,2024-02-02,07:44,Pune,27.317455,68.792448,Clear,Minor,Motorcycle,Unknown,1,Hospital
A306665,2025-09-07,11:54,Surat,18.472391,69.913327,Rain,Severe,Truck,Distracted,1,Police
A306666,2024-07-15,10:27,Bengaluru,25.122132,74.646004,Hazy,Moderate,Bus,Distracted,0,Police
A306667,2022-06-23,00:43,Mumbai,23.821345,73.476911,Hazy,Moderate,Truck,Bad Road,0,Police
A306668,2022-11-14,04:30,Hyderabad,9.824378,69.460158,Clear,Fatal,Bus,Unknown,0,Police
A306669,2021-10-28,10:21,Jaipur,14.555218,69.654521,Fog,Minor,Motorcycle,Weather,1,Hospital
A306670,2021-09-21,19:24,Surat,11.049628,72.974988,Clear,Moderate,Bus,Distracted,0,Police
A306671,2022-01-22,14:20,Kolkata,17.475558,72.794022,Hazy,Severe,Car,Bad Road,0,Hospital
A306672,2022-02-01,14:22,Bengaluru,18.566793,72.490471,Rain,Severe,Bus,Drunk Driving,0,Police
A306673,2022-02-13,15:38,Jaipur,15.698607,74.504902,Clear,Minor,Car,Weather,0,Police
A306674,2021-01-23,09:56,Hyderabad,11.866335,75.835718,Clear,Severe,Motorcycle,Unknown,0,Police
A306675,2024-02-17,10:14,Jaipur,27.407772,73.328979,Rain,Minor,Motorcycle,Mechanical Failure,1,Police
A306676,2024-03-04,09:40,,14.345407,74.998178,Rain,Moderate,Bus,Mechanical Failure,0,Insurance
A306677,2024-04-11,06:02,Hyderabad,10.856371,69.518796,Rain,Moderate,Car,Drunk Driving,0,Police
A306678,2025-03-16,21:33,Chennai,26.751416,71.339708,Clear,Moderate,Car,Mechanical Failure,1,Police
A306679,2024-09-29,06:56,,10.196919,75.13586,Clear,Moderate,Car,Bad Road,0,Police
A306680,2025-01-18,22:40,Lucknow,24.750442,73.48218,Clear,Minor,Bus,Speeding,0,Insurance
A306681,2024-08-22,14:48,Mumbai,17.658848,68.693708,Rain,Severe,Bus,Unknown,0,Police
A306682,2021-12-20,14:34,Delhi,24.098457,72.04641,Fog,Moderate,Car,Weather,0,Citizen
A306683,2022-08-23,13:43,Bengaluru,17.079782,74.780413,Hazy,Minor,Car,Weather,0,Police
A306684,2022-07-04,09:04,Lucknow,11.89884,75.061322,Fog,Moderate,Bus,Unknown,0,Citizen
A306685,2022-04-01,21:00,Surat,18.663943,72.902602,Hazy,Minor,Truck,Speeding,2,Police
A306686,2024-02-16,21:15,Jaipur,27.519747,72.878007,Clear,Minor,Car,Unknown,0,Police
A306687,2022-02-03,08:04,Pune,21.259543,71.225172,Clear,Moderate,Bus,Speeding,0,Hospital
A306688,2024-02-19,09:08,Pune,15.066942,77.392343,Rain,Minor,Car,Distracted,0,Police
A306689,2024-10-04,01:37,Delhi,10.906022,72.618519,Fog,Minor,Bus,Distracted,0,Police
A306690,2023-06-17,15:54,Kolkata,16.874518,72.86491,Clear,Minor,Motorcycle,Mechanical Failure,1,Police
A306691,2024-04-26,03:21,Bengaluru,28.125726,77.008604,Clear,Severe,Car,Speeding,0,Citizen
A306692,2022-08-30,18:01,Pune,10.753602,72.080304,Rain,Minor,Bus,Unknown,0,Hospital
A306693,2021-02-15,01:52,Surat,19.075434,74.907231,Clear,Minor,Car,Weather,0,Insurance
A306694,2025-06-29,21:04,Delhi,26.915119,73.300449,Rain,Minor,Pedestrian,Weather,1,Police
A306695,2024-06-10,04:55,Kolkata,24.283525,68.555555,Fog,Minor,Motorcycle,Mechanical Failure,0,Citizen
A306696,2021-07-27,08:54,Hyderabad,16.594391,76.889734,Clear,Minor,Motorcycle,Weather,0,Citizen
A306697,2022-03-28,02:15,Bengaluru,13.210551,76.289724,Rain,Moderate,Motorcycle,Distracted,0,Police
A306698,2024-07-06,01:12,Mumbai,14.547506,69.317065,Rain,Minor,Car,Bad Road,1,Police
A306699,2022-04-26,03:51,Lucknow,16.964655,77.317941,Clear,Moderate,Motorcycle,Weather,0,Hospital
A306700,2023-01-05,06:39,Hyderabad,12.051284,71.86526,Clear,Minor,Car,Unknown,0,Hospital
A306701,2021-12-16,07:15,Kolkata,13.805266,70.252001,Hazy,Minor,Motorcycle,Speeding,1,Hospital
A306702,2023-05-20,21:19,Bengaluru,19.113818,69.073204,Rain,Minor,Motorcycle,Distracted,0,Police
A306703,2024-01-14,18:43,Bengaluru,24.071771,70.962789,Clear,Minor,Car,Weather,0,Police
A306704,2022-12-13,22:50,Bengaluru,24.217125,75.663339,Fog,Minor,Truck,Distracted,0,Hospital
A306705,2025-06-14,16:54,Mumbai,12.203441,77.623669,Rain,Moderate,Motorcycle,Distracted,0,Citizen
A306706,2025-06-15,16:06,Hyderabad,17.098018,74.701658,Hazy,Moderate,Car,Distracted,1,Police
A306707,2021-02-20,03:13,Chennai,15.852999,75.745759,Fog,Moderate,Motorcycle,Mechanical Failure,0,Citizen
A306708,2025-08-11,15:43,Pune,26.679759,76.867758,Clear,Severe,Motorcycle,Mechanical Failure,0,Police
A306709,2024-11-09,02:13,Hyderabad,17.379628,70.223336,Storm,Fatal,Bus,Bad Road,0,Police
A306710,2022-06-13,14:54,Kolkata,14.13251,75.528957,Clear,Moderate,Bus,Distracted,0,Hospital
A306711,2022-11-30,01:07,Mumbai,24.444769,69.344278,Hazy,Fatal,Car,Bad Road,0,Police
A306712,2024-10-19,06:17,Mumbai,15.823502,77.145011,Hazy,Moderate,Motorcycle,Distracted,1,Hospital
A306713,2023-05-13,20:50,Mumbai,27.65311,69.516403,Rain,Minor,Motorcycle,Distracted,0,Police
A306714,2023-11-02,20:10,Lucknow,26.126769,74.33958,Clear,Minor,Motorcycle,Unknown,0,Police
A306715,2025-03-09,18:25,Chennai,17.006515,73.614712,Clear,Moderate,Truck,Weather,0,Police
A306716,2023-08-12,02:58,Chennai,20.285084,76.717851,Storm,Moderate,Truck,Speeding,0,Citizen
A306717,2023-04-30,09:10,Delhi,23.930036,76.017892,Rain,Fatal,Motorcycle,Bad Road,0,Police
A306718,2022-05-24,17:47,Jaipur,8.132173,77.342074,Clear,Minor,Car,Distracted,2,Police
A306719,2023-03-27,00:51,Delhi,28.496213,76.91192,Clear,Minor,Truck,Speeding,1,Police
A306720,2024-01-02,19:38,Jaipur,26.779107,72.611286,Clear,Minor,Car,Speeding,1,Police
A306721,2021-12-18,08:25,Surat,14.927152,74.799902,Fog,Minor,Car,Drunk Driving,0,Police
A306722,2021-11-11,17:35,Surat,27.487747,69.812146,Clear,Minor,Car,Weather,1,Police
A306723,2021-03-05,17:41,Surat,12.286293,72.439814,Clear,Minor,Bicycle,Drunk Driving,0,Police
A306724,2024-08-03,02:25,,18.658105,69.591163,Clear,Minor,Motorcycle,Weather,1,Police
A306725,2022-08-05,15:11,Kolkata,10.60879,72.573423,Clear,Fatal,Motorcycle,Mechanical Failure,0,Hospital
A306726,2024-04-09,06:43,Pune,12.041578,76.877851,Fog,Minor,Motorcycle,Unknown,0,Citizen
A306727,2023-07-19,07:57,Delhi,12.360076,74.823659,Storm,Minor,Truck,Drunk Driving,0,Police
A306728,2023-01-20,03:02,Surat,15.056064,71.143955,Clear,Fatal,Car,Weather,0,Police
A306729,2022-09-11,21:30,Delhi,28.618021,70.869392,Clear,Minor,Motorcycle,Weather,2,Hospital
A306730,2022-09-04,09:47,Kolkata,10.199658,68.453668,Rain,Fatal,Car,Distracted,1,Police
A306731,2021-07-21,18:10,Lucknow,8.887963,72.31439,Fog,Minor,Bus,Drunk Driving,0,Police
A306732,2022-04-19,16:10,Jaipur,16.07071,72.770295,Clear,Minor,Motorcycle,Unknown,0,Insurance
A306733,2025-07-01,02:52,Chennai,9.421288,72.067162,Rain,Minor,Car,Bad Road,1,Police
A306734,2023-11-29,15:05,Delhi,14.055136,76.405593,Clear,Minor,Car,Unknown,0,Insurance
A306735,2021-08-08,16:41,Mumbai,19.253964,72.09173,Fog,Minor,Car,Bad Road,0,Police
A306736,2024-05-04,07:58,Bengaluru,19.359469,70.607776,Clear,Moderate,Bus,Speeding,0,Hospital
A306737,2022-10-16,00:07,Delhi,26.417063,72.778021,Rain,Moderate,Motorcycle,Distracted,0,Police
A306738,2024-01-30,09:39,Kolkata,13.669554,68.985205,Clear,Moderate,Bus,Drunk Driving,0,Police
A306739,2021-03-06,03:47,Surat,18.049589,76.376335,Rain,Minor,Car,Speeding,0,Police
A306740,2021-06-24,12:57,Delhi,16.40748,74.931837,Storm,Minor,Car,Distracted,0,Hospital
A306741,2022-02-19,02:44,Surat,10.7759,71.920339,Rain,Minor,Motorcycle,Distracted,0,Insurance
A306742,2021-02-06,11:20,Mumbai,23.361777,75.873688,Clear,Minor,Car,Distracted,0,Police
A306743,2022-09-23,03:26,Bengaluru,28.205117,76.532435,Clear,Moderate,Motorcycle,Mechanical Failure,0,Insurance
A306744,2023-06-30,15:56,Hyderabad,10.224588,70.339126,Clear,Severe,Motorcycle,Drunk Driving,0,Police
A306745,2022-11-08,06:18,Chennai,21.085559,72.299897,Clear,Severe,Car,Drunk Driving,0,Hospital
A306746,2021-10-02,20:45,Bengaluru,18.573805,72.580377,Rain,Minor,Motorcycle,Drunk Driving,0,Police
A306747,2022-01-22,21:45,Delhi,27.145261,68.503426,Clear,Minor,Motorcycle,Distracted,0,Police
A306748,2024-03-13,08:17,Chennai,10.225887,73.419868,Clear,Minor,Motorcycle,Distracted,0,Police
A306749,2021-02-28,03:17,Pune,26.641071,73.888141,Clear,Minor,Motorcycle,Drunk Driving,0,Police
A306750,2024-10-01,08:56,Pune,28.03127,77.621857,Hazy,Severe,Bicycle,Mechanical Failure,0,Police
A306751,2022-06-22,19:47,Hyderabad,24.555861,71.314335,Clear,Moderate,Pedestrian,Bad Road,0,Police
A306752,2024-10-15,01:54,Chennai,18.602565,77.673158,Rain,Minor,Truck,Drunk Driving,1,Citizen
A306753,2022-04-01,14:16,Bengaluru,19.882707,74.906745,Clear,Minor,Bus,Drunk Driving,0,Hospital
A306754,2021-07-02,13:20,,9.848104,73.123981,Clear,Minor,Motorcycle,Drunk Driving,0,Police
A306755,2023-12-23,18:36,Chennai,17.605555,71.544675,Rain,Moderate,Bus,Unknown,0,Police
A306756,2021-10-06,01:27,Pune,19.509763,69.216683,Clear,Minor,Car,Drunk Driving,1,Insurance
A306757,2022-03-12,00:21,Pune,19.341311,72.328413,Rain,Moderate,Car,Mechanical Failure,0,Citizen
A306758,2022-05-26,13:12,Kolkata,27.973958,71.195005,Rain,Minor,Motorcycle,Distracted,0,Police
A306759,2025-07-14,15:04,Pune,19.503313,73.896866,Clear,Moderate,Motorcycle,Bad Road,0,Hospital
A306760,2025-02-02,21:36,Hyderabad,26.94383,72.589365,Clear,Minor,Motorcycle,Distracted,0,Citizen
A306761,2022-08-17,05:09,Pune,19.559268,75.603553,Clear,Fatal,Motorcycle,Unknown,0,Citizen
A306762,2022-02-09,06:37,Bengaluru,20.170995,74.232729,Clear,Minor,Car,Distracted,0,Police
A306763,2024-05-30,18:38,Lucknow,10.357749,75.536998,Clear,Minor,Car,Unknown,0,Citizen
A306764,2022-10-21,03:51,Kolkata,18.186926,73.325858,Clear,Moderate,Car,Drunk Driving,0,Police
A306765,2024-03-02,10:23,Surat,16.094183,68.47902,Fog,Minor,Car,Weather,0,Police
A306766,2021-07-05,22:40,Chennai,10.254538,70.927485,Rain,Severe,Motorcycle,Unknown,0,Police
A306767,2023-12-19,22:38,Surat,8.178042,72.253992,Clear,Minor,Pedestrian,Mechanical Failure,0,Police
A306768,2022-12-07,20:36,Hyderabad,12.98706,76.146119,Rain,Minor,Motorcycle,Unknown,1,Insurance
A306769,2022-08-20,00:03,Hyderabad,23.050564,68.968168,Fog,Minor,Bicycle,Bad Road,1,Hospital
A306770,2021-05-07,20:46,Bengaluru,25.595673,70.316937,Clear,Minor,Bicycle,Drunk Driving,1,Hospital
A306771,2023-09-10,04:00,Mumbai,28.152694,69.230284,Clear,Minor,Car,Bad Road,0,Police
A306772,2023-02-06,03:26,Hyderabad,11.019289,75.853958,Clear,Minor,Motorcycle,Weather,0,Police
A306773,2023-10-28,19:19,Bengaluru,26.019839,69.237048,Storm,Moderate,Motorcycle,Weather,0,Citizen
A306774,2022-03-05,12:38,Surat,9.761478,74.041152,Rain,Minor,Bicycle,Unknown,0,Citizen
A306775,2021-11-03,10:10,Chennai,25.342773,75.194861,Fog,Minor,Motorcycle,Bad Road,0,Police
A306776,2025-06-19,14:54,Kolkata,25.564892,71.403289,Hazy,Minor,Bicycle,Bad Road,0,Police
A306777,2022-05-14,01:39,Hyderabad,22.744592,68.009758,Clear,Minor,Car,Mechanical Failure,0,Citizen
A306778,2022-08-14,12:46,Kolkata,28.315303,69.563707,Clear,Moderate,Bicycle,Weather,1,Citizen
A306779,2022-11-22,21:04,Kolkata,26.430306,72.561017,Rain,Moderate,Car,Speeding,1,Police
A306780,2023-05-31,22:33,Delhi,19.050101,68.251844,Rain,None,Motorcycle,Mechanical Failure,0,Police
A306781,2022-04-02,05:06,Kolkata,21.95217,70.007844,Rain,Minor,Car,Distracted,0,Citizen
A306782,2022-06-29,11:00,Jaipur,16.160974,75.208223,Rain,Severe,Car,Mechanical Failure,0,Police
A306783,2025-07-10,20:47,Hyderabad,13.35431,76.170311,Clear,Severe,Motorcycle,Distracted,0,Insurance
A306784,2021-03-25,17:23,Surat,26.735937,75.737846,Rain,Minor,Truck,Bad Road,0,Police
A306785,2021-12-15,01:26,Surat,28.043535,72.864704,Rain,Minor,Pedestrian,Weather,1,Police
A306786,2023-01-01,03:40,Delhi,19.466358,77.496958,Clear,Minor,Motorcycle,Weather,0,Police
A306787,2023-01-26,03:41,Lucknow,11.387575,77.632399,Rain,Moderate,Motorcycle,Drunk Driving,1,Insurance
A306788,2024-05-31,10:49,Hyderabad,12.689071,77.489159,Rain,Minor,Bus,Distracted,0,Police
A306789,2024-04-30,13:42,Lucknow,10.674499,74.956173,Fog,Minor,Car,Bad Road,0,Police
A306790,2024-07-12,19:44,Chennai,26.026644,74.412469,Clear,Severe,Motorcycle,Speeding,0,Police
A306791,2022-10-09,17:27,Mumbai,19.162543,75.430598,Fog,Minor,Motorcycle,Bad Road,1,Police
A306792,2023-12-03,14:33,Surat,28.444769,75.197291,Clear,Moderate,Pedestrian,Drunk Driving,0,Police
A306793,2023-09-02,22:06,Chennai,8.066328,69.11722,Clear,Minor,Pedestrian,Mechanical Failure,0,Hospital
A306794,2025-04-19,06:36,Surat,22.634625,69.262304,Rain,Minor,Motorcycle,Weather,0,Police
A306795,2022-10-09,02:46,Pune,13.044065,68.285591,Rain,Minor,Car,Speeding,0,Police
A306796,2023-11-01,01:12,Lucknow,10.234116,76.804925,Clear,Minor,Car,Weather,1,Police
A306797,2022-01-23,01:11,Delhi,25.676443,71.274406,Clear,Minor,Bus,Distracted,0,Citizen
A306798,2024-09-14,20:15,Lucknow,19.438102,74.448506,Clear,Minor,Motorcycle,Bad Road,1,Police
A306799,2024-10-02,20:13,Kolkata,28.317763,70.860317,Fog,Severe,Car,Drunk Driving,0,Police
A306800,2023-02-01,13:22,Bengaluru,15.362927,68.453025,Rain,Moderate,Truck,Distracted,0,Citizen
A306801,2025-06-22,01:36,Delhi,15.256032,72.50827,Rain,Moderate,Motorcycle,Unknown,1,Police
A306802,2023-04-05,17:31,Hyderabad,10.132586,73.023126,Rain,Moderate,Bicycle,Weather,0,Police
A306803,2021-08-01,16:12,Chennai,11.938773,73.424047,Clear,Minor,Car,Drunk Driving,1,Hospital
A306804,2021-07-07,07:39,Kolkata,11.31041,75.085066,Clear,Minor,Truck,Unknown,0,Police
A306805,2025-01-04,09:32,Bengaluru,10.760412,75.240192,Rain,Fatal,Motorcycle,Distracted,1,Police
A306806,2024-12-17,13:55,Delhi,13.807447,74.417059,Clear,Minor,Truck,Mechanical Failure,0,Citizen
A306807,2022-04-29,19:35,Lucknow,25.987263,69.468294,Rain,Moderate,Car,Mechanical Failure,0,Citizen
A306808,2022-11-27,14:00,Bengaluru,13.291113,77.591374,Clear,Minor,Motorcycle,Speeding,0,Police
A306809,2023-07-04,15:03,Mumbai,10.057985,73.442495,Rain,Minor,Bicycle,Bad Road,1,Police
A306810,2021-04-07,12:30,Delhi,16.00918,75.423829,Clear,Severe,Car,Drunk Driving,0,Police
A306811,2024-12-01,06:09,Surat,24.328324,69.769191,Clear,Minor,Motorcycle,Weather,0,Police
A306812,2024-05-08,17:29,Delhi,8.405033,73.069232,Rain,Minor,Motorcycle,Distracted,0,Insurance
A306813,2023-04-08,13:43,Surat,28.062468,68.192451,Clear,None,Car,Mechanical Failure,0,Citizen
A306814,2023-03-21,08:06,Jaipur,21.367747,70.299129,Clear,Moderate,Car,Mechanical Failure,0,Police
A306815,2024-05-17,03:50,Kolkata,11.564406,75.755621,Clear,Minor,Motorcycle,Mechanical Failure,1,Police
A306816,2022-07-25,15:57,Surat,10.84494,71.728826,Fog,Minor,Bus,Speeding,0,Police
A306817,2023-01-06,19:53,Kolkata,12.953064,71.525948,Fog,Minor,Motorcycle,Distracted,0,Police
A306818,2021-12-27,11:30,Lucknow,11.327689,73.024869,Fog,Minor,Car,Speeding,1,Police
A306819,2021-06-27,07:09,Delhi,17.194864,73.765468,Rain,Severe,Truck,Speeding,1,Police
A306820,2025-06-25,08:26,Surat,16.136753,69.776831,Hazy,Moderate,Car,Distracted,0,Police
A306821,2023-03-11,02:19,Surat,11.14871,75.326943,Clear,Minor,Bus,Distracted,0,Citizen
A306822,2021-07-28,13:34,Kolkata,20.920596,70.788463,Rain,Moderate,Bus,Bad Road,1,Police
A306823,2021-06-27,12:47,Kolkata,9.537031,70.763775,Rain,Minor,Motorcycle,Bad Road,0,Police
A306824,2022-09-03,16:17,Bengaluru,8.922583,77.109291,Rain,Minor,Car,Weather,1,Police
A306825,2025-04-23,21:47,Bengaluru,25.00685,71.314642,Clear,Minor,Motorcycle,Bad Road,0,Police
A306826,2022-03-28,02:37,Surat,20.441857,69.84941,Clear,Minor,Bicycle,Unknown,1,Police
A306827,2025-01-12,09:50,Lucknow,9.828573,69.008752,Rain,Moderate,Car,Distracted,1,Hospital
A306828,2023-07-20,01:41,Mumbai,15.693817,74.732898,Clear,Minor,Bus,Drunk Driving,0,Police
A306829,2023-09-18,11:47,Chennai,25.641481,68.872277,Hazy,Minor,Car,Bad Road,0,Citizen
A306830,2021-02-10,13:36,Jaipur,26.386327,75.962101,Clear,Minor,Car,Mechanical Failure,1,Citizen
A306831,2025-09-29,20:56,Pune,24.68994,70.764533,Rain,Moderate,Car,Weather,1,Hospital
A306832,2021-07-20,11:02,Pune,19.334148,70.897496,Storm,Moderate,Truck,Bad Road,0,Police
A306833,2025-03-30,03:41,Hyderabad,8.551103,70.152351,Clear,Minor,Truck,Speeding,1,Police
A306834,2021-11-23,16:42,Jaipur,25.355408,70.339528,Clear,Fatal,Car,Weather,0,Police
A306835,2025-03-28,00:50,Chennai,17.653682,75.518243,Clear,Minor,Truck,Weather,1,Police
A306836,2024-12-19,03:47,,21.321331,76.2214,Fog,Minor,Bus,Bad Road,0,Police
A306837,2021-04-19,16:00,Pune,17.485899,70.12856,Clear,Moderate,Bus,Speeding,1,Police
A306838,2024-05-13,13:29,Hyderabad,16.056558,76.570915,Rain,Severe,Motorcycle,Drunk Driving,0,Police
A306839,2025-05-31,02:23,Kolkata,9.193365,70.010848,Rain,Minor,Motorcycle,Bad Road,0,Police
A306840,2022-11-05,15:58,Chennai,26.463944,71.55517,Clear,Minor,Car,Weather,0,Police
A306841,2024-01-14,11:46,Lucknow,21.712163,76.680343,Rain,Minor,Car,Distracted,0,Hospital
A306842,2021-07-25,12:40,Chennai,20.433879,71.973488,Fog,Moderate,Car,Unknown,0,Hospital
A306843,2023-11-06,11:50,Delhi,15.355674,71.017181,Clear,Minor,Car,Bad Road,0,Police
A306844,2022-05-11,00:43,Pune,13.265843,71.320089,Fog,Minor,Bus,Weather,0,Police
A306845,2024-02-01,16:54,Hyderabad,19.432856,69.791343,Clear,Minor,Car,Mechanical Failure,0,Police
A306846,2025-03-14,06:25,Lucknow,17.411188,69.56663,Fog,Minor,Motorcycle,Unknown,0,Police
A306847,2021-03-31,00:36,Lucknow,14.744921,76.498105,Fog,Moderate,Bus,Weather,0,Police
A306848,2022-12-06,21:37,Bengaluru,22.738619,69.7365,Rain,Minor,Car,Bad Road,0,Police
A306849,2022-03-03,14:20,Surat,24.166707,68.754185,Clear,Moderate,Motorcycle,Distracted,1,Insurance
A306850,2021-01-02,07:47,Kolkata,25.928228,71.852074,Clear,Minor,Bus,Bad Road,0,Police
A306851,2021-09-08,01:16,Surat,27.416128,77.275119,Rain,Fatal,Car,Speeding,0,Police
A306852,2024-03-02,00:37,Surat,9.464938,69.76216,Hazy,Severe,Car,Weather,0,Police
A306853,2025-07-29,22:25,,19.562696,75.436136,Clear,Moderate,Motorcycle,Unknown,0,Police
A306854,2024-09-05,00:01,Jaipur,15.13222,75.536999,Rain,Minor,Bus,Speeding,1,Police
A306855,2021-04-20,02:49,Chennai,10.13321,70.418669,Hazy,Severe,Car,Bad Road,0,Police
A306856,2025-01-23,17:45,Bengaluru,9.565147,76.707612,Clear,Severe,Car,Bad Road,0,Citizen
A306857,2021-11-08,03:01,Lucknow,13.453027,75.104414,Rain,Minor,Pedestrian,Bad Road,0,Police
A306858,2024-06-22,03:50,Lucknow,22.798005,69.927112,Clear,Moderate,Motorcycle,Distracted,0,Hospital
A306859,2021-03-14,12:53,Kolkata,18.218087,70.632305,Clear,Minor,Pedestrian,Bad Road,1,Police
A306860,2024-12-02,14:58,Hyderabad,14.235451,73.024149,Hazy,Minor,Bus,Unknown,0,Police
A306861,2025-04-21,09:53,Chennai,22.986851,69.199773,Clear,Moderate,Motorcycle,Weather,0,Citizen
A306862,2024-04-16,19:03,Surat,25.53255,73.826714,Fog,Fatal,Car,Mechanical Failure,0,Citizen
A306863,2021-08-07,20:55,Mumbai,18.776307,72.145735,Rain,Moderate,Car,Drunk Driving,0,Police
A306864,2024-09-27,11:16,Jaipur,9.944821,68.440403,Rain,Minor,Truck,Mechanical Failure,1,Police
A306865,2024-10-05,15:42,Delhi,10.022857,73.974595,Clear,Minor,Bus,Weather,0,Citizen
A306866,2025-06-09,15:40,Chennai,10.222341,75.995019,Clear,Fatal,Car,Bad Road,0,Hospital
A306867,2025-06-01,12:41,Pune,28.13642,73.149733,Clear,Minor,Car,Unknown,0,Police
A306868,2024-03-04,21:41,Lucknow,28.121159,73.522282,Rain,Minor,Truck,Drunk Driving,0,Citizen
A306869,2024-09-12,09:38,Bengaluru,19.663596,75.903938,Rain,Minor,Motorcycle,Speeding,0,Hospital
A306870,2023-06-18,22:26,Jaipur,14.792978,76.413073,Clear,Minor,Bicycle,Drunk Driving,0,Police
A306871,2025-01-05,08:42,Pune,17.817225,70.884959,Hazy,Minor,Car,Mechanical Failure,0,Police
A306872,2021-04-18,16:58,Hyderabad,16.627841,76.263925,Clear,Minor,Car,Unknown,1,Police
A306873,2023-04-14,02:09,Pune,20.386392,74.770466,Clear,Minor,Pedestrian,Bad Road,0,Citizen
A306874,2023-10-14,03:09,Surat,22.014937,73.459189,Clear,Minor,Truck,Speeding,0,Police
A306875,2024-05-07,12:54,Bengaluru,26.743995,69.667911,Clear,Minor,Bus,Mechanical Failure,0,Police
A306876,2024-03-31,13:05,Chennai,17.947547,70.047535,Clear,Minor,Pedestrian,Drunk Driving,1,Hospital
A306877,2022-12-03,16:55,Lucknow,10.753215,76.121905,Clear,Moderate,Car,Speeding,0,Hospital
A306878,2024-01-23,12:09,Bengaluru,14.771714,68.194484,Clear,Minor,Car,Bad Road,0,Police
A306879,2024-10-30,15:01,Delhi,24.795805,68.589095,Rain,Minor,Pedestrian,Speeding,0,Citizen
A306880,2023-04-12,12:12,Surat,20.76271,73.836022,Clear,Minor,Truck,Drunk Driving,0,Police
A306881,2022-06-19,10:01,Bengaluru,14.534302,76.119425,Rain,Minor,Motorcycle,Unknown,0,Citizen
A306882,2024-10-26,01:21,Mumbai,12.048388,72.464012,Clear,Minor,Bus,Distracted,1,Citizen
A306883,2024-01-29,01:23,Mumbai,24.686739,70.863941,Clear,Minor,Motorcycle,Unknown,1,Police
A306884,2021-12-27,02:33,Mumbai,17.449332,71.652721,Clear,Moderate,Car,Distracted,1,Hospital
A306885,2021-08-07,14:48,Lucknow,23.257139,68.505464,Storm,Severe,Car,Weather,0,Citizen
A306886,2022-06-19,05:55,Mumbai,24.163261,68.73575,Clear,Moderate,Motorcycle,Unknown,1,Police
A306887,2023-11-05,21:56,Jaipur,15.071976,68.417917,Clear,Minor,Motorcycle,Distracted,1,Citizen
A306888,2022-07-26,00:26,Delhi,16.31447,74.335623,Clear,Moderate,Truck,Drunk Driving,0,Citizen
A306889,2023-04-24,20:22,Hyderabad,10.015053,73.311585,Clear,Minor,Motorcycle,Bad Road,1,Police
A306890,2025-01-15,04:08,Kolkata,12.81217,68.181403,Clear,Moderate,Bus,Mechanical Failure,0,Police
A306891,2021-09-24,20:48,Surat,18.426343,77.363159,Fog,Minor,Car,Unknown,0,Police
A306892,2024-01-30,20:50,Kolkata,20.570587,70.257615,Clear,Moderate,Bicycle,Weather,0,Hospital
A306893,2024-09-29,08:32,Jaipur,23.633468,75.509812,Clear,Minor,Pedestrian,Weather,1,Police
A306894,2021-06-23,20:16,Kolkata,21.657505,75.23853,Clear,Fatal,Car,Speeding,0,Police
A306895,2023-07-04,10:21,Delhi,25.06259,73.799832,Hazy,Minor,Car,Bad Road,0,Police
A306896,2023-09-28,19:11,Mumbai,11.942486,75.87056,Clear,Minor,Car,Drunk Driving,0,Police
A306897,2024-10-03,15:19,Delhi,18.441941,69.942522,Rain,Minor,Motorcycle,Speeding,0,Police
A306898,2021-06-14,02:49,Chennai,17.098674,76.747712,Clear,Fatal,Car,Drunk Driving,0,Citizen
A306899,2024-04-11,20:06,Chennai,20.062348,76.856929,Fog,Minor,Bus,Mechanical Failure,0,Police
A306900,2023-06-13,05:23,Lucknow,18.645941,69.380292,Rain,Minor,Truck,Speeding,0,Police
A306901,2023-12-04,19:01,Kolkata,15.581619,76.559435,Clear,Minor,Motorcycle,Distracted,0,Police
A306902,2025-05-11,07:32,Chennai,15.001439,70.769687,Rain,Fatal,Car,Mechanical Failure,0,Police
A306903,2024-05-19,12:03,Chennai,16.174894,71.978234,Clear,Minor,Car,Mechanical Failure,1,Police
A306904,2025-08-10,19:46,Hyderabad,15.324216,73.301742,Hazy,Moderate,Bus,Drunk Driving,0,Police
A306905,2022-01-30,12:41,Jaipur,12.747491,76.080805,Rain,Minor,Motorcycle,Speeding,0,Police
A306906,2023-05-06,15:49,Jaipur,26.331347,76.38994,Clear,Minor,Bicycle,Distracted,1,Insurance
A306907,2023-12-22,16:51,Mumbai,18.338404,71.672105,Hazy,Minor,Car,Weather,0,Police
A306908,2024-04-23,22:24,Hyderabad,27.332067,74.161717,Rain,Minor,Bus,Unknown,1,Police
A306909,2025-06-22,11:11,Surat,8.668838,68.300489,Fog,Fatal,Bicycle,Unknown,2,Police
A306910,2023-02-17,15:01,Chennai,17.2245,76.053929,Hazy,Minor,Motorcycle,Bad Road,0,Police
A306911,2023-02-18,15:58,Delhi,20.4308,77.230835,Clear,Severe,Bus,Unknown,1,Police
A306912,2023-10-07,18:26,Hyderabad,24.607286,74.745706,Rain,Minor,Car,Distracted,1,Police
A306913,2024-09-27,21:42,Jaipur,16.097353,72.854705,Clear,Severe,Car,Drunk Driving,0,Police
A306914,2025-07-29,13:20,Lucknow,28.152744,68.768948,Hazy,Fatal,Car,Speeding,0,Police
A306915,2022-05-09,01:27,Pune,11.049076,74.831876,Clear,Moderate,Car,Weather,0,Insurance
A306916,2025-04-02,15:45,Pune,21.119989,73.724448,Clear,Minor,Motorcycle,Bad Road,1,Police
A306917,2022-04-16,12:28,Surat,23.960227,72.161072,Fog,Minor,Motorcycle,Distracted,1,Police
A306918,2021-10-28,07:27,Chennai,25.959238,73.150242,Clear,Minor,Pedestrian,Drunk Driving,1,Police
A306919,2024-08-05,13:32,Lucknow,16.890111,75.5358,Snow (rare),Moderate,Truck,Weather,2,Police
A306920,2021-06-11,02:55,Hyderabad,17.268144,76.413566,Storm,Fatal,Car,Bad Road,1,Citizen
A306921,2025-05-25,04:53,Jaipur,19.825077,68.907998,Clear,Minor,Truck,Distracted,0,Police
A306922,2025-03-14,14:33,Hyderabad,14.499519,75.750958,Clear,Fatal,Car,Distracted,1,Citizen
A306923,2024-09-16,13:37,Mumbai,22.278696,71.403161,Clear,Moderate,Bus,Drunk Driving,0,Police
A306924,2023-03-09,09:57,Mumbai,28.114389,72.086707,Clear,Moderate,Bus,Mechanical Failure,0,Police
A306925,2022-12-13,06:55,Bengaluru,22.800004,75.449214,Rain,Minor,Bus,Weather,0,Police
A306926,2021-01-08,12:16,Delhi,17.453521,75.740338,Clear,Minor,Car,Bad Road,1,Police
A306927,2024-07-16,19:25,Hyderabad,27.403588,68.490191,Clear,Minor,Car,Mechanical Failure,2,Citizen
A306928,2025-08-07,07:57,Surat,28.661489,73.993592,Rain,Moderate,Car,Distracted,1,Police
A306929,2025-04-13,03:20,Surat,28.635074,69.953153,Clear,Moderate,Bus,Distracted,0,Hospital
A306930,2022-04-05,05:07,Mumbai,14.947559,75.164045,Rain,Minor,Motorcycle,Mechanical Failure,0,Insurance
A306931,2022-03-26,19:53,Surat,10.072741,75.465527,Rain,Minor,Motorcycle,Unknown,0,Police
A306932,2025-02-28,20:27,Pune,26.476259,77.019629,Fog,Minor,Car,Bad Road,1,Police
A306933,2021-05-21,02:51,Delhi,14.704901,70.969208,Clear,Minor,Car,Distracted,0,Citizen
A306934,2022-04-30,15:27,Kolkata,24.761421,75.140122,Storm,Moderate,Car,Distracted,0,Police
A306935,2023-07-15,15:32,Jaipur,15.197987,76.630418,Clear,Minor,Bus,Drunk Driving,1,Citizen
A306936,2021-06-28,05:04,Surat,8.995916,69.875964,Clear,Fatal,Motorcycle,Mechanical Failure,0,Citizen
A306937,2021-03-17,01:12,Lucknow,25.483304,73.195663,Clear,Moderate,Car,Mechanical Failure,0,Police
A306938,2025-06-03,12:31,Surat,21.83185,71.169589,Clear,Moderate,Motorcycle,Distracted,0,Police
A306939,2021-02-04,01:06,Kolkata,28.418829,76.436616,Hazy,Minor,Car,Distracted,1,Police
A306940,2021-04-26,02:57,Lucknow,14.098519,74.111438,Rain,Moderate,Motorcycle,Mechanical Failure,1,Police
A306941,2024-11-14,05:53,Kolkata,8.402277,68.658858,Rain,Minor,Car,Speeding,0,Police
A306942,2024-03-04,03:37,Delhi,22.534373,70.809872,Rain,Minor,Motorcycle,Drunk Driving,0,Police
A306943,2023-12-02,01:24,Bengaluru,17.86689,76.704264,Clear,Minor,Pedestrian,Weather,0,Police
A306944,2025-01-11,03:55,Surat,28.101499,73.242787,Clear,Minor,Motorcycle,Unknown,0,Police
A306945,2022-08-25,12:24,Delhi,25.845363,68.111363,Clear,Minor,Car,Drunk Driving,0,Police
A306946,2024-11-13,21:13,Delhi,12.660258,73.384839,Hazy,Minor,Truck,Mechanical Failure,0,Citizen
A306947,2022-09-16,12:03,Surat,28.183749,69.332559,Clear,Minor,Bicycle,Drunk Driving,0,Police
A306948,2022-06-30,17:53,Hyderabad,16.360123,73.646978,Clear,Moderate,Bus,Speeding,0,Police
A306949,2025-07-23,12:28,Kolkata,15.564796,73.384341,Clear,Moderate,Bus,Drunk Driving,0,Police
A306950,2021-02-22,17:04,Surat,10.348627,68.790721,Clear,Minor,Truck,Drunk Driving,1,Citizen
A306951,2022-01-31,09:26,Delhi,25.629554,70.316586,Clear,Moderate,Car,Distracted,0,Citizen
A306952,2021-08-15,15:44,Mumbai,20.721234,69.662535,Rain,Minor,Car,Distracted,2,Hospital
A306953,2024-03-31,01:19,Kolkata,18.573906,71.354688,Clear,Moderate,Bus,Weather,0,Police
A306954,2023-08-28,14:23,Kolkata,27.017,76.610239,Clear,Minor,Bus,Distracted,1,Police
A306955,2025-01-12,18:52,Delhi,23.37272,73.779738,Snow (rare),Minor,Motorcycle,Bad Road,0,Citizen
A306956,2024-09-29,11:09,Pune,25.514237,70.703895,Storm,Severe,Truck,Mechanical Failure,1,Police
A306957,2024-06-04,11:32,Bengaluru,21.494433,73.205946,Rain,Minor,Bus,Distracted,0,Police
A306958,2024-02-20,06:34,Surat,25.233768,75.818486,Clear,Minor,Car,Mechanical Failure,0,Citizen
A306959,2025-09-01,09:46,Surat,8.867551,75.535956,Clear,Minor,Car,Mechanical Failure,0,Hospital
A306960,2023-11-24,20:05,Bengaluru,20.238051,77.570788,Rain,Minor,Car,Mechanical Failure,0,Police
A306961,2025-07-22,03:40,Lucknow,20.192667,69.491766,Clear,Moderate,Motorcycle,Mechanical Failure,0,Citizen
A306962,2023-07-19,00:31,,11.607721,74.339646,Clear,Moderate,Motorcycle,Speeding,1,Police
A306963,2023-01-10,22:39,Bengaluru,10.356475,72.986267,Clear,Minor,Motorcycle,Unknown,0,Hospital
A306964,2022-05-22,04:54,Mumbai,21.19665,72.150798,Clear,Minor,Car,Unknown,1,Police
A306965,2021-12-09,17:23,Bengaluru,24.195387,74.132181,Clear,Minor,Bicycle,Distracted,0,Citizen
A306966,2023-01-17,17:24,Lucknow,13.244839,77.688348,Clear,Moderate,Car,Bad Road,0,Police
A306967,2021-11-10,07:50,Bengaluru,9.862119,76.707515,Clear,Fatal,Car,Distracted,0,Police
A306968,2023-08-28,02:21,Mumbai,16.082169,73.642721,Hazy,Minor,Motorcycle,Distracted,0,Police
A306969,2022-01-13,01:40,Pune,24.904823,68.669455,Clear,Moderate,Motorcycle,Distracted,1,Police
A306970,2024-10-23,21:17,Mumbai,8.182139,76.390512,Clear,Moderate,Bicycle,Mechanical Failure,0,Citizen
A306971,2021-02-19,11:48,Hyderabad,22.938151,69.841391,Fog,Minor,Car,Speeding,1,Police
A306972,2021-02-07,09:11,Hyderabad,19.654757,74.388221,Clear,Severe,Truck,Mechanical Failure,0,Police
A306973,2023-07-28,06:14,Delhi,22.641434,74.860595,Clear,Minor,Car,Weather,1,Police
A306974,2023-11-25,13:44,Surat,9.905314,73.776047,Clear,Minor,Pedestrian,Weather,0,Hospital
A306975,2023-03-23,16:35,Jaipur,20.022747,68.714819,Clear,Severe,Truck,Bad Road,0,Citizen
A306976,2023-09-24,15:50,Lucknow,28.294792,75.949934,Clear,Minor,Car,Drunk Driving,0,Police
A306977,2021-12-30,13:07,Hyderabad,11.708677,71.334692,Clear,Minor,Car,Speeding,0,Citizen
A306978,2021-06-25,10:14,Jaipur,8.096356,68.916374,Fog,Minor,Motorcycle,Drunk Driving,0,Citizen
A306979,2025-03-04,21:56,Delhi,8.008903,75.359782,Rain,Severe,Car,Distracted,1,Police
A306980,2022-02-05,01:49,Kolkata,24.132843,71.030285,Storm,Minor,Motorcycle,Distracted,0,Citizen
A306981,2023-09-06,05:01,Kolkata,14.306982,69.077967,Clear,Minor,Car,Weather,0,Police
A306982,2025-04-25,13:13,Lucknow,9.981263,68.589154,Rain,Minor,Motorcycle,Bad Road,0,Police
A306983,2021-03-24,06:45,Surat,23.232329,77.590912,Rain,Minor,Pedestrian,Drunk Driving,0,Police
A306984,2022-03-28,09:19,Bengaluru,23.286852,76.024179,Clear,Minor,Bus,Drunk Driving,1,Hospital
A306985,2025-02-02,14:33,Bengaluru,18.144154,75.482515,Clear,Minor,Car,Drunk Driving,0,Police
A306986,2022-02-28,09:15,Mumbai,28.009516,72.871927,Snow (rare),Minor,Motorcycle,Mechanical Failure,0,Police
A306987,2021-08-06,16:17,Chennai,12.956415,70.066501,Clear,Moderate,Car,Speeding,0,Police
A306988,2024-03-22,17:08,Delhi,16.703768,75.762725,Rain,Moderate,Car,Speeding,0,Citizen
A306989,2021-03-15,10:49,Hyderabad,13.400847,74.171239,Rain,Severe,Motorcycle,Unknown,0,Police
A306990,2023-02-12,00:51,Jaipur,23.487012,74.173098,Clear,Minor,Car,Drunk Driving,0,Police
A306991,2025-02-20,13:48,Lucknow,28.219761,70.531013,Rain,Minor,Motorcycle,Speeding,1,Police
A306992,2022-12-28,21:45,Hyderabad,12.202139,68.808697,Rain,Minor,Motorcycle,Weather,0,Police
A306993,2024-03-13,15:10,Chennai,14.022544,69.047008,Fog,Minor,Bus,Drunk Driving,0,Citizen
A306994,2025-08-19,22:24,Bengaluru,27.562064,68.864284,Clear,Moderate,Motorcycle,Drunk Driving,0,Police
A306995,2023-04-07,20:13,Pune,12.764977,77.099184,Storm,Moderate,Motorcycle,Mechanical Failure,0,Police
A306996,2022-11-21,16:35,Kolkata,22.337255,69.0001,Clear,Minor,Car,Weather,0,Police
A306997,2023-06-18,16:10,Chennai,22.682318,72.860578,Fog,Moderate,Motorcycle,Drunk Driving,0,Police
A306998,2024-01-22,19:44,Chennai,14.135549,73.139777,Rain,Minor,Motorcycle,Weather,0,Police
A306999,2021-01-27,06:22,Lucknow,21.454262,75.071298,Rain,Moderate,Motorcycle,Mechanical Failure,0,Police
